time	V_in
0.00000000000000000E0	1.26138227648327828E-66
1.00000000000000067E-11	1.30622470700579196E-66
2.00000000000000133E-11	1.35900322440893206E-66
5.00000000000000355E-11	1.57300377936777536E-66
1.40000000000000036E-10	2.58462021423554500E-66
4.10000000000000053E-10	1.19554761140182575E-65
7.39962022041366652E-10	7.63092080109689519E-65
1.36123446998136477E-9	2.45428065902942727E-63
2.31185457572045161E-9	4.51509806518495349E-61
3.31185457572045205E-9	9.71090858823913727E-59
4.31185457572045205E-9	1.87042741972856597E-56
5.31185457572045117E-9	3.23663815770163144E-54
6.31185457572044939E-9	5.03162206250169408E-52
7.31185457572045028E-9	7.02720837572911883E-50
8.31185457572045117E-9	8.81696151264638850E-48
9.31185457572045117E-9	9.93840579133394897E-46
1.03118545757204516E-8	1.00641379777292728E-43
1.13118545757204547E-8	9.15585625745669063E-42
1.23118545757204556E-8	7.48314859545374933E-40
1.33118545757204587E-8	5.49456521064928971E-38
1.43118545757204574E-8	3.62448614009468262E-36
1.53118545757204538E-8	2.14795087623048442E-34
1.63118545757204525E-8	1.14358311190835282E-32
1.73118545757204534E-8	5.46987451224261179E-31
1.83118545757204543E-8	2.35046640444609078E-29
1.93118545757204485E-8	9.07399765638424149E-28
2.03118545757204494E-8	3.14711158347879039E-26
2.13118545757204503E-8	9.80608102957712724E-25
2.23118545757204512E-8	2.74504659047933064E-23
2.33118545757204521E-8	6.90360551651186238E-22
2.43118545757204441E-8	1.55982314024320168E-20
2.53118545757204449E-8	3.16627815155753467E-19
2.63118545757204370E-8	5.77428565159065155E-18
2.73118545757204423E-8	9.46071876252497290E-17
2.83118545757204343E-8	1.39260453318939481E-15
2.93118545757204352E-8	1.84166377815049787E-14
3.03118545757204405E-8	2.18812793964526664E-13
3.13118545757204458E-8	2.33569263156724327E-12
3.23118545757204423E-8	2.23995788916098126E-11
3.33118545757204476E-8	1.92994744726416845E-10
3.43118545757204441E-8	1.49393774715759653E-9
3.53118545757204538E-8	1.03896373367467176E-8
3.63118545757204458E-8	6.49154557582840130E-8
3.73118545757204600E-8	3.64396370039316597E-7
3.83118545757204609E-8	1.83770548022933733E-6
3.93118545757204574E-8	8.32627534504716671E-6
4.03118545757204583E-8	3.38918295704341288E-5
4.13118545757204547E-8	1.23937997438189407E-4
4.23118545757204600E-8	4.07168894208907872E-4
4.33118545757204654E-8	1.20171289936151737E-3
4.43118545757204707E-8	3.18624066712261644E-3
4.53118545757204849E-8	7.58935382311125561E-3
4.63118545757204636E-8	1.62396874505476596E-2
4.73118545757204778E-8	3.12174732875248884E-2
4.83118545757204831E-8	5.39098817867285529E-2
4.93118545757204796E-8	8.36364405653359810E-2
5.03118545757204938E-8	1.16570034231348751E-1
5.13118545757204991E-8	1.45965730461377396E-1
5.23118545757204956E-8	1.64210685398593492E-1
5.33118545757205098E-8	1.65995482286208440E-1
5.43118545757204974E-8	1.50876882458893302E-1
5.52677873095730376E-8	1.25025698996856249E-1
5.61839141460159119E-8	9.64354727391473077E-2
5.71211675488545012E-8	7.05488374857476508E-2
5.80276576653696363E-8	5.44569249627345187E-2
5.89309346067253070E-8	5.14764969666627259E-2
5.98000023057072028E-8	6.34671706474297537E-2
6.06826439819819896E-8	9.16529378196100808E-2
6.15916556327682851E-8	1.36577927767051777E-1
6.25280009674065873E-8	1.94662843798091334E-1
6.35280009674065749E-8	2.59090226372709997E-1
6.44824833601109226E-8	3.08667678988936434E-1
6.54824833601109102E-8	3.33802614953558763E-1
6.64476101077722703E-8	3.25068721680641604E-1
6.74476101077722490E-8	2.84046488651876139E-1
6.84220358203471601E-8	2.24573273525115136E-1
6.93435525289725341E-8	1.63211894261057555E-1
7.02999528203987190E-8	1.06351208061926727E-1
7.11940005891888994E-8	6.49781487124828416E-2
7.21137625260914827E-8	3.56441316915892825E-2
7.24000000000000021E-8	2.91258460479730807E-2
7.24680580307653255E-8	2.76926128012843220E-2
7.26128836843813996E-8	2.48130993951149614E-2
7.29894684944784444E-8	1.84585750416855188E-2
7.36788544788847233E-8	1.04345103450083099E-2
7.41757786930249452E-8	6.63166035831619904E-3
7.46312421953026117E-8	4.28851457676665504E-3
7.56312421953026170E-8	1.33643383715264275E-3
7.61486447807313471E-8	6.31277395430352151E-4
7.65705686117997697E-8	2.55250859018169418E-4
7.69555193313555996E-8	-2.38234067840193831E-5
7.71935712689719278E-8	-2.17130681064698994E-4
7.73126476024051357E-8	-2.97803298862679622E-4
7.73998706746676390E-8	-2.54394795950465591E-4
7.74737132421237717E-8	-4.23673646894003042E-4
7.75293661099373477E-8	-3.17943214742453151E-4
7.75626071331814071E-8	-4.32703513459896971E-4
7.76382705281317698E-8	-4.01307369173292372E-4
7.76801422973177669E-8	-4.81735570393060630E-4
7.77527527572785448E-8	-4.28991019486193448E-4
7.78045909889851206E-8	-4.82228038440712226E-4
7.78471533325108656E-8	-4.53196605342573555E-4
7.79040164798214896E-8	-4.85214348991257971E-4
7.79596634188595150E-8	-4.20623334052355879E-4
7.80513816767302604E-8	-4.70291803259312147E-4
7.81032804798014268E-8	-4.07379937035933537E-4
7.81559234521827495E-8	-4.06280107653773115E-4
7.82164644048080593E-8	-4.52220013388231479E-4
7.83133868329127125E-8	-3.41254378816408810E-4
7.83654789466842860E-8	-1.96889328071592340E-4
7.84199160709045984E-8	-3.87821473190167731E-4
7.84836983239259922E-8	-2.80614294399872222E-4
7.85598553977249026E-8	-3.14474788921392356E-4
7.86101992728105259E-8	-3.87976740272906673E-4
7.86635755365079437E-8	-4.46462386279206491E-4
7.87290980044556932E-8	-5.04537104100723788E-4
7.88228521147470218E-8	-5.28823488257668206E-4
7.88753305303895580E-8	-6.17190383351975669E-4
7.89000000000000146E-8	-5.16382723155016965E-4
7.89063683735558286E-8	-5.21513577907099979E-4
7.89163449952435769E-8	-5.17369803681067975E-4
7.89462748603068043E-8	-5.16268165160167847E-4
7.90136958868622230E-8	-6.37042676606040814E-4
7.90611330526093692E-8	-6.11271823190836638E-4
7.91088018729766418E-8	-6.49242230234246165E-4
7.91624804907884716E-8	-7.91929198363452880E-4
7.92318201643297382E-8	-8.68697875828183896E-4
7.92882509836129756E-8	-8.33990407979163884E-4
7.93325354554637485E-8	-6.88493702639329186E-4
7.93834415751718048E-8	-7.94456253606451668E-4
7.94414719609689612E-8	-9.64838731662691451E-4
7.95425248067728674E-8	-9.86988741745495268E-4
7.95999320248460407E-8	-1.09868063487429879E-3
7.96535111976033505E-8	-1.21643131537693705E-3
7.97115529676469770E-8	-1.27240467477231523E-3
7.97699135005182658E-8	-1.26221178214108187E-3
7.98186473071214131E-8	-1.27644867110167559E-3
7.98667913770973570E-8	-1.18868253720303185E-3
7.99231537162328642E-8	-1.06386598606835614E-3
7.99941362805350842E-8	-1.08076414702439472E-3
8.00671134902258785E-8	-9.92152915594080653E-4
8.01181141989548884E-8	-1.03413528830326751E-3
8.01724357384399511E-8	-1.08058984335392472E-3
8.02423728641155698E-8	-1.06552244566613186E-3
8.03189225602771550E-8	-7.34539419084821965E-4
8.03698258064092030E-8	-6.77777621836787070E-4
8.04246896279553525E-8	-8.32211424727546856E-4
8.04937852757774763E-8	-8.77219891921147621E-4
8.05656885484489749E-8	-8.64445936412928972E-4
8.06162239916240964E-8	-1.02714161317223573E-3
8.06704483298787700E-8	-1.15337391910450693E-3
8.07393204561679667E-8	-1.24177668607617520E-3
8.08183232703352061E-8	-1.27758312316557210E-3
8.08693757791587231E-8	-1.16215809440994589E-3
8.09241457837187639E-8	-1.15737820988795503E-3
8.09926408431816469E-8	-1.21715083181543826E-3
8.10651676101643837E-8	-1.36065511312370280E-3
8.11156762550120902E-8	-1.51979974858077060E-3
8.11698431909114859E-8	-1.75144699681439819E-3
8.12382997708070498E-8	-1.92312359590828819E-3
8.13182031345577272E-8	-1.90489945692566653E-3
8.13693079766082583E-8	-2.03398444571951265E-3
8.14240629737075849E-8	-2.34216923427730750E-3
8.14923741029646997E-8	-2.57151077918434190E-3
8.15649614754891417E-8	-2.70706696327683716E-3
8.16154548995499773E-8	-2.88264772092845867E-3
8.16695915955352092E-8	-3.03041243852291231E-3
8.17379395846299595E-8	-3.08039248746373939E-3
8.18182781643166201E-8	-2.92769020946994551E-3
8.18694168319200344E-8	-2.75089842720505828E-3
8.19241834262429514E-8	-2.60606537515594594E-3
8.19924647780849547E-8	-2.47954687062575907E-3
8.20648724986951095E-8	-2.39356928121946666E-3
8.21153513165635474E-8	-2.37457054393094147E-3
8.21694679919132476E-8	-2.36993746322850463E-3
8.22378215340291341E-8	-2.25674281077413230E-3
8.22937133207368454E-8	-2.07156315499702748E-3
8.23392003390580207E-8	-1.94928829348199706E-3
8.23907754355733779E-8	-1.97504563091782881E-3
8.24505292762298936E-8	-2.07922755630451395E-3
8.25057664172270577E-8	-2.06921867786421521E-3
8.25609392809628062E-8	-2.10638575214953327E-3
8.26086231219444045E-8	-2.21673771708399414E-3
8.26629136262304876E-8	-2.36813619164007561E-3
8.27291886054701919E-8	-2.49510835801488895E-3
8.28192067136141219E-8	-2.56827127555671098E-3
8.28715027139732996E-8	-2.63168104698280292E-3
8.29262303437804960E-8	-2.76746920501254534E-3
8.29943862288891232E-8	-3.02281336785420063E-3
8.30648612728545643E-8	-3.34467852296895751E-3
8.31151681467133585E-8	-3.60044043205980735E-3
8.31692627766519266E-8	-3.91171744022957357E-3
8.32379175701093565E-8	-4.27512035931033285E-3
8.32927195923056019E-8	-4.54016284691390037E-3
8.33378827243932996E-8	-4.79153918275692892E-3
8.33893122849774926E-8	-5.14051242525388385E-3
8.34703003167905777E-8	-5.63245149617141561E-3
8.35752826620636569E-8	-5.99092973184468391E-3
8.36312990717259730E-8	-6.13236001642402506E-3
8.36865113398634719E-8	-6.18669582486366476E-3
8.37573127111510729E-8	-6.08801886688509875E-3
8.38189450384276746E-8	-5.92960888552855714E-3
8.38693417545169417E-8	-5.78239557676267069E-3
8.39237132104850936E-8	-5.61346092542534070E-3
8.39978559831871507E-8	-5.36102683953675907E-3
8.40733040469102022E-8	-5.04587494273597859E-3
8.41245289630944626E-8	-4.83108843459834603E-3
8.41799801705244732E-8	-4.64175199279659445E-3
8.42516329459426494E-8	-4.41492698879644418E-3
8.43178617483942006E-8	-4.31062335767936489E-3
8.43684446315366010E-8	-4.27698823664809780E-3
8.44227578245352817E-8	-4.29346874376619780E-3
8.45071373755605038E-8	-4.31821219160754666E-3
8.45948210962899338E-8	-4.40078147894150984E-3
8.46487571878961020E-8	-4.50662053302657917E-3
8.47052903579965921E-8	-4.64579247303865017E-3
8.47904400172203410E-8	-4.95587054234234525E-3
8.48400786198698142E-8	-5.23104378458191199E-3
8.48925208449729851E-8	-5.58415182818643885E-3
8.49497122798214477E-8	-6.03139168515882851E-3
8.50098936809899008E-8	-6.50641055599047835E-3
8.50663031807610537E-8	-6.95159678349203691E-3
8.51144109828090123E-8	-7.33165714359098786E-3
8.51701220272747150E-8	-7.79486473989590856E-3
8.52379561608272418E-8	-8.38214933192731237E-3
8.53137853201019780E-8	-9.04670010080465836E-3
8.53646673660003863E-8	-9.44130428323727777E-3
8.54185763534476195E-8	-9.78480135944907126E-3
8.54862976788148821E-8	-1.01091607118672022E-2
8.55653612939851627E-8	-1.03293392247625038E-2
8.56160029362010455E-8	-1.03602299719809521E-2
8.56705730736905657E-8	-1.03337334919367185E-2
8.57549657419526845E-8	-1.01567992260575179E-2
8.58108060963039776E-8	-9.99363205010363131E-3
8.58606255938683383E-8	-9.81704078793772439E-3
8.59140009807930305E-8	-9.60510715248361002E-3
8.59837466807573136E-8	-9.23844584387891743E-3
8.60782678535239221E-8	-8.60391328009115952E-3
8.61311398512583182E-8	-8.24820401718261387E-3
8.61868501042910040E-8	-7.93272000416402889E-3
8.62863123317688085E-8	-7.58176413615074551E-3
8.63444916377317995E-8	-7.47879602162926371E-3
8.63983531628186263E-8	-7.45780660918081573E-3
8.64545717161686156E-8	-7.51053401602360804E-3
8.65355439335395360E-8	-7.71897314522933620E-3
8.65882236682246997E-8	-7.87703421012087102E-3
8.66391781766283486E-8	-8.10016286920511241E-3
8.66983362255536605E-8	-8.46238308971303432E-3
8.67862805548390526E-8	-9.15306063992424868E-3
8.68393206308722831E-8	-9.66360453689267729E-3
8.68921386745342517E-8	-1.02236207293911718E-2
8.69485797908731861E-8	-1.08397403060618047E-2
8.70091569739357951E-8	-1.14460090678800808E-2
8.70669735266147171E-8	-1.20576003315914648E-2
8.71149870689485972E-8	-1.25570237790865069E-2
8.71710815216247781E-8	-1.31606254989738414E-2
8.72383366391279402E-8	-1.38875820413737339E-2
8.73477934664396471E-8	-1.48467017546939983E-2
8.74031358481536813E-8	-1.51742174471210522E-2
8.74588451571059800E-8	-1.54094673857690490E-2
8.75432524892628727E-8	-1.55507393299851215E-2
8.75912299546092399E-8	-1.54993372018113362E-2
8.76435754215173013E-8	-1.54102447127481557E-2
8.77013283697806223E-8	-1.52710234726317862E-2
8.77828850864004195E-8	-1.49893306267498883E-2
8.78362572761867177E-8	-1.47547827123418918E-2
8.78877030372964185E-8	-1.44920614000467074E-2
8.79453734687947275E-8	-1.40981821721981149E-2
8.80418027799913006E-8	-1.33973881176567788E-2
8.80967854226240910E-8	-1.30354478963245590E-2
8.81500719417822509E-8	-1.27688408705286482E-2
8.82076611305618385E-8	-1.25600045365932611E-2
8.82629910187224453E-8	-1.24390350763773094E-2
8.83145678453248806E-8	-1.23742616458755239E-2
8.83619260879998869E-8	-1.23235352512014584E-2
8.84177688245147131E-8	-1.23831857215496655E-2
8.84945874031986257E-8	-1.26108546753043504E-2
8.85810909712323991E-8	-1.30556836239107987E-2
8.86346947421790077E-8	-1.34698910224267032E-2
8.86899660518834487E-8	-1.40201284647535607E-2
8.87916753849362550E-8	-1.51666301881832499E-2
8.88496862660532294E-8	-1.58607950580815094E-2
8.89032401886256807E-8	-1.64400652356038224E-2
8.89611301911222263E-8	-1.70355851496044552E-2
8.90193324357801785E-8	-1.76300995522322035E-2
8.90683394468935674E-8	-1.81343036483146269E-2
8.91164259525196201E-8	-1.86234006943079500E-2
8.91727439953193191E-8	-1.91838924563923552E-2
8.92433863414143858E-8	-1.97832990625526328E-2
8.93413660596692338E-8	-2.03887040241783479E-2
8.93956787164042410E-8	-2.06119911015666535E-2
8.94515446663353231E-8	-2.07848085660983228E-2
8.95429210839708034E-8	-2.08784721062166989E-2
8.95944896526514256E-8	-2.08397696379131769E-2
8.96474070607909468E-8	-2.07636206372926591E-2
8.97239740587621526E-8	-2.05447071806914838E-2
8.98195069762676646E-8	-2.00931909809552689E-2
8.98740761706885394E-8	-1.97522581788799956E-2
8.99286140299532200E-8	-1.93649219460723554E-2
8.99981732486880404E-8	-1.89103321406873759E-2
9.00683908958191104E-8	-1.85490985885759452E-2
9.01187089999628910E-8	-1.83635766238753861E-2
9.01735287448557088E-8	-1.82316115726357930E-2
9.02432692309307605E-8	-1.81775043698633176E-2
9.03466945258865550E-8	-1.82819850279297258E-2
9.04012348606295646E-8	-1.84419832757587021E-2
9.04573585389331569E-8	-1.86724077829270074E-2
9.05575889245259269E-8	-1.92045832253182924E-2
9.06091666973876642E-8	-1.95561400544798647E-2
9.06635092805626819E-8	-1.99980849446452336E-2
9.07244072946286018E-8	-2.05260402911397932E-2
9.08177238224054406E-8	-2.13776507964902374E-2
9.08707688061934604E-8	-2.18683781467486638E-2
9.09248688228905877E-8	-2.23571318221958037E-2
9.09936276844462455E-8	-2.29992252699675959E-2
9.10684801516799247E-8	-2.36741448148231370E-2
9.11189916208849837E-8	-2.40782624565633885E-2
9.11739220490723135E-8	-2.44542500447338096E-2
9.12425716021375344E-8	-2.48368837765937212E-2
9.13149412747421785E-8	-2.51537134940392626E-2
9.13654870620356974E-8	-2.53262331193943790E-2
9.14195831421901595E-8	-2.54518797244868011E-2
9.15060693918593948E-8	-2.55342740033252991E-2
9.15996415359879990E-8	-2.55136403359421893E-2
9.16543104993267654E-8	-2.54499998176957520E-2
9.17108594232916907E-8	-2.53306775478030133E-2
9.18032116663621700E-8	-2.50503225875623770E-2
9.18534792654446974E-8	-2.48615103609785049E-2
9.19071609560445069E-8	-2.46461200039595374E-2
9.19669229060503213E-8	-2.44251388891859289E-2
9.20665646722035369E-8	-2.41404433803702734E-2
9.21200010451947371E-8	-2.40235862142022683E-2
9.21742938602931261E-8	-2.39482553165647927E-2
9.22411038032618080E-8	-2.39176071431343074E-2
9.23152464890477020E-8	-2.39635233520683855E-2
9.23655850488062136E-8	-2.40521372816945345E-2
9.24199284631558626E-8	-2.42028058446854599E-2
9.25133855018340867E-8	-2.45671327777869397E-2
9.26115871897007992E-8	-2.50589429162734412E-2
9.26670204798151431E-8	-2.53466948110732471E-2
9.27257962872907271E-8	-2.56506152843894242E-2
9.28196288578358164E-8	-2.61386084869920410E-2
9.28717572491417798E-8	-2.64296991014055305E-2
9.29265506513257655E-8	-2.67466189248574571E-2
9.29941706073410757E-8	-2.71575882823943449E-2
9.30637657923497486E-8	-2.75650068790424729E-2
9.31139826973781481E-8	-2.78266282677495180E-2
9.31678452093533416E-8	-2.80700882269320662E-2
9.32363249308634146E-8	-2.83423146506836510E-2
9.33205107437204084E-8	-2.86189288674516051E-2
9.33720616561575056E-8	-2.87642222288129545E-2
9.34271174756104372E-8	-2.88912321056806354E-2
9.34958957895669052E-8	-2.90076688611102362E-2
9.35969134994223495E-8	-2.90587336470313806E-2
9.36514481366725704E-8	-2.90142677844845576E-2
9.37074755811768156E-8	-2.89388331458190651E-2
9.38059392022728922E-8	-2.87683607389260354E-2
9.38574878242352995E-8	-2.86907724879227155E-2
9.39114786344369179E-8	-2.86179627468671161E-2
9.39722930435630310E-8	-2.85445157397641358E-2
9.40617860301020059E-8	-2.84199357470664626E-2
9.41137108587064475E-8	-2.83335211793710684E-2
9.41674773254121966E-8	-2.82398879592091268E-2
9.42328804112039364E-8	-2.81302936023006867E-2
9.43178860317964229E-8	-2.80216188332699989E-2
9.43692343440364390E-8	-2.79923950554887835E-2
9.44239764097713064E-8	-2.79950738864173720E-2
9.44913821984919799E-8	-2.80245807693322835E-2
9.45916160032461129E-8	-2.81069047026627539E-2
9.46459030441544868E-8	-2.81781476905370543E-2
9.47017371983870859E-8	-2.82827925791683210E-2
9.48039442582031455E-8	-2.85549987267693917E-2
9.48559083089132393E-8	-2.87246162622299739E-2
9.49099424236673350E-8	-2.88970926607913947E-2
9.49698157911602792E-8	-2.90721574192782617E-2
9.50275714720754294E-8	-2.92230380616203611E-2
9.50719770397135377E-8	-2.93283728842600233E-2
9.51200607026578204E-8	-2.94450836984679576E-2
9.51781848054380752E-8	-2.95991631978294523E-2
9.52508677307048579E-8	-2.98047948739934609E-2
9.53183843500714545E-8	-3.00154527189610443E-2
9.53693887219701608E-8	-3.01696153154856317E-2
9.54236388152492765E-8	-3.03185875492246693E-2
9.54963792938324829E-8	-3.04606177448222759E-2
9.55981611957052380E-8	-3.05717574167734929E-2
9.56523475944521451E-8	-3.05883857720108354E-2
9.57088946251673534E-8	-3.05685367074428127E-2
9.58098113250236416E-8	-3.04888046710872818E-2
9.58612094252063152E-8	-3.04130934553039722E-2
9.59159515358861192E-8	-3.03118022145136123E-2
9.59770794819391071E-8	-3.01658258875656893E-2
9.60543123500129425E-8	-2.99669133873574856E-2
9.61047984167817759E-8	-2.98309154379632302E-2
9.61571731727787338E-8	-2.96859756232002336E-2
9.62214315168878542E-8	-2.94928295050469824E-2
9.62778087439703256E-8	-2.93239302456711481E-2
9.63194617622237814E-8	-2.91955472468620947E-2
9.63690157999083041E-8	-2.90439761998963686E-2
9.64454684599502166E-8	-2.88163582127523421E-2
9.65061950877032793E-8	-2.86597907240081184E-2
9.65700700348092056E-8	-2.85152653601702344E-2
9.66197947448227445E-8	-2.84383734348515160E-2
9.66757825731916398E-8	-2.83767565780990338E-2
9.67454785388807181E-8	-2.83615917963558273E-2
9.68453966642801412E-8	-2.84035403318097668E-2
9.68999923632740057E-8	-2.84580108124308140E-2
9.69558970567576495E-8	-2.85325222774646070E-2
9.70132298367789581E-8	-2.86221316382930890E-2
9.70643236555349453E-8	-2.87219532191296745E-2
9.71123915470210086E-8	-2.88231993063747760E-2
9.71671591041899774E-8	-2.89431320773693601E-2
9.72365452813895814E-8	-2.90918857024623945E-2
9.73190379507795100E-8	-2.92611780488676798E-2
9.73706703406381102E-8	-2.93488375688428293E-2
9.74254183497969706E-8	-2.94311673190523981E-2
9.74942600025146788E-8	-2.95087345519155564E-2
9.75656923102835805E-8	-2.95535248065016676E-2
9.76161388376890926E-8	-2.95591998688302127E-2
9.76703844232719298E-8	-2.95426941696911927E-2
9.77392304955416513E-8	-2.94818109343570667E-2
9.78370081435742023E-8	-2.93206777491863768E-2
9.78907203984133112E-8	-2.91905590199292631E-2
9.79466362255071310E-8	-2.90237116292204078E-2
9.80006348062065413E-8	-2.88243267164793693E-2
9.80563778951449017E-8	-2.85882645227659049E-2
9.81039476737368865E-8	-2.83622917572445932E-2
9.81567727811640189E-8	-2.80996530435241088E-2
9.82221575540768121E-8	-2.77684585959442343E-2
9.82766059201030728E-8	-2.75018632809708574E-2
9.83185446913771699E-8	-2.73023375864271989E-2
9.83673488333475987E-8	-2.70801835630263499E-2
9.84228297200925262E-8	-2.68453458069739259E-2
9.85466450077565526E-8	-2.63987977056644496E-2
9.86136903566489309E-8	-2.62171499500638516E-2
9.86689455898082279E-8	-2.61100652277662082E-2
9.87293039381933291E-8	-2.60205286769082722E-2
9.88359199682581391E-8	-2.59234384867603529E-2
9.88907556345026961E-8	-2.59007182918633116E-2
9.89459723167966665E-8	-2.58989345656915448E-2
9.90255495295864030E-8	-2.59393232057986811E-2
9.90811777075452227E-8	-2.59931525110083150E-2
9.91324890155498117E-8	-2.60575971364038361E-2
9.91887972801682949E-8	-2.61328245484488964E-2
9.92780779111156164E-8	-2.62342023431644567E-2
9.93379917676843327E-8	-2.62729738857855821E-2
9.93903228215850199E-8	-2.62794794917294672E-2
9.94472403041288899E-8	-2.62694799010479096E-2
9.95027659531926112E-8	-2.62349165365468595E-2
9.95600294985246492E-8	-2.61915164310357218E-2
9.96074990022990292E-8	-2.61396022826899976E-2
9.96617529483430253E-8	-2.60662001971664470E-2
9.97268698422846001E-8	-2.59396289060283669E-2
9.97818725525545602E-8	-2.58084536398995201E-2
9.98245937710078124E-8	-2.56876349115492841E-2
9.98737193312180871E-8	-2.55227956882504881E-2
9.99313927563876447E-8	-2.52990895175392749E-2
1.00010412277537286E-7	-2.49492684756135885E-2
1.00075839354178009E-7	-2.46241420940796818E-2
1.00127371566874501E-7	-2.43483932945624026E-2
1.00182674468241295E-7	-2.40432772710742926E-2
1.00261540169990071E-7	-2.36017049043922977E-2
1.00326866120471614E-7	-2.32543494132979411E-2
1.00378082359934395E-7	-2.30112293541182211E-2
1.00433852806993862E-7	-2.27791917942007105E-2
1.00549299987006324E-7	-2.24147530323159350E-2
1.00609507798557463E-7	-2.22730777066856023E-2
1.00664206043361859E-7	-2.21593073766348647E-2
1.00724019825336386E-7	-2.20466831142025299E-2
1.00811421274569080E-7	-2.18980246384940713E-2
1.00863281204086919E-7	-2.18252781158396925E-2
1.00916799993781470E-7	-2.17681076572265342E-2
1.00982745321837464E-7	-2.17236368522061074E-2
1.01071032621903067E-7	-2.16844798308060271E-2
1.01122760138691614E-7	-2.16611084109083230E-2
1.01177903304863825E-7	-2.16350788959007323E-2
1.01246237418004981E-7	-2.16007240874881834E-2
1.01313823518792234E-7	-2.15712897915475299E-2
1.01364093640711306E-7	-2.15513331615575021E-2
1.01417806242005804E-7	-2.15190785038650478E-2
1.01487213592887482E-7	-2.14583535470032194E-2
1.01543013496898404E-7	-2.13860561785434955E-2
1.01588105201598244E-7	-2.13028690855231151E-2
1.01639890637352548E-7	-2.11825444495492166E-2
1.01698768681313245E-7	-2.10205027349182583E-2
1.01755582920154897E-7	-2.08421705872251906E-2
1.01812218183713532E-7	-2.06458026346719770E-2
1.01860013052666343E-7	-2.04675598486541821E-2
1.01914699955438026E-7	-2.02451878955268105E-2
1.01980995311925504E-7	-1.99596099855004061E-2
1.02066258979949409E-7	-1.95663552452951794E-2
1.02117979125568925E-7	-1.93241152235954172E-2
1.02172356804326281E-7	-1.90781310876524923E-2
1.02239714818769123E-7	-1.87929797386004438E-2
1.02315350358459645E-7	-1.85053232148822522E-2
1.02365936507337318E-7	-1.83270246603144260E-2
1.02420249754177428E-7	-1.81450474294171360E-2
1.02487944131021314E-7	-1.79270994188693966E-2
1.02566367982886097E-7	-1.76804729325766052E-2
1.02617275584355250E-7	-1.75335623819034714E-2
1.02671746134507114E-7	-1.73900373690569343E-2
1.02739536335430182E-7	-1.72369555197957602E-2
1.02815537976968541E-7	-1.70988031634461102E-2
1.02866231613740133E-7	-1.70246542221331287E-2
1.02920548182191296E-7	-1.69553077929364004E-2
1.02988386215105066E-7	-1.68794657488978928E-2
1.03066496040377764E-7	-1.67947880066997324E-2
1.03117380639527845E-7	-1.67439915155875085E-2
1.03171872030953682E-7	-1.66911107290503624E-2
1.03239745128018501E-7	-1.66260766956114914E-2
1.03315548921778877E-7	-1.65449817266791932E-2
1.03366235185041533E-7	-1.64809987232910649E-2
1.03420548574231197E-7	-1.64035291207264877E-2
1.03488433628357135E-7	-1.62926070298894832E-2
1.03566575894933988E-7	-1.61473486013577472E-2
1.03617467376781103E-7	-1.60450121351042041E-2
1.03671971199390800E-7	-1.59229709254412777E-2
1.03739871646906656E-7	-1.57513929222177196E-2
1.03815522454199582E-7	-1.55319561582858312E-2
1.03866198839970192E-7	-1.53707556946642399E-2
1.03920505056276391E-7	-1.51884236065268485E-2
1.03988409003831106E-7	-1.49567434196401261E-2
1.04066644320824686E-7	-1.46937768209267627E-2
1.04117546005320061E-7	-1.45307597881803341E-2
1.04172060993036175E-7	-1.43643169007145022E-2
1.04239974885206066E-7	-1.41667437275870856E-2
1.04315483643998808E-7	-1.39533919514921045E-2
1.04366149797185703E-7	-1.38130182009580427E-2
1.04420447109938141E-7	-1.36632977193566019E-2
1.04488362723277195E-7	-1.34771117678577568E-2
1.04566714144783068E-7	-1.32655440189049201E-2
1.04617627570619476E-7	-1.31349307138878024E-2
1.04672154094375625E-7	-1.30047551080703627E-2
1.04740078449735474E-7	-1.28650680069913204E-2
1.04815439397051557E-7	-1.27422694067106135E-2
1.04866094673151733E-7	-1.26806482589988967E-2
1.04920382033182347E-7	-1.26280394102548077E-2
1.04988308437309752E-7	-1.25712796503559576E-2
1.05066789614084710E-7	-1.25084668142252786E-2
1.05117716018266227E-7	-1.24620125194852172E-2
1.05172254969075474E-7	-1.24075143007036481E-2
1.05240190135090517E-7	-1.23337980413746084E-2
1.05315391844374129E-7	-1.22436892558897203E-2
1.05366035484071174E-7	-1.21762737508476881E-2
1.05420312027940555E-7	-1.20965323038175110E-2
1.05488250457190813E-7	-1.19895483977474915E-2
1.05566872421489566E-7	-1.18613639037527285E-2
1.05617812993875582E-7	-1.17827433330474340E-2
1.05672365467459350E-7	-1.17011529231946931E-2
1.05740312965257610E-7	-1.16009500829425805E-2
1.05815341797598794E-7	-1.14870841258622347E-2
1.05865973012016079E-7	-1.14027543622656369E-2
1.05920237924536265E-7	-1.13045203247014969E-2
1.05988190504463309E-7	-1.11708652525213004E-2
1.06066963492675281E-7	-1.10047979902607374E-2
1.06117919436602981E-7	-1.08926464800813916E-2
1.06172486635446117E-7	-1.07738749395531208E-2
1.06240448546530364E-7	-1.06290944486074479E-2
1.06315289760014409E-7	-1.04722669853322814E-2
1.06365907769972523E-7	-1.03672405336414375E-2
1.06420160254957685E-7	-1.02566132237679164E-2
1.06488129672776610E-7	-1.01262166960915101E-2
1.06567063489375968E-7	-9.99709316865734898E-3
1.06618036025389862E-7	-9.93598884289604278E-3
1.06672619221187892E-7	-9.88904772932280984E-3
1.06740598020169819E-7	-9.84494233236779515E-3
1.06815236234821342E-7	-9.80077073039291946E-3
1.06865840299854886E-7	-9.76569299204027530E-3
1.06920079585510952E-7	-9.72425212666314742E-3
1.06988069018929011E-7	-9.66880842564992804E-3
1.07067172927061494E-7	-9.60300938077376287E-3
1.07118163274554501E-7	-9.56131007322636073E-3
1.07172763784352876E-7	-9.51799886230213232E-3
1.07240762295069292E-7	-9.46606249141074230E-3
1.07315181823973083E-7	-9.40868444335882259E-3
1.07365771271833355E-7	-9.37375413371532851E-3
1.07419996629377890E-7	-9.34063541429688904E-3
1.07488009743544755E-7	-9.30677451315510851E-3
1.07567292171236284E-7	-9.27665540161587998E-3
1.07618301517692716E-7	-9.25988993773331615E-3
1.07672920679107365E-7	-9.23677530870778440E-3
1.07740942055541900E-7	-9.19438274934380928E-3
1.07815127259790966E-7	-9.13050962908454977E-3
1.07865701519019863E-7	-9.07997138067127096E-3
1.07919912288122632E-7	-9.02524032242935625E-3
1.07987953238726853E-7	-8.95897709312822244E-3
1.08067421390626950E-7	-8.88323873311443535E-3
1.08118450851226933E-7	-8.83360139680370082E-3
1.08173089991784344E-7	-8.77840872169200992E-3
1.08241137690394651E-7	-8.70912105378295820E-3
1.08315073408408891E-7	-8.63756823659145923E-3
1.08365632043676796E-7	-8.59860457419756052E-3
1.08419827662302315E-7	-8.56657571447506250E-3
1.08487901079563875E-7	-8.54066773888351172E-3
1.08567560492435145E-7	-8.52785427901486770E-3
1.08618611061394432E-7	-8.52630663748269946E-3
1.08673271460247434E-7	-8.52734885978560442E-3
1.08741349189368597E-7	-8.52519557376568216E-3
1.08815021253648436E-7	-8.51608606842897586E-3
1.08865564002027537E-7	-8.50445743916868224E-3
1.08919744038911559E-7	-8.48750562354367943E-3
1.08987854977382126E-7	-8.46263088301306077E-3
1.09067709051313932E-7	-8.42838315766561053E-3
1.09118781546898092E-7	-8.40890808151746683E-3
1.09173464388722730E-7	-8.39311355358325883E-3
1.09241576026994736E-7	-8.38426600029659497E-3
1.09314971861487464E-7	-8.39147422522072972E-3
1.09365498666655547E-7	-8.40644132423535950E-3
1.09419662854233124E-7	-8.42580417631388379E-3
1.09487816696664320E-7	-8.44804898222675149E-3
1.09567866242238887E-7	-8.46311189576644196E-3
1.09618961248778146E-7	-8.46338032769785542E-3
1.09673667570960531E-7	-8.45789687063990137E-3
1.09741817050331414E-7	-8.44456564383100350E-3
1.09814926324303475E-7	-8.42759183959232772E-3
1.09865437364716767E-7	-8.41580586445656209E-3
1.09919585629605221E-7	-8.40613556977464249E-3
1.09987787936149850E-7	-8.40063533179689159E-3
1.10068030789342441E-7	-8.40446806795689128E-3
1.10119148601261929E-7	-8.41578062573364960E-3
1.10173879236913153E-7	-8.43444712461406887E-3
1.10242070389884783E-7	-8.46415856970090985E-3
1.10314885686369735E-7	-8.50157515435912714E-3
1.10365381392901130E-7	-8.52813018897260378E-3
1.10419513880401388E-7	-8.55746984283280732E-3
1.10487770179546918E-7	-8.59413673180198323E-3
1.10568200944649697E-7	-8.63572830552491233E-3
1.10619341519043424E-7	-8.65966703111752523E-3
1.10674097039907116E-7	-8.68231031246934926E-3
1.10742333416194350E-7	-8.70465906359754982E-3
1.10814850856229263E-7	-8.72145514489211671E-3
1.10865331914950493E-7	-8.73051122854724149E-3
1.10919449003763670E-7	-8.74033477799691738E-3
1.10987764529528543E-7	-8.75628527420191283E-3
1.11068374510387069E-7	-8.78147319021787531E-3
1.11119537435438587E-7	-8.80144192751061993E-3
1.11174318100119995E-7	-8.82480203103370897E-3
1.11242602764505949E-7	-8.85479395898851784E-3
1.11314822516394818E-7	-8.88575190967397432E-3
1.11365289853349947E-7	-8.90703410115335359E-3
1.11419392157078079E-7	-8.92966543524233813E-3
1.11487771547767722E-7	-8.95547036367686644E-3
1.11568548914655596E-7	-8.98195606448223849E-3
1.11619733400675569E-7	-8.99695996941815324E-3
1.11674539114439275E-7	-9.01370910759288435E-3
1.11742874444203810E-7	-9.04017352422685327E-3
1.11814801044751810E-7	-9.07780366710621145E-3
1.11865255791778573E-7	-9.11333134450155136E-3
1.11919344144940447E-7	-9.15945479648964422E-3
1.11987791130415815E-7	-9.22600641895408735E-3
1.12068721342241728E-7	-9.31083884524165839E-3
1.12119926239899947E-7	-9.36470540177247557E-3
1.12174756532151032E-7	-9.42194767023072188E-3
1.12243144037274001E-7	-9.49320349737914526E-3
1.12314786463249261E-7	-9.56828183759414408E-3
1.12365229906857711E-7	-9.62225470915208447E-3
1.12419305335062303E-7	-9.67967745870331520E-3
1.12487822449008057E-7	-9.74794428134185509E-3
1.12568888911217280E-7	-9.81855212799306898E-3
1.12620112757813029E-7	-9.85718329803277271E-3
1.12674966782023733E-7	-9.89337351403652754E-3
1.12743406972537041E-7	-9.93633367430125958E-3
1.12814778426540907E-7	-9.98040512862633022E-3
1.12865211944897070E-7	-1.00119857660759837E-2
1.12919275621163395E-7	-1.00446801719691603E-2
1.12987863978699687E-7	-1.00839656361019014E-2
1.13069048874552691E-7	-1.01260794869123361E-2
1.13120289964601173E-7	-1.01501186407936284E-2
1.13175166522916792E-7	-1.01752700622538383E-2
1.13243658844042727E-7	-1.02055661193616332E-2
1.13314776256098848E-7	-1.02341404150731941E-2
1.13365201251433723E-7	-1.02520097634682794E-2
1.13419254442892159E-7	-1.02689612606267855E-2
1.13487913619331171E-7	-1.02900162079146118E-2
1.13569198818001516E-7	-1.03211538475274645E-2
1.13620455290200173E-7	-1.03509838846462943E-2
1.13675352881649827E-7	-1.03936268053029401E-2
1.13743895728779276E-7	-1.04618026111968021E-2
1.13814779015663348E-7	-1.05445290130916103E-2
1.13865196850203598E-7	-1.06062858214699451E-2
1.13919240860967452E-7	-1.06723747964436710E-2
1.13987968894138803E-7	-1.07543257300102413E-2
1.14069336824158274E-7	-1.08472450967730594E-2
1.14120606754146903E-7	-1.09032420916884121E-2
1.14175523642018817E-7	-1.09630696685880635E-2
1.14244114455782930E-7	-1.10377583576628058E-2
1.14314785614733139E-7	-1.11140985857178598E-2
1.14365197557261067E-7	-1.11688515571725966E-2
1.14419233673681919E-7	-1.12272785660996055E-2
1.14488027192647168E-7	-1.13012218977106538E-2
1.14569461578852350E-7	-1.13882123247908118E-2
1.14620743066857744E-7	-1.14402184804377871E-2
1.14675677358156047E-7	-1.14899760233537562E-2
1.14744312787642944E-7	-1.15430370049835762E-2
1.14814794921227525E-7	-1.15850409509741925E-2
1.14865202108949438E-7	-1.16074625477767057E-2
1.14919231552668677E-7	-1.16273590803432425E-2
1.14988086014818713E-7	-1.16491676208640116E-2
1.15069572408037057E-7	-1.16717231035173485E-2
1.15120863652451000E-7	-1.16847975832362749E-2
1.15175813381046654E-7	-1.16982458871456840E-2
1.15244489493602909E-7	-1.17141024976354902E-2
1.15314805864163872E-7	-1.17305804126536706E-2
1.15365209281472647E-7	-1.17447937678297198E-2
1.15419233173933256E-7	-1.17633002489512917E-2
1.15488143175984903E-7	-1.17945093804573276E-2
1.15569669247208617E-7	-1.18433547374994541E-2
1.15620968598629381E-7	-1.18800054773291630E-2
1.15675931803958809E-7	-1.19237123137061141E-2
1.15744644315138312E-7	-1.19818642325209579E-2
1.15814817511791057E-7	-1.20431804924635855E-2
1.15865217984649238E-7	-1.20882039575499634E-2
1.15919237324561708E-7	-1.21376160450293025E-2
1.15988196944795652E-7	-1.22013098504195128E-2
1.16069752557007688E-7	-1.22759744540277205E-2
1.16121058551153378E-7	-1.23230587050381724E-2
1.16176033345898810E-7	-1.23740190715475729E-2
1.16244777843578251E-7	-1.24400418490783338E-2
1.16314829118002416E-7	-1.25101649783242763E-2
1.16365227320695186E-7	-1.25612736799556801E-2
1.16419242973922055E-7	-1.26138559474847600E-2
1.16488246104183446E-7	-1.26766371465726024E-2
1.16569823205309309E-7	-1.27417455211713015E-2
1.16621134576492458E-7	-1.27756656005676894E-2
1.16676119199068129E-7	-1.28060357257632851E-2
1.16744891340655199E-7	-1.28357771042207802E-2
1.16814840137361320E-7	-1.28566367445145358E-2
1.16865236607519218E-7	-1.28657773873638481E-2
1.16919249307367457E-7	-1.28707315979641734E-2
1.16988289942040291E-7	-1.28717030763470652E-2
1.17069882337174613E-7	-1.28668748914762165E-2
1.17121198016134986E-7	-1.28633939442353595E-2
1.17176190866387908E-7	-1.28594953897811459E-2
1.17244986535526019E-7	-1.28565847616010331E-2
1.17314850214642052E-7	-1.28577168691337174E-2
1.17365245372567406E-7	-1.28616428635140689E-2
1.17419255727719252E-7	-1.28690024803113201E-2
1.17488328189574576E-7	-1.28839098158738063E-2
1.17569931250699677E-7	-1.29073182157291599E-2
1.17621250351436046E-7	-1.29233252601471560E-2
1.17676250010216554E-7	-1.29410171942563634E-2
1.17745065427378748E-7	-1.29619372579182457E-2
1.17814859157524054E-7	-1.29810392797771224E-2
1.17865253326616748E-7	-1.29944510158137816E-2
1.17919261833831657E-7	-1.30104024790913231E-2
1.17988360929646552E-7	-1.30357405421264883E-2
1.18069971291062692E-7	-1.30753708198627949E-2
1.18121293091139234E-7	-1.31066496503299978E-2
1.18176298325988061E-7	-1.31435006198092097E-2
1.18245130114189179E-7	-1.31922558272424473E-2
1.18314866901189109E-7	-1.32408629211407458E-2
1.18365260327272104E-7	-1.32722763261506249E-2
1.18419267386361104E-7	-1.33011355572940682E-2
1.18488388495788821E-7	-1.33302820665663213E-2
1.18570003768946819E-7	-1.33517475840252509E-2
1.18621327686972000E-7	-1.33562146501782331E-2
1.18676337447018643E-7	-1.33545543658300891E-2
1.18745182658642068E-7	-1.33455655264398576E-2
1.18814873471944704E-7	-1.33316497813547485E-2
1.18865266340249898E-7	-1.33201738666412184E-2
1.18919272269420184E-7	-1.33065767355665576E-2
1.18988411377486392E-7	-1.32872877784730981E-2
1.19070029904354713E-7	-1.32612721093383956E-2
1.19121355477316815E-7	-1.32416936929469431E-2
1.19176368880676864E-7	-1.32173778542143272E-2
1.19245224993910104E-7	-1.31841055352196812E-2
1.19314878954622516E-7	-1.31495631084039344E-2
1.19365271403947659E-7	-1.31255348197119948E-2
1.19419276454259427E-7	-1.31023944628819411E-2
1.19488430141023061E-7	-1.30758008697590267E-2
1.19570050793297655E-7	-1.30464405315778054E-2
1.19621377655458816E-7	-1.30284376045752515E-2
1.19676393972139006E-7	-1.30096791717603510E-2
1.19745258866073190E-7	-1.29891236707063595E-2
1.19814883466184696E-7	-1.29740225336348325E-2
1.19865275600236476E-7	-1.29671946190410359E-2
1.19919279968468984E-7	-1.29634361120204766E-2
1.19988445369603380E-7	-1.29634185453507444E-2
1.20070067392962287E-7	-1.29693849495838509E-2
1.20121395257210484E-7	-1.29760676462912428E-2
1.20176413889986766E-7	-1.29854798311258079E-2
1.20245285806642932E-7	-1.29987005974179204E-2
1.20314887136157167E-7	-1.30103964489482338E-2
1.20365279032375661E-7	-1.30152371593084104E-2
1.20419282872020394E-7	-1.30156664433116687E-2
1.20488457622392686E-7	-1.30081737085318894E-2
1.20570080520420064E-7	-1.29880662225804722E-2
1.20621409162399917E-7	-1.29696100902149425E-2
1.20676429627497228E-7	-1.29450596572308863E-2
1.20745307127519519E-7	-1.29103133377735602E-2
1.20814890093348537E-7	-1.28714790531640721E-2
1.20865281809625391E-7	-1.28403266734028132E-2
1.20919285240002972E-7	-1.28032825465265754E-2
1.20988467409765255E-7	-1.27506583286343789E-2
1.21070090860287749E-7	-1.26822041147951592E-2
1.21121420105261723E-7	-1.26362330723886540E-2
1.21176442014059838E-7	-1.25852702111082948E-2
1.21245323931056781E-7	-1.25198615717823292E-2
1.21314892457725376E-7	-1.24514013312572436E-2
1.21365284037441312E-7	-1.24004733644781928E-2
1.21419287151097710E-7	-1.23452483205850738E-2
1.21488475181081523E-7	-1.22750818378537874E-2
1.21570098977552354E-7	-1.21958086876326854E-2
1.21621428689740219E-7	-1.21501473310722408E-2
1.21676451732221480E-7	-1.21048722348690352E-2
1.21745337129086084E-7	-1.20549350167233316E-2
1.21814894336157375E-7	-1.20122667992063459E-2
1.21865285811922286E-7	-1.19864464175279273E-2
1.21919288680533544E-7	-1.19634008645585843E-2
1.21988481321313658E-7	-1.19394730867619736E-2
1.22070105332727952E-7	-1.19162758284464076E-2
1.22121435406784351E-7	-1.19018852614015103E-2
1.22176459337054300E-7	-1.18851941194276778E-2
1.22245347466224619E-7	-1.18611025972982653E-2
1.22314895820842606E-7	-1.18319135179980761E-2
1.22365287217256835E-7	-1.18076937685634920E-2
1.22419289896288941E-7	-1.17790484210038149E-2
1.22488486153354992E-7	-1.17395638762714594E-2
1.22570110297396528E-7	-1.16904005111240927E-2
1.22621440651669933E-7	-1.16571199415331339E-2
1.22676465275613045E-7	-1.16174231354414093E-2
1.22745355544205692E-7	-1.15613664138840311E-2
1.22814896989437150E-7	-1.14961447150602281E-2
1.22865288325126198E-7	-1.14424794043274347E-2
1.22919290857483232E-7	-1.13792737767637231E-2
1.22988489943560442E-7	-1.12912545296978983E-2
1.23070114168928679E-7	-1.11788446145055165E-2
1.23121444740170616E-7	-1.11051626206979748E-2
1.23176469905135733E-7	-1.10250717366781248E-2
1.23245361845176693E-7	-1.09251615458589679E-2
1.23314897906161769E-7	-1.08269305755137668E-2
1.23365289195276762E-7	-1.07578938054167716E-2
1.23419291614140980E-7	-1.06855574029000522E-2
1.23488492908773373E-7	-1.05959701339242973E-2
1.23570117183726014E-7	-1.04954473036420337E-2
1.23621447922959904E-7	-1.04358419937511138E-2
1.23676473509276819E-7	-1.03759673582528933E-2
1.23745366752809538E-7	-1.03068157616642608E-2
1.23814898623378267E-7	-1.02434723769216696E-2
1.23865289876705331E-7	-1.02019429227765346E-2
1.23919292207740517E-7	-1.01619920723012225E-2
1.23988495223695372E-7	-1.01159359156433171E-2
1.24070119528717071E-7	-1.00665070994653272E-2
1.24121450398024002E-7	-1.00370012584896617E-2
1.24176476312112816E-7	-1.00046147506110650E-2
1.24245370570722624E-7	-9.96227286249491151E-3
1.24314899183309957E-7	-9.91699781121442925E-3
1.24365290409093898E-7	-9.88132367601884987E-3
1.24419292672151438E-7	-9.84016888749806817E-3
1.24488497027914646E-7	-9.78363702548477576E-3
1.24570121351073571E-7	-9.71145675703285960E-3
1.24621452321097248E-7	-9.66210305247403056E-3
1.24676478489927156E-7	-9.60480456737048449E-3
1.24745373538109883E-7	-9.52568268370085924E-3
1.24814899619709241E-7	-9.43631563595044298E-3
1.24865290824267983E-7	-9.36549734376782439E-3
1.24919293034705348E-7	-9.28464520893652434E-3
1.24988498432229123E-7	-9.17586735568228917E-3
1.25070122766269298E-7	-9.04317210790387094E-3
1.25121453814282590E-7	-8.95941752223515309E-3
1.25176480180950644E-7	-8.86939197839428672E-3
1.25245375842741846E-7	-8.75743835754988709E-3
1.25314899959375148E-7	-8.64683583109736276E-3
1.25365291147559899E-7	-8.56912499075103185E-3
1.25419293317260450E-7	-8.48929095295307512E-3
1.25488499524128660E-7	-8.39290510890314323E-3
1.25570123864658290E-7	-8.28722261039914265E-3
1.25621454973065427E-7	-8.22482463437708233E-3
1.25676481493291159E-7	-8.16163894366892784E-3
1.25745377631600230E-7	-8.08693366488181908E-3
1.25814900223470993E-7	-8.01649273579238297E-3
1.25865291399013479E-7	-7.96943839824646449E-3
1.25919293537173660E-7	-7.92284657271266646E-3
1.25988500372411760E-7	-7.86779036068545512E-3
1.26070124716785292E-7	-7.80826347946819066E-3
1.26121455871962351E-7	-7.77284941652512273E-3
1.26176482511322519E-7	-7.73480472574026123E-3
1.26245379019478188E-7	-7.68633008119736338E-3
1.26314900428639376E-7	-7.63538603694203921E-3
1.26365291594414053E-7	-7.59590781397672288E-3
1.26419293708152103E-7	-7.55062841575287891E-3
1.26488501031002309E-7	-7.48729760851556403E-3
1.26570125377634790E-7	-7.40234116347569859E-3
1.26621456569032764E-7	-7.34163877003788379E-3
1.26676483300787979E-7	-7.26997971086239314E-3
1.26745380095871107E-7	-7.17224107352207163E-3
1.26814900587925505E-7	-7.06755523412001008E-3
1.26865291746149222E-7	-6.98967430398312040E-3
1.26919293840975578E-7	-6.90501635630924859E-3
1.26988501542058607E-7	-6.79580512138566206E-3
1.27070125890004548E-7	-6.66714827302479129E-3
1.27121457109454594E-7	-6.58677868736724470E-3
1.27176483912847349E-7	-6.50094084384211346E-3
1.27245380930451879E-7	-6.39424673035443369E-3
1.27314900711527024E-7	-6.28777780409515330E-3
1.27365291863910857E-7	-6.21172252503005584E-3
1.27419293944091860E-7	-6.13290990015656412E-3
1.27488501938471721E-7	-6.03681147823894371E-3
1.27570126287171304E-7	-5.93101774087416445E-3
1.27621457528347548E-7	-5.87054766171569575E-3
1.27676484387271705E-7	-5.81160564901033538E-3
1.27745381577401718E-7	-5.74546624233979308E-3
1.27814900807400211E-7	-5.68757262290482934E-3
1.27865291955266125E-7	-5.65017179589096585E-3
1.27919294024104935E-7	-5.61293763308498406E-3
1.27988502245863156E-7	-5.56744020360754277E-3
1.28070126594986866E-7	-5.51512135547940119E-3
1.28121457852990428E-7	-5.48166062528458031E-3
1.28176484754953557E-7	-5.44491542255893357E-3
1.28245382078818171E-7	-5.39707981255190639E-3
1.28314900881742489E-7	-5.34516205479396866E-3
1.28365292026112154E-7	-5.30430098543361161E-3
1.28419294086166769E-7	-5.25727988918843980E-3
1.28488502484166189E-7	-5.19167790736362811E-3
1.28570126833522247E-7	-5.10636597378377388E-3
1.28621458104558939E-7	-5.04828950000380594E-3
1.28676485039874722E-7	-4.98137013886657520E-3
1.28745382467387470E-7	-4.89176047007398562E-3
1.28814900939375176E-7	-4.79666682720907556E-3
1.28865292081038740E-7	-4.72559801060715934E-3
1.28919294134289930E-7	-4.64844874358707028E-3
1.28988502668873739E-7	-4.54938372982577643E-3
1.29070127018351899E-7	-4.43329103506179756E-3
1.29121458299483338E-7	-4.36118668970104650E-3
1.29176485260642737E-7	-4.28503517318004334E-3
1.29245382768475459E-7	-4.19138803712873464E-3
1.29314900984045744E-7	-4.09913498917164620E-3
1.29365292123614362E-7	-4.03480762896767686E-3
1.29419294171596255E-7	-3.96936082934437184E-3
1.29488502812018735E-7	-3.89123456920922095E-3
1.29570127161556625E-7	-3.80824263153149634E-3
1.29621458450506966E-7	-3.76257893291996393E-3
1.29676485431689859E-7	-3.71924337755385759E-3
1.29745383001758952E-7	-3.67168896462292116E-3
1.29814901018664441E-7	-3.63040544511013819E-3
1.29865292156611112E-7	-3.60376945851295893E-3
1.29919294200511648E-7	-3.57742188116441584E-3
1.29988502922940796E-7	-3.54546929645045505E-3
1.30070127272503666E-7	-3.50797027126116845E-3
1.30121458567510118E-7	-3.48287191196908008E-3
1.30176485564206290E-7	-3.45394331030125823E-3
1.30245383182495456E-7	-3.41414992979159937E-3
1.30314901045489995E-7	-3.36938827164344312E-3
1.30365292182180714E-7	-3.33381869538797737E-3
1.30419294222920179E-7	-3.29245585497055027E-3
1.30488503008885592E-7	-3.23474411090831282E-3
1.30570127358455368E-7	-3.16072001328603669E-3
1.30621458658152712E-7	-3.11141416286904082E-3
1.30676485666867159E-7	-3.05596774692148454E-3
1.30745383322514619E-7	-2.98330288289208312E-3
1.30814901066274891E-7	-2.90654171198536826E-3
1.30865292201993055E-7	-2.84858916680047880E-3
1.30919294240283968E-7	-2.78478467880813474E-3
1.30988503075472940E-7	-2.70171715362249110E-3
1.31070127425040850E-7	-2.60274539132150995E-3
1.31121458728371598E-7	-2.54169305972903725E-3
1.31176485746396487E-7	-2.47835219956787300E-3
1.31245383430985951E-7	-2.40256835148290904E-3
1.31314901082378621E-7	-2.33165395524021779E-3
1.31365292217343588E-7	-2.28468555463176548E-3
1.31419294253738039E-7	-2.23900494388421123E-3
1.31488503127060463E-7	-2.18724851419111577E-3
1.31570127476621623E-7	-2.13560707471677524E-3
1.31621458782766698E-7	-2.10829706331824118E-3
1.31676485808003996E-7	-2.08304311347628657E-3
1.31745383515014147E-7	-2.05552390777477401E-3
1.31814901094854364E-7	-2.03060648057134863E-3
1.31865292229236042E-7	-2.01365491089727922E-3
1.31919294264161513E-7	-1.99662423647712295E-3
1.31988503167024707E-7	-1.97623662691346302E-3
1.32070127516578539E-7	-1.95365250635499588E-3
1.32121458824903559E-7	-1.93989936176143729E-3
1.32176485855727899E-7	-1.92421846431571231E-3
1.32245383580106535E-7	-1.90154673734115454E-3
1.32314901104519445E-7	-1.87407832016910314E-3
1.32365292238449372E-7	-1.85003252293108167E-3
1.32419294272237065E-7	-1.82015195901803373E-3
1.32488503197984198E-7	-1.77659216561109745E-3
1.32570127547530348E-7	-1.71869109939993048E-3
1.32621458857543861E-7	-1.67914825372859933E-3
1.32676485892696094E-7	-1.63449003014940164E-3
1.32745383630529123E-7	-1.57588757514719235E-3
1.32814901112006645E-7	-1.51440704185367814E-3
1.32865292245586675E-7	-1.46924652425048530E-3
1.32919294278493050E-7	-1.42076863530451880E-3
1.32988503221966914E-7	-1.35924211015843444E-3
1.33070127571506047E-7	-1.28839006868057138E-3
1.33121458882827470E-7	-1.24572762697556927E-3
1.33176485921332222E-7	-1.20200251151175608E-3
1.33245383669587314E-7	-1.15020700159285205E-3
1.33314901117806506E-7	-1.10239088711006095E-3
1.33365292251115575E-7	-1.07133780491674213E-3
1.33419294283339296E-7	-1.04247166853595119E-3
1.33488503240544665E-7	-1.01213329644132988E-3
1.33570127590078003E-7	-9.85045634652417945E-4
1.33621458902412482E-7	-9.72668964735031238E-4
1.33676485943514045E-7	-9.62841140760414227E-4
1.33745383699842391E-7	-9.53925126120217293E-4
1.33814901122299323E-7	-9.47784374376795569E-4
1.33865292255398538E-7	-9.44737145361161446E-4
1.33919294287093460E-7	-9.42146547092980136E-4
1.33988503254935543E-7	-9.38879027726924420E-4
1.34070127604463996E-7	-9.34104157682697611E-4
1.34121458917583181E-7	-9.29802463852247385E-4
1.34176485960696312E-7	-9.23308403748777984E-4
1.34245383723278233E-7	-9.11865857787929990E-4
1.34314901125779640E-7	-8.95726442556603430E-4
1.34365292258716229E-7	-8.80301903872736347E-4
1.34419294290001634E-7	-8.60210214152628616E-4
1.34488503266083015E-7	-8.29860129328878671E-4
1.34570127615607360E-7	-7.87940877764999303E-4
1.34621458929334326E-7	-7.59005468451583365E-4
1.34676485974005633E-7	-7.26055954575078299E-4
1.34745383741431657E-7	-6.82491153797930039E-4
1.34814901128475517E-7	-6.37199163697176374E-4
1.34865292261286163E-7	-6.04284157060244631E-4
1.34919294292254310E-7	-5.69297435978767652E-4
1.34988503274717830E-7	-5.25506771600676625E-4
1.35070127624238889E-7	-4.76386476320093166E-4
1.35121458938436678E-7	-4.47613323252339690E-4
1.35176485984314931E-7	-4.19254431724067356E-4
1.35245383755493132E-7	-3.87532626698183247E-4
1.35314901130563836E-7	-3.59716842401298420E-4
1.35365292263276960E-7	-3.42516500252600276E-4
1.35419294293999370E-7	-3.27582010838403770E-4
1.35488503281406558E-7	-3.13628755158642392E-4
1.35570127630924908E-7	-3.04307180218571105E-4
1.35621458945487361E-7	-3.03095298231902621E-4
1.35676485992300444E-7	-3.05364744658527298E-4
1.35745383766385164E-7	-3.11805102771272669E-4
1.35814901132181420E-7	-3.21503135202554091E-4
1.35865292264819004E-7	-3.29492957635745576E-4
1.35919294295351101E-7	-3.37986432839340045E-4
1.35988503286587559E-7	-3.47645444076995602E-4
1.36070127636103688E-7	-3.55927761266798193E-4
1.36121458950948560E-7	-3.57883380607591439E-4
1.36176485998485797E-7	-3.56727957573830690E-4
1.36245383774821760E-7	-3.50866326927139749E-4
1.36314901133434185E-7	-3.39824473846848596E-4
1.36365292266013327E-7	-3.28956704042225745E-4
1.36419294296397964E-7	-3.15058637443437206E-4
1.36488503290600449E-7	-2.94420639484260560E-4
1.36570127640115224E-7	-2.66782417619846424E-4
1.36621458955178943E-7	-2.48039415769225080E-4
1.36676486003277153E-7	-2.26301325750159510E-4
1.36745383781356855E-7	-1.96647628987035628E-4
1.36814901134404665E-7	-1.64730158678657568E-4
1.36865292266938354E-7	-1.40547736146677926E-4
1.36919294297208793E-7	-1.14335571924963153E-4
1.36988503293708819E-7	-8.14818590826107148E-5
1.37070127643222595E-7	-4.50833413808205208E-5
1.37121458958455822E-7	-2.46257963922182377E-5
1.37176486006988485E-7	-5.87667859074596155E-6
1.37245383786419062E-7	1.26922514488867955E-5
1.37314901135156564E-7	2.54978866279187066E-5
1.37365292267655170E-7	3.04658173086744277E-5
1.37419294297837169E-7	3.19026063644555258E-5
1.37488503296116926E-7	2.91625068013432820E-5
1.37570127645629392E-7	2.04806692424329206E-5
1.37621458960993870E-7	1.23465884090168321E-5
1.37676486009863130E-7	1.79538483065678633E-6
1.37745383790339915E-7	-1.31438170737916526E-5
1.37814901135738754E-7	-2.94298083966282675E-5
1.37865292268210116E-7	-4.11554322960332186E-5
1.37919294298323614E-7	-5.31212769878679580E-5
1.37988503297981779E-7	-6.69002207372909741E-5
1.38070127647493734E-7	-7.99504801970788037E-5
1.38121458962959909E-7	-8.55587208059965221E-5
1.38176486012089850E-7	-8.87911556911839739E-5
1.38245383793377030E-7	-8.88355581928532168E-5
1.38314901136189761E-7	-8.43375212814069641E-5
1.38365292268640117E-7	-7.82930900315795419E-5
1.38419294298700546E-7	-6.92086027746187504E-5
1.38488503299426502E-7	-5.40068553094407022E-5
1.38570127648938035E-7	-3.18301977730954544E-5
1.38621458964482946E-7	-1.60576181436723253E-5
1.38676486013814815E-7	2.32331951598604958E-6
1.38745383795729937E-7	2.68345472146291231E-5
1.38814901136539337E-7	5.27228870595421562E-5
1.38865292268973350E-7	7.18187096321468044E-5
1.38919294298992635E-7	9.19372246916621449E-5
1.38988503300545818E-7	1.16079079884040981E-4
1.39070127650056574E-7	1.41126777296188499E-4
1.39121458965662548E-7	1.53700446437650706E-4
1.39176486015150780E-7	1.63749362856353531E-4
1.39245383797552202E-7	1.71668423774085266E-4
1.39314901136809954E-7	1.74212414533639048E-4
1.39365292269231333E-7	1.72366043464522556E-4
1.39419294299218777E-7	1.67026392517335398E-4
1.39488503301412625E-7	1.56134279191682523E-4
1.39570127650923048E-7	1.38530851977712754E-4
1.39621458966576251E-7	1.25683843101037684E-4
1.39676486016185653E-7	1.10971567438941854E-4
1.39745383798963707E-7	9.19638306050495835E-5
1.39814901137019554E-7	7.32355209688465791E-5
1.39865292269431185E-7	6.04986867312783261E-5
1.39919294299393959E-7	4.79283784513375277E-5
1.39988503302084033E-7	3.36162156525062894E-5
1.40070127651594190E-7	1.96602051123794208E-5
1.40121458967283985E-7	1.29966806379754374E-5
1.40176486016987267E-7	8.35705779841902086E-6
1.40245383800057066E-7	6.40043372748877282E-6
1.40314901137181947E-7	8.86171992228254979E-6
1.40365292269585962E-7	1.37667907048110183E-5
1.40419294299529662E-7	2.19947281662752525E-5
1.40488503302604162E-7	3.63744072097824223E-5
1.40570127652114030E-7	5.81196496863558743E-5
1.40621458967832202E-7	7.39139493058141639E-5
1.40676486017608138E-7	9.21364533008858722E-5
1.40745383800903889E-7	1.15738234913590654E-4
1.40814901137307746E-7	1.39201570791759943E-4
1.40865292269705833E-7	1.54938900744098440E-4
1.40919294299634767E-7	1.70086017691363711E-4
1.40988503303006985E-7	1.86432295880591292E-4
1.41070127652516697E-7	2.00897514884507844E-4
1.41121458968256830E-7	2.06958067833455939E-4
1.41176486018089098E-7	2.10705617205803097E-4
1.41245383801559976E-7	2.11839160367591717E-4
1.41314901137405191E-7	2.08952779741076222E-4
1.41365292269798792E-7	2.04333913623142571E-4
1.41419294299716203E-7	1.96791893683533781E-4
1.41488503303319058E-7	1.83754531858316694E-4
1.41570127652828459E-7	1.64221916769929877E-4
1.41621458968585556E-7	1.49852529291236403E-4
1.41676486018461389E-7	1.33179789373554125E-4
1.41745383802067804E-7	1.11534451113024824E-4
1.41814901137480698E-7	8.99730972311493638E-5
1.41865292269870769E-7	7.54449865029875610E-5
1.41919294299779319E-7	6.18149053577413898E-5
1.41988503303560831E-7	4.77290328093938410E-5
1.42070127653070055E-7	3.62245524488878923E-5
1.42121458968840297E-7	3.23671454496210576E-5
1.42176486018749948E-7	3.13272433582658572E-5
1.42245383802461323E-7	3.39613680526846551E-5
1.42314901137539063E-7	4.07391881214392448E-5
1.42365292269926336E-7	4.81646398584704460E-5
1.42419294299828048E-7	5.82389247143712829E-5
1.42488503303747827E-7	7.36814862171043572E-5
1.42570127653257162E-7	9.48289871378941740E-5
1.42621458969037684E-7	1.09021137352164832E-4
1.42676486018973514E-7	1.24741407017109207E-4
1.42745383802766157E-7	1.44702079093762559E-4
1.42814901137584283E-7	1.64298401305741915E-4
1.42865292269969535E-7	1.77393688443228892E-4
1.42919294299865784E-7	1.89856633032779376E-4
1.42988503303892789E-7	2.02976032809499429E-4
1.43070127653402190E-7	2.13672188529497165E-4
1.43121458969190618E-7	2.17363101913482781E-4
1.43176486019146698E-7	2.18428294482025542E-4
1.43245383803002468E-7	2.15773748550946021E-4
1.43314901137619355E-7	2.08899766444015222E-4
1.43365292270003009E-7	2.01333662670971947E-4
1.43419294299895195E-7	1.90791374776595024E-4
1.43488503304005222E-7	1.74343868828959758E-4
1.43570127653514401E-7	1.51824814987623702E-4
1.43621458969308957E-7	1.36402954607391691E-4
1.43676486019280691E-7	1.19384849503380508E-4
1.43745383803185223E-7	9.84610123246307900E-5
1.43814901137646434E-7	7.87072536010753332E-5
1.43865292270028777E-7	6.60313629841422056E-5
1.43919294299917766E-7	5.47288282764475031E-5
1.43988503304092075E-7	4.39523646998781459E-5
1.44070127653601476E-7	3.66810138859443358E-5
1.44121458969400762E-7	3.57938601614733010E-5
1.44176486019384642E-7	3.81849382417966110E-5
1.44245383803327099E-7	4.50704643573696462E-5
1.44314901137667650E-7	5.57906370372692972E-5
1.44365292270048995E-7	6.54775335538357783E-5
1.44419294299935563E-7	7.72064872934665125E-5
1.44488503304159743E-7	9.35732691575490705E-5
1.44570127653668923E-7	1.14254378111031385E-4
1.44621458969471872E-7	1.27450748365150024E-4
1.44676486019465234E-7	1.41516209785376779E-4
1.44745383803436978E-7	1.58784967316424153E-4
1.44814901137683982E-7	1.75183641173024585E-4
1.44865292270064594E-7	1.86009914953230382E-4
1.44919294299949275E-7	1.96266767951722665E-4
1.44988503304212002E-7	2.06944316376220971E-4
1.45070127653720871E-7	2.15205254533501877E-4
1.45121458969526662E-7	2.17299422864900738E-4
1.45176486019527284E-7	2.16440073143460143E-4
1.45245383803521610E-7	2.10890823737139810E-4
1.45314901137696451E-7	2.00383245264480170E-4
1.45365292270076507E-7	1.89890836622272774E-4
1.45419294299959589E-7	1.76350583226804969E-4
1.45488503304252137E-7	1.56742417302430970E-4
1.45570127653761361E-7	1.32058435102591298E-4
1.45621458969569351E-7	1.16782292557283252E-4
1.45676486019575657E-7	1.01197391235799272E-4
1.45745383803587614E-7	8.35530782540710781E-5
1.45814901137706454E-7	6.84786197536556340E-5
1.45865292270086000E-7	5.97167340183433648E-5
1.45919294299967972E-7	5.27064629591107536E-5
1.45988503304283768E-7	4.72100824618530979E-5
1.46070127653792592E-7	4.51485073128404046E-5
1.46121458969602269E-7	4.63758384213164376E-5
1.46176486019612950E-7	5.02847202297291407E-5
1.46245383803638407E-7	5.83816450744456450E-5
1.46314901137713838E-7	6.98661411702418000E-5
1.46365292270093050E-7	8.02126864173010290E-5
1.46419294299974112E-7	9.28635331495415528E-5
1.46488503304307738E-7	1.10622728885014454E-4
1.46570127653816917E-7	1.33132287038947861E-4
1.46621458969627949E-7	1.47426366383255880E-4
1.46676486019641983E-7	1.62056918138703487E-4
1.46745383803678076E-7	1.78935888131275744E-4
1.46814901137719778E-7	1.93667362134668752E-4
1.46865292270098680E-7	2.02194252364290872E-4
1.46919294299979075E-7	2.09114814661797865E-4
1.46988503304326645E-7	2.14668026422573810E-4
1.47070127653835647E-7	2.16090595946829334E-4
1.47121458969647678E-7	2.13840574537265660E-4
1.47176486019664376E-7	2.08815216136282134E-4
1.47245383803708574E-7	1.99152641675044184E-4
1.47314901137724186E-7	1.86003542589873061E-4
1.47365292270102866E-7	1.74719369806351121E-4
1.47419294299982706E-7	1.61163463097060666E-4
1.47488503304341023E-7	1.42414109987728854E-4
1.47570127653850225E-7	1.19787342944219377E-4
1.47621458969663077E-7	1.06315816473513158E-4
1.47676486019681752E-7	9.28848839437951312E-5
1.47745383803732389E-7	7.80118959919539634E-5
1.47814901137727905E-7	6.58547889878702808E-5
1.47865292270106385E-7	5.91309775135764149E-5
1.47919294299985848E-7	5.43147181662086709E-5
1.47988503304352625E-7	5.16315935192670672E-5
1.48070127653861583E-7	5.28962813934969578E-5
1.48121458969675057E-7	5.60905408605950662E-5
1.48176486019695330E-7	6.19411108901000063E-5
1.48245383803750874E-7	7.21752300741467678E-5
1.48314901137730581E-7	8.53189493958605460E-5
1.48365292270108973E-7	9.66299691435569486E-5
1.48419294299988125E-7	1.10033484114270386E-4
1.48488503304361252E-7	1.28224011065334298E-4
1.48570127653870276E-7	1.50630338006312270E-4
1.48621458969684150E-7	1.64541884681501394E-4
1.48676486019705711E-7	1.78321208955854305E-4
1.48745383803764941E-7	1.93358820623558914E-4
1.48814901137732636E-7	2.05344451686406071E-4
1.48865292270110983E-7	2.11212498316166331E-4
1.48919294299989824E-7	2.14725254636102436E-4
1.48988503304367881E-7	2.15381933534771930E-4
1.49070127653876883E-7	2.10582342918027621E-4
1.49121458969691223E-7	2.04550659118680356E-4
1.49176486019713672E-7	1.95991704163140934E-4
1.49245383803775811E-7	1.82935579502078438E-4
1.49314901137734246E-7	1.67789289119795715E-4
1.49365292270112437E-7	1.56344322008595138E-4
1.49419294299991101E-7	1.43762872987920365E-4
1.49488503304373044E-7	1.27474004959991194E-4
1.49570127653882201E-7	1.08880712762703635E-4
1.49621458969696786E-7	9.80443293772195190E-5
1.49676486019719968E-7	8.72775465137735296E-5
1.49745383803784415E-7	7.53528956568598662E-5
1.49814901137735568E-7	6.56852970997266450E-5
1.49865292270113759E-7	6.04589978689014274E-5
1.49919294299992290E-7	5.71727815023566954E-5
1.49988503304377208E-7	5.66199814358830711E-5
1.50070127653886143E-7	6.07715945488347753E-5
1.50121458969700905E-7	6.61221115304546458E-5
1.50176486019724686E-7	7.44911780150917124E-5
1.50245383803790888E-7	8.80163986725887248E-5
1.50314901137736490E-7	1.04252586764359489E-4
1.50365292270114637E-7	1.17318939453257620E-4
1.50419294299993100E-7	1.31833085180931175E-4
1.50488503304380306E-7	1.50142352643402477E-4
1.50570127653889241E-7	1.70745675487104753E-4
1.50621458969704247E-7	1.82485868223215797E-4
1.50676486019728473E-7	1.93311099246110718E-4
1.50745383803795940E-7	2.04185794413361821E-4
1.50814901137737123E-7	2.11887271589439008E-4
1.50865292270115159E-7	2.14768507977983703E-4
1.50919294299993489E-7	2.15235610143413147E-4
1.50988503304382471E-7	2.12456584412456850E-4
1.51070127653891850E-7	2.04380062881255808E-4
1.51121458969707012E-7	1.96709937729161055E-4
1.51176486019731504E-7	1.86683170049633640E-4
1.51245383803800193E-7	1.72189312012912144E-4
1.51314901137737823E-7	1.55987811345462957E-4
1.51365292270115881E-7	1.44042868634802979E-4
1.51419294299994145E-7	1.31332952051430363E-4
1.51488503304384636E-7	1.15437943474274141E-4
1.51570127653893794E-7	9.82817854819844428E-5
1.51621458969709000E-7	8.90477867701647163E-5
1.51676486019733892E-7	8.05085601242417503E-5
1.51745383803803313E-7	7.19058082485293237E-5
1.51814901137738323E-7	6.59777088865365613E-5
1.51865292270116359E-7	6.34133381886863567E-5
1.51919294299994601E-7	6.26784233175180105E-5
1.51988503304386136E-7	6.49942282671200022E-5
1.52070127653895160E-7	7.19638858152499505E-5
1.52121458969710410E-7	7.86845377015051728E-5
1.52176486019735457E-7	8.81774029629598211E-5
1.52245383803805456E-7	1.02590976372561937E-4
1.52314901137738579E-7	1.19137449828235331E-4
1.52365292270116592E-7	1.32114067462253937E-4
1.52419294299994768E-7	1.46223017190075799E-4
1.52488503304387102E-7	1.63369274623458782E-4
1.52570127653896415E-7	1.81723236532596033E-4
1.52621458969711732E-7	1.91565199896565952E-4
1.52676486019736912E-7	1.99836004619066010E-4
1.52745383803807533E-7	2.06867469053655872E-4
1.52814901137738990E-7	2.10224192338394200E-4
1.52865292270117026E-7	2.09911328961694110E-4
1.52919294299995112E-7	2.07119111148624935E-4
1.52988503304388201E-7	2.00729411085517828E-4
1.53070127653897292E-7	1.89418907336447839E-4
1.53121458969712720E-7	1.80347117353137132E-4
1.53176486019737990E-7	1.69431278446872891E-4
1.53245383803809032E-7	1.54533499031785082E-4
1.53314901137739135E-7	1.38535130768011072E-4
1.53365292270117082E-7	1.27090601057742281E-4
1.53419294299995257E-7	1.15270260571284044E-4
1.53488503304388768E-7	1.00845523342291998E-4
1.53570127653897881E-7	8.58299444652740284E-5
1.53621458969713331E-7	7.83819630084237051E-5
1.53676486019738712E-7	7.21845252577805052E-5
1.53745383803809976E-7	6.70427381870186689E-5
1.53814901137739302E-7	6.51325617430951720E-5
1.53865292270117315E-7	6.56569068067833772E-5
1.53919294299995379E-7	6.81344382374815449E-5
1.53988503304389246E-7	7.42526177109883712E-5
1.54070127653898314E-7	8.48558024290362134E-5
1.54121458969713787E-7	9.29495217724299749E-5
1.54176486019739256E-7	1.03136781737610717E-4
1.54245383803810698E-7	1.17527465959039668E-4
1.54314901137739402E-7	1.33138127406049067E-4
1.54365292270117349E-7	1.45038705368678311E-4
1.54419294299995435E-7	1.57874221337643528E-4
1.54488503304389657E-7	1.73326475973912553E-4
1.54570127653898881E-7	1.89714174971893046E-4
1.54621458969714398E-7	1.98478198872504508E-4
1.54676486019739934E-7	2.05518686166005260E-4
1.54745383803811554E-7	2.10775702910105878E-4
1.54814901137739547E-7	2.11986408122657721E-4
1.54865292270117516E-7	2.09725057506197210E-4
1.54919294299995536E-7	2.04466292731270327E-4
1.54988503304390091E-7	1.94699245904960705E-4
1.55070127653899270E-7	1.79470336818695175E-4
1.55121458969714743E-7	1.68175927889835508E-4
1.55176486019740323E-7	1.55403366419168498E-4
1.55245383803812120E-7	1.39223128739310509E-4
1.55314901137739603E-7	1.23206018352973934E-4
1.55365292270117616E-7	1.12615827456041662E-4
1.55419294299995681E-7	1.02473792735357438E-4
1.55488503304390346E-7	9.10623683328419276E-5
1.55570127653899482E-7	8.04451789698431519E-5
1.55621458969714999E-7	7.59823954759142595E-5
1.55676486019740601E-7	7.29236156022176729E-5
1.55745383803812576E-7	7.13358727895806677E-5
1.55814901137739703E-7	7.25374082084805938E-5
1.55865292270117672E-7	7.49629746179795386E-5
1.55919294299995670E-7	7.90930554811700848E-5
1.55988503304390602E-7	8.67903097827296222E-5
1.56070127653899715E-7	9.86841439162659029E-5
1.56121458969715254E-7	1.07118564442323261E-4
1.56176486019740901E-7	1.17145911400772995E-4
1.56245383803812943E-7	1.30783451114046234E-4
1.56314901137739826E-7	1.45034732708863245E-4
1.56365292270117773E-7	1.55593338029061012E-4
1.56419294299995792E-7	1.66739505258330478E-4
1.56488503304390814E-7	1.79740629996427748E-4
1.56570127653899860E-7	1.92841032580065086E-4
1.56621458969715355E-7	1.99509591280208287E-4
1.56676486019741024E-7	2.04393384834013991E-4
1.56745383803813199E-7	2.06932574567380412E-4
1.56814901137739815E-7	2.05564345534782911E-4
1.56865292270117807E-7	2.01631653178221404E-4
1.56919294299995871E-7	1.94646507231000521E-4
1.56988503304390936E-7	1.82685228308448799E-4
1.57070127653899894E-7	1.65031627795077074E-4
1.57121458969715388E-7	1.52332512377563667E-4
1.57176486019741057E-7	1.38274170409655683E-4
1.57245383803813255E-7	1.21105178247358114E-4
1.57314901137739915E-7	1.04948771300834376E-4
1.57365292270117840E-7	9.49726493477714406E-5
1.57419294299995860E-7	8.63325851168513481E-5
1.57488503304391081E-7	7.79194379063037523E-5
1.57570127653900016E-7	7.18868951040452142E-5
1.57621458969715578E-7	7.06785846150918928E-5
1.57676486019741291E-7	7.13105276479277794E-5
1.57745383803813533E-7	7.41466509106271054E-5
1.57814901137739971E-7	7.92925361873147772E-5
1.57865292270117918E-7	8.40585218268555856E-5
1.57919294299995894E-7	9.00565735451489324E-5
1.57988503304391181E-7	9.92173156626618713E-5
1.58070127653900006E-7	1.11808052993896712E-4
1.58121458969715523E-7	1.20238656917561570E-4
1.58176486019741236E-7	1.29905462683100437E-4
1.58245383803813411E-7	1.42904464664801423E-4
1.58314901137739938E-7	1.56254048540599211E-4
1.58365292270117930E-7	1.65872601399003239E-4
1.58419294299995972E-7	1.75763130154824765E-4
1.58488503304391193E-7	1.86858731997498362E-4
1.58570127653900039E-7	1.97073642834052976E-4
1.58621458969715512E-7	2.01590004983887017E-4
1.58676486019741203E-7	2.04130028738524416E-4
1.58745383803813489E-7	2.03758235260616694E-4
1.58814901137739883E-7	1.99713638051980436E-4
1.58865292270117830E-7	1.94234950448954047E-4
1.58919294299995872E-7	1.85984199787958548E-4
1.58988503304390982E-7	1.73011837543253111E-4
1.59070127653899962E-7	1.55219626360840124E-4
1.59121458969715546E-7	1.42936340618471647E-4
1.59176486019741192E-7	1.29521360715759393E-4
1.59245383803813390E-7	1.13487175570161680E-4
1.59314901137739828E-7	9.86767943626814770E-5
1.59365292270117864E-7	8.96456528569412647E-5
1.59419294299995862E-7	8.21360554446687274E-5
1.59488503304391016E-7	7.54782390954430227E-5
1.59570127653899974E-7	7.18856112189446605E-5
1.59621458969715535E-7	7.24497217652449343E-5
1.59676486019741248E-7	7.52826343091818728E-5
1.59745383803813379E-7	8.11164646909606724E-5
1.59814901137739773E-7	8.94343254210525807E-5
1.59865292270117765E-7	9.64680218400841483E-5
1.59919294299995740E-7	1.04524808152508375E-4
1.59988503304390850E-7	1.15588429743758403E-4
1.60070127653900030E-7	1.29386114905168070E-4
1.60121458969715613E-7	1.37848698357772337E-4
1.60176486019741326E-7	1.46774698461871966E-4
1.60245383803813546E-7	1.57938451202552210E-4
1.60314901137739851E-7	1.68604372734522157E-4
1.60365292270117799E-7	1.75828942206977423E-4
1.60419294299995840E-7	1.82916768719392775E-4
1.60488503304391106E-7	1.90268787299613429E-4
1.60570127653900263E-7	1.95971370967850245E-4
1.60621458969715825E-7	1.97733385279830198E-4
1.60676486019741560E-7	1.97553388315780376E-4
1.60745383803813890E-7	1.94128726948733377E-4
1.60814901137739974E-7	1.87528932710097629E-4
1.60865292270117899E-7	1.80707584971313340E-4
1.60919294299995963E-7	1.71483481301500751E-4
1.60988503304391228E-7	1.57851129288223913E-4
1.61070127653900186E-7	1.40176778445566863E-4
1.61121458969715747E-7	1.28536112968444760E-4
1.61176486019741461E-7	1.16212968675968042E-4
1.61245383803813813E-7	1.01946476315113466E-4
1.61314901137739919E-7	8.92284619193464934E-5
1.61365292270117910E-7	8.17274537897383979E-5
1.61419294299995952E-7	7.58584565336383054E-5
1.61488503304391240E-7	7.12630769463603642E-5
1.61570127653900109E-7	6.99156738526446109E-5
1.61621458969715692E-7	7.18211163614936332E-5
1.61676486019741383E-7	7.61981692283058987E-5
1.61745383803813603E-7	8.41311711594105383E-5
1.61814901137739842E-7	9.47060727086850029E-5
1.61865292270117789E-7	1.03513347519588383E-4
1.61919294299995808E-7	1.13473368227405591E-4
1.61988503304390963E-7	1.26721958054672745E-4
1.62070127653900165E-7	1.42489740928696151E-4
1.62121458969715748E-7	1.51593152897585881E-4
1.62176486019741417E-7	1.60475522148517058E-4
1.62245383803813636E-7	1.70524313670613581E-4
1.62314901137739920E-7	1.78889715999769439E-4
1.62365292270117845E-7	1.83716988224705147E-4
1.62419294299995820E-7	1.87824460162604567E-4
1.62488503304391063E-7	1.91206224662610746E-4
1.62570127653900220E-7	1.92396283000760215E-4
1.62621458969715804E-7	1.91720393041650716E-4
1.62676486019741562E-7	1.89478546273397908E-4
1.62745383803813803E-7	1.84338035041077952E-4
1.62814901137739865E-7	1.76891798319539917E-4
1.62865292270117812E-7	1.70005477853324249E-4
1.62919294299995787E-7	1.61122922486119924E-4
1.62988503304391186E-7	1.48352792437666903E-4
1.63070127653900254E-7	1.32120278102048117E-4
1.63121458969715860E-7	1.21526530519591613E-4
1.63176486019741573E-7	1.10428378832891516E-4
1.63245383803813926E-7	9.78530297554701534E-5
1.63314901137740054E-7	8.70840134243150921E-5
1.63365292270118045E-7	8.11020531588437521E-5
1.63419294299996087E-7	7.69538832874870948E-5
1.63488503304391464E-7	7.47676442957506637E-5
1.63570127653900332E-7	7.64408834354084377E-5
1.63621458969715916E-7	8.01410810017164010E-5
1.63676486019741674E-7	8.62651340835877889E-5
1.63745383803814137E-7	9.61144927053508802E-5
1.63814901137740132E-7	1.08219153159105375E-4
1.63865292270118079E-7	1.17876788792092757E-4
1.63919294299996166E-7	1.28473024497648725E-4
1.63988503304391653E-7	1.42038667520613515E-4
1.64070127653900255E-7	1.57492461003750694E-4
1.64121458969715750E-7	1.65996745245054189E-4
1.64176486019741441E-7	1.73759682788060310E-4
1.64245383803813794E-7	1.81761934286355009E-4
1.64314901137739966E-7	1.87464941281092257E-4
1.64365292270117980E-7	1.89951003545850128E-4
1.64419294299995999E-7	1.91188240066511028E-4
1.64488503304391287E-7	1.90659683429106463E-4
1.64570127653900000E-7	1.87172850628749532E-4
1.64621458969715584E-7	1.83763031058748916E-4
1.64676486019741253E-7	1.79017770494191719E-4
1.64745383803813517E-7	1.71431471198371232E-4
1.64814901137739889E-7	1.62397805108473747E-4
1.64865292270117836E-7	1.55056303540189910E-4
1.64919294299995856E-7	1.46299295821434994E-4
1.64988503304391010E-7	1.34286034406655674E-4
1.65070127653900034E-7	1.19602270222662188E-4
1.65121458969715529E-7	1.10277278769863285E-4
1.65176486019741220E-7	1.00686835503422412E-4
1.65245383803813306E-7	9.00881166533434907E-5
1.65314901137739723E-7	8.13841506825507999E-5
1.65365292270117648E-7	7.68965398324006877E-5
1.65419294299995712E-7	7.43776715074935346E-5
1.65488503304390733E-7	7.43533436415700422E-5
1.65570127653900112E-7	7.86177773300798144E-5
1.65621458969715674E-7	8.39090789848215834E-5
1.65676486019741387E-7	9.16959190167663962E-5
1.65745383803813540E-7	1.03417384583380034E-4
1.65814901137739845E-7	1.16975982619108287E-4
1.65865292270117815E-7	1.27335916557051076E-4
1.65919294299995834E-7	1.38307372177098853E-4
1.65988503304391055E-7	1.51701877563199772E-4
1.66070127653900235E-7	1.66062266869803521E-4
1.66121458969715796E-7	1.73500279777498490E-4
1.66176486019741487E-7	1.79829643937414629E-4
1.66245383803813906E-7	1.85759658399615590E-4
1.66314901137740101E-7	1.89175564767521531E-4
1.66365292270118070E-7	1.89931456939861021E-4
1.66419294299996134E-7	1.89305633269408036E-4
1.66488503304391466E-7	1.86528088096986000E-4
1.66570127653900046E-7	1.80569367463757091E-4
1.66621458969715586E-7	1.75684666125729994E-4
1.66676486019741277E-7	1.69559809974460363E-4
1.66745383803813541E-7	1.60603233737653239E-4
1.66814901137739868E-7	1.50650597298551991E-4
1.66865292270117882E-7	1.43076701542216989E-4
1.66919294299995880E-7	1.34595395202929780E-4
1.66988503304391012E-7	1.23676131923521582E-4
1.67070127653899969E-7	1.11309940580675981E-4
1.67121458969715464E-7	1.03976786997478032E-4
1.67176486019741222E-7	9.68223285293531077E-5
1.67245383803813308E-7	8.95347158338860716E-5
1.67314901137739724E-7	8.42252691389213481E-5
1.67365292270117649E-7	8.19958714485071738E-5
1.67419294299995669E-7	8.15998663611590125E-5
1.67488503304390601E-7	8.38887929747873073E-5
1.67570127653900069E-7	9.02567711613221135E-5
1.67621458969715609E-7	9.64616844708678300E-5
1.67676486019741322E-7	1.04937786917270204E-4
1.67745383803813453E-7	1.17217700181639728E-4
1.67814901137739780E-7	1.31049648524511442E-4
1.67865292270117705E-7	1.41415519337277940E-4
1.67919294299995747E-7	1.52119743453709777E-4
1.67988503304390902E-7	1.64742495447118253E-4
1.68070127653900103E-7	1.77587593678652489E-4
1.68121458969715754E-7	1.83724023963718341E-4
1.68176486019741422E-7	1.88297542862302270E-4
1.68245383803813620E-7	1.91597683237136640E-4
1.68314901137739792E-7	1.92030027474748954E-4
1.68365292270117717E-7	1.90519088103096745E-4
1.68419294299995714E-7	1.87468365890320277E-4
1.68488503304390891E-7	1.81733927376140070E-4
1.68570127653900270E-7	1.72675700721571257E-4
1.68621458969715809E-7	1.66175237643614415E-4
1.68676486019741567E-7	1.58654790740270779E-4
1.68745383803813875E-7	1.48441788934904584E-4
1.68814901137739914E-7	1.37798243901292761E-4
1.68865292270117839E-7	1.30121532476906476E-4
1.68919294299995881E-7	1.21920529551699408E-4
1.68988503304391191E-7	1.11874256803681282E-4
1.69070127653900215E-7	1.01235153174175929E-4
1.69121458969715821E-7	9.54385386308421246E-5
1.69176486019741557E-7	9.02869464577215197E-5
1.69245383803813820E-7	8.57599891428022509E-5
1.69314901137739993E-7	8.33483281898121930E-5
1.69365292270117984E-7	8.31618878289647867E-5
1.69419294299996026E-7	8.47722574233890214E-5
1.69488503304391336E-7	8.92110133316933940E-5
1.69570127653900160E-7	9.74179409379181216E-5
1.69621458969715677E-7	1.04316032190582408E-4
1.69676486019741457E-7	1.13133744981499351E-4
1.69745383803813632E-7	1.25367123118237966E-4
1.69814901137739804E-7	1.38662094016574144E-4
1.69865292270117774E-7	1.48416128739107034E-4
1.69919294299995816E-7	1.58333606655752535E-4
1.69988503304390992E-7	1.69787101870199786E-4
1.70070127653900283E-7	1.81009889804983559E-4
1.70121458969715866E-7	1.86008076176226833E-4
1.70176486019741580E-7	1.89247897594096726E-4
1.70245383803813843E-7	1.90642323121321722E-4
1.70314901137739838E-7	1.88897390364673123E-4
1.70365292270117719E-7	1.85704173371769921E-4
1.70419294299995783E-7	1.80855724524478889E-4
1.70488503304391070E-7	1.72974386743893982E-4
1.70570127653900450E-7	1.61789597575484079E-4
1.70621458969716056E-7	1.54344518761499883E-4
1.70676486019741835E-7	1.46257401172609436E-4
1.70745383803814188E-7	1.36064936348853216E-4
1.70814901137739961E-7	1.26219575963212205E-4
1.70865292270117886E-7	1.19585613096722465E-4
1.70919294299995927E-7	1.12903958036295582E-4
1.70988503304391304E-7	1.05265202172667038E-4
1.71070127653900350E-7	9.78444967125072118E-5
1.71121458969715889E-7	9.41184659246272304E-5
1.71176486019741603E-7	9.11939781578727526E-5
1.71245383803814022E-7	8.93552696126454826E-5
1.71314901137739950E-7	8.95052005904505066E-5
1.71365292270117964E-7	9.10344113852191938E-5
1.71419294299995961E-7	9.42968829486799898E-5
1.71488503304391382E-7	1.00592633582730628E-4
1.71570127653900251E-7	1.10629116855157683E-4
1.71621458969715834E-7	1.18356531379556507E-4
1.71676486019741503E-7	1.27649100541311444E-4
1.71745383803813856E-7	1.39968891987582733E-4
1.71814901137739895E-7	1.52717944047703313E-4
1.71865292270117864E-7	1.61626005872138490E-4
1.71919294299995884E-7	1.70252531642976734E-4
1.71988503304391194E-7	1.79614118447326665E-4
1.72070127653900196E-7	1.87884499988683507E-4
1.72121458969715757E-7	1.90903442101379328E-4
1.72176486019741426E-7	1.92003565433511891E-4
1.72245383803813712E-7	1.90746009410516804E-4
1.72314901137739795E-7	1.86510404569538268E-4
1.72365292270117765E-7	1.81680623110043737E-4
1.72419294299995784E-7	1.75196271401179393E-4
1.72488503304391005E-7	1.65454396400724568E-4
1.72570127653900229E-7	1.52520916983062160E-4
1.72621458969715880E-7	1.44301705037781391E-4
1.72676486019741571E-7	1.35698726570369566E-4
1.72745383803813812E-7	1.25341420181330343E-4
1.72814901137739874E-7	1.15876966516308322E-4
1.72865292270117799E-7	1.09906027641699233E-4
1.72919294299995796E-7	1.04315268844434006E-4
1.72988503304391017E-7	9.84657845710846402E-5
1.73070127653900130E-7	9.35423768097632014E-5
1.73121458969715669E-7	9.15119030243239884E-5
1.73176486019741338E-7	9.04247757125420648E-5
1.73245383803813602E-7	9.07383610529203821E-5
1.73314901137739841E-7	9.28274408145655983E-5
1.73365292270117766E-7	9.55748503379078329E-5
1.73419294299995808E-7	9.99231002769353438E-5
1.73488503304390940E-7	1.07280775079470625E-4
1.73570127653900075E-7	1.18132023338992775E-4
1.73621458969715614E-7	1.26123171216666918E-4
1.73676486019741327E-7	1.35427729197096558E-4
1.73745383803813458E-7	1.47352877385148817E-4
1.73814901137739675E-7	1.59171594103252301E-4
1.73865292270117644E-7	1.67060751878085201E-4
1.73919294299995664E-7	1.74308317810800140E-4
1.73988503304390729E-7	1.81513618766058182E-4
1.74070127653900109E-7	1.86765567950608058E-4
1.74121458969715670E-7	1.87778706100403792E-4
1.74176486019741339E-7	1.86787971282443288E-4
1.74245383803813558E-7	1.83104090117995200E-4
1.74314901137739797E-7	1.76793479236933782E-4
1.74365292270117744E-7	1.70829496255973767E-4
1.74419294299995808E-7	1.63519489717409883E-4
1.74488503304390918E-7	1.53292763808638366E-4
1.74570127653900342E-7	1.40523443979937745E-4
1.74621458969715904E-7	1.32746686160259331E-4
1.74676486019741661E-7	1.24885157331102459E-4
1.74745383803813903E-7	1.15776607831024303E-4
1.74814901137739831E-7	1.07830518920087104E-4
1.74865292270117823E-7	1.03093390155595288E-4
1.74919294299995798E-7	9.90023758578237967E-5
1.74988503304391085E-7	9.52990247019986469E-5
1.75070127653900309E-7	9.31686041729390624E-5
1.75121458969715915E-7	9.30104817366571091E-5
1.75176486019741673E-7	9.39890293301949242E-5
1.75245383803813959E-7	9.69143917957517687E-5
1.75314901137739954E-7	1.01541722535684031E-4
1.75365292270117878E-7	1.05922050171928550E-4
1.75419294299995898E-7	1.11692286237012928E-4
1.75488503304391275E-7	1.20371803105680786E-4
1.75570127653900365E-7	1.32009317279973870E-4
1.75621458969715927E-7	1.39970793386690029E-4
1.75676486019741707E-7	1.48770433036880645E-4
1.75745383803814081E-7	1.59527043920697453E-4
1.75814901137740098E-7	1.69664247713573890E-4
1.75865292270118023E-7	1.76067399503081257E-4
1.75919294299996110E-7	1.81526247548744690E-4
1.75988503304391486E-7	1.86282735014822842E-4
1.76070127653900199E-7	1.88576316910671959E-4
1.76121458969715761E-7	1.87782858099644967E-4
1.76176486019741496E-7	1.84932303974929679E-4
1.76245383803813827E-7	1.79100173173763921E-4
1.76314901137739843E-7	1.70915936709982041E-4
1.76365292270117813E-7	1.63849512543834419E-4
1.76419294299995855E-7	1.55625610560699590E-4
1.76488503304391076E-7	1.44646770862274732E-4
1.76570127653900277E-7	1.31637078080835601E-4
1.76621458969715839E-7	1.24088700221590864E-4
1.76676486019741574E-7	1.16765800033655753E-4
1.76745383803813882E-7	1.08674401132022114E-4
1.76814901137739966E-7	1.02071925370232264E-4
1.76865292270117913E-7	9.84417809949602685E-5
1.76919294299995999E-7	9.56176642078887262E-5
1.76988503304391309E-7	9.35798761820772462E-5
1.77070127653900222E-7	9.34294135567126105E-5
1.77121458969715784E-7	9.45253876205124399E-5
1.77176486019741519E-7	9.68438550582809832E-5
1.77245383803813739E-7	1.01353835782156887E-4
1.77314901137739955E-7	1.07426119850929558E-4
1.77365292270117925E-7	1.12731027445924159E-4
1.77419294299995944E-7	1.19281057332993656E-4
1.77488503304391343E-7	1.28529769534520999E-4
1.77570127653900323E-7	1.40146807394741280E-4
1.77621458969715906E-7	1.47628502551128138E-4
1.77676486019741642E-7	1.55465758973281831E-4
1.77745383803814017E-7	1.64466031682354341E-4
1.77814901137740011E-7	1.72313588565516973E-4
1.77865292270117958E-7	1.76848573776389961E-4
1.77919294299996000E-7	1.80253867366617526E-4
1.77988503304391354E-7	1.82436119600282276E-4
1.78070127653900157E-7	1.81902055631514625E-4
1.78121458969715718E-7	1.79594352984957295E-4
1.78176486019741431E-7	1.75421704566644210E-4
1.78245383803813717E-7	1.68312333506633438E-4
1.78314901137739890E-7	1.59255235774844794E-4
1.78365292270117903E-7	1.51848084214749646E-4
1.78419294299995923E-7	1.43536704817928529E-4
1.78488503304391144E-7	1.32809635330369358E-4
1.78570127653900057E-7	1.20576216938061731E-4
1.78621458969715619E-7	1.13785870662166788E-4
1.78676486019741265E-7	1.07542381519936003E-4
1.78745383803813462E-7	1.01189005610485339E-4
1.78814901137739879E-7	9.67028289213576819E-5
1.78865292270117893E-7	9.47763692676589820E-5
1.78919294299995890E-7	9.39080107179395185E-5
1.78988503304391022E-7	9.44782922210823450E-5
1.79070127653900069E-7	9.73676448322459187E-5
1.79121458969715608E-7	1.00216749546329931E-4
1.79176486019741299E-7	1.04224701947510856E-4
1.79245383803813518E-7	1.10529250626624020E-4
1.79314901137739824E-7	1.18007294441725108E-4
1.79365292270117838E-7	1.24029459095990813E-4
1.79419294299995835E-7	1.31024208001033649E-4
1.79488503304391123E-7	1.40408991861979482E-4
1.79570127653900236E-7	1.51632759126546990E-4
1.79621458969715819E-7	1.58517681198035421E-4
1.79676486019741533E-7	1.65366395317755277E-4
1.79745383803813885E-7	1.72779269605262442E-4
1.79814901137740080E-7	1.78677597682053291E-4
1.79865292270118027E-7	1.81593234639310408E-4
1.79919294299996091E-7	1.83139485368478061E-4
1.79988503304391445E-7	1.82910385884397231E-4
1.80070127653900203E-7	1.79630633598801137E-4
1.80121458969715742E-7	1.75787797296507398E-4
1.80176486019741455E-7	1.70220492076177576E-4
1.80245383803813741E-7	1.61751687870818328E-4
1.80314901137739891E-7	1.51856389324979935E-4
1.80365292270117883E-7	1.44211325684368852E-4
1.80419294299995925E-7	1.35935683610910596E-4
1.80488503304391212E-7	1.25629992061339912E-4
1.80570127653900192E-7	1.14395529463227974E-4
1.80621458969715754E-7	1.08436723873851770E-4
1.80676486019741445E-7	1.03205922161892349E-4
1.80745383803813731E-7	9.82709433785277575E-5
1.80814901137739903E-7	9.53328026932320860E-5
1.80865292270117850E-7	9.45810840362508642E-5
1.80919294299995936E-7	9.50209003426633281E-5
1.80988503304391180E-7	9.72584342560284298E-5
1.81070127653900093E-7	1.02032058343641907E-4
1.81121458969715654E-7	1.05967440496180365E-4
1.81176486019741367E-7	1.10974652155904985E-4
1.81245383803813587E-7	1.18193035813236413E-4
1.81314901137739848E-7	1.26185447963465025E-4
1.81365292270117773E-7	1.32283300386654767E-4
1.81419294299995792E-7	1.39024850289463586E-4
1.81488503304390925E-7	1.47612007351469332E-4
1.81570127653900126E-7	1.57300761317379467E-4
1.81621458969715643E-7	1.62942577018225232E-4
1.81676486019741401E-7	1.68258893789887054E-4
1.81745383803813576E-7	1.73559572267555851E-4
1.81814901137739815E-7	1.77180711018996817E-4
1.81865292270117784E-7	1.78442679202278964E-4
1.81919294299995826E-7	1.78285149738977244E-4
1.81988503304391047E-7	1.75989624834917135E-4
1.82070127653900071E-7	1.70468838608109285E-4
1.82121458969715655E-7	1.65431575966026312E-4
1.82176486019741346E-7	1.58855845402030704E-4
1.82245383803813521E-7	1.49521033720560248E-4
1.82314901137739827E-7	1.39272375503493828E-4
1.82365292270117774E-7	1.31765867961499006E-4
1.82419294299995838E-7	1.24031658864163408E-4
1.82488503304391014E-7	1.14936228074737157E-4
1.82570127653900061E-7	1.05745177453486905E-4
1.82621458969715578E-7	1.01307848530716504E-4
1.82676486019741358E-7	9.78604627769921720E-5
1.82745383803813510E-7	9.52776382326501370E-5
1.82814901137739838E-7	9.46973769797193121E-5
1.82865292270117807E-7	9.55638844029586032E-5
1.82919294299995872E-7	9.76507823955877896E-5
1.82988503304391004E-7	1.01832878920142966E-4
1.83070127653900161E-7	1.08622921247687043E-4
1.83121458969715700E-7	1.13647743718797356E-4
1.83176486019741436E-7	1.19640655372703275E-4
1.83245383803813677E-7	1.27844925479115545E-4
1.83314901137739850E-7	1.36520418224177975E-4
1.83365292270117841E-7	1.42838476078555754E-4
1.83419294299995839E-7	1.49489592805022387E-4
1.83488503304390971E-7	1.57534260035217843E-4
1.83570127653900106E-7	1.65998861254130370E-4
1.83621458969715645E-7	1.70512542431126701E-4
1.83676486019741381E-7	1.74347156679269477E-4
1.83745383803813556E-7	1.77555024942683959E-4
1.83814901137739795E-7	1.78924299064006509E-4
1.83865292270117786E-7	1.78560934574657737E-4
1.83919294299995784E-7	1.76756293310813972E-4
1.83988503304391005E-7	1.72592677984682719E-4
1.84070127653900251E-7	1.65328777029477569E-4
1.84121458969715768E-7	1.59523223425469673E-4
1.84176486019741459E-7	1.52407674536976367E-4
1.84245383803813811E-7	1.42800604292408106E-4
1.84314901137739851E-7	1.32737120224613037E-4
1.84365292270117820E-7	1.25631152898486609E-4
1.84419294299995840E-7	1.18544450203767049E-4
1.84488503304391060E-7	1.10562313265366341E-4
1.84570127653900218E-7	1.03042194459459746E-4
1.84621458969715757E-7	9.97891921343983057E-5
1.84676486019741448E-7	9.76862514664157011E-5
1.84745383803813756E-7	9.68242372728922263E-5
1.84814901137739840E-7	9.79653084221457426E-5
1.84865292270117831E-7	1.00007775642940855E-4
1.84919294299995807E-7	1.03224500780145290E-4
1.84988503304391072E-7	1.08598848530983760E-4
1.85070127653900207E-7	1.16408551446424080E-4
1.85121458969715746E-7	1.21836439862585055E-4
1.85176486019741482E-7	1.28012715169317537E-4
1.85245383803813679E-7	1.36088975751863428E-4
1.85314901137739763E-7	1.44260316836519298E-4
1.85365292270117776E-7	1.49995956089350591E-4
1.85419294299995752E-7	1.55805549771812490E-4
1.85488503304390928E-7	1.62460980280249734E-4
1.85570127653900263E-7	1.68884808910491557E-4
1.85621458969715869E-7	1.71917717176051976E-4
1.85676486019741560E-7	1.74027397789448246E-4
1.85745383803813935E-7	1.74938044588723818E-4
1.85814901137740018E-7	1.73937114162451278E-4
1.85865292270118010E-7	1.71932252612175573E-4
1.85919294299996118E-7	1.68543874265545579E-4
1.85988503304391450E-7	1.62671828060027623E-4
1.86070127653900252E-7	1.53931473885179848E-4
1.86121458969715792E-7	1.47621508739393081E-4
1.86176486019741505E-7	1.40380693529571055E-4
1.86245383803813858E-7	1.31126613784310675E-4
1.86314901137739897E-7	1.21929620099366987E-4
1.86365292270117822E-7	1.15741179904617031E-4
1.86419294299995908E-7	1.09869477207331556E-4
1.86488503304391173E-7	1.03668316707839203E-4
1.86570127653900353E-7	9.84290573306276606E-5
1.86621458969715959E-7	9.66270690668585175E-5
1.86676486019741716E-7	9.60970926123047775E-5
1.86745383803814091E-7	9.72033886264919111E-5
1.86814901137740064E-7	1.00273599601874341E-4
1.86865292270118077E-7	1.03640740956793431E-4
1.86919294299996097E-7	1.08193726134294876E-4
1.86988503304391629E-7	1.15121921334443678E-4
1.87070127653900387E-7	1.24455306924163867E-4
1.87121458969715926E-7	1.30584207778968620E-4
1.87176486019741684E-7	1.37224598447931023E-4
1.87245383803814169E-7	1.45466028595443686E-4
1.87314901137740097E-7	1.53317693083714457E-4
1.87365292270118133E-7	1.58496947608048488E-4
1.87419294299996153E-7	1.63426906037038533E-4
1.87488503304391596E-7	1.68651540515970844E-4
1.87570127653900176E-7	1.73082053922362111E-4
1.87621458969715649E-7	1.74748251132772259E-4
1.87676486019741340E-7	1.75348944923070516E-4
1.87745383803813715E-7	1.74431443125384722E-4
1.87814901137740087E-7	1.71729435701710842E-4
1.87865292270118056E-7	1.68617542115682695E-4
1.87919294299996142E-7	1.64200019399269292E-4
1.87988503304391430E-7	1.57310911157879318E-4
1.88070127653899832E-7	1.47846232339866956E-4
1.88121458969715327E-7	1.41391810447367439E-4
1.88176486019741018E-7	1.34287509927041859E-4
1.88245383803813171E-7	1.25583386536457819E-4
1.88314901137739743E-7	1.17364112872598803E-4
1.88365292270117757E-7	1.12120664987001595E-4
1.88419294299995732E-7	1.07423549541770513E-4
1.88488503304390931E-7	1.02884930210859427E-4
1.88570127653900244E-7	9.97574284078046247E-5
1.88621458969715827E-7	9.92585293701148963E-5
1.88676486019741518E-7	1.00038656228937572E-4
1.88745383803813782E-7	1.02636247129203229E-4
1.88814901137739977E-7	1.06999775638163674E-4
1.88865292270117902E-7	1.11131231855825940E-4
1.88919294299995943E-7	1.16315578065553771E-4
1.88988503304391187E-7	1.23759983636114490E-4
1.89070127653900144E-7	1.33291510763808452E-4
1.89121458969715706E-7	1.39312954597129623E-4
1.89176486019741441E-7	1.45593371096880064E-4
1.89245383803813616E-7	1.53012499994853357E-4
1.89314901137739855E-7	1.59649220917704993E-4
1.89365292270117780E-7	1.63717903005560705E-4
1.89419294299995888E-7	1.67243809582125591E-4
1.89488503304391043E-7	1.70416920459837717E-4
1.89570127653900111E-7	1.72185688091490974E-4
1.89621458969715695E-7	1.72153637708605034E-4
1.89676486019741386E-7	1.71000724139228955E-4
1.89745383803813628E-7	1.68052403424822105E-4
1.89814901137739911E-7	1.63568586089768475E-4
1.89865292270117858E-7	1.59429872025340624E-4
1.89919294299995967E-7	1.54212662674269052E-4
1.89988503304391099E-7	1.46704763400480820E-4
1.90070127653899967E-7	1.37043741855666679E-4
1.90121458969715551E-7	1.30787653441416074E-4
1.90176486019741220E-7	1.24187258849850513E-4
1.90245383803813417E-7	1.16428811653989350E-4
1.90314901137739811E-7	1.09467787701839203E-4
1.90365292270117781E-7	1.05309547012457827E-4
1.90419294299995800E-7	1.01933829857579172E-4
1.90488503304390955E-7	9.92507926889505576E-5
1.90570127653900157E-7	9.84539044874072289E-5
1.90621458969715718E-7	9.94279528710815264E-5
1.90676486019741431E-7	1.01760526920593564E-4
1.90745383803813606E-7	1.06198184664150186E-4
1.90814901137739756E-7	1.12186166514821717E-4
1.90865292270117748E-7	1.17280632752275027E-4
1.90919294299995723E-7	1.23269899599668586E-4
1.90988503304390900E-7	1.31396153820891470E-4
1.91070127653900101E-7	1.41209380976411047E-4
1.91121458969715663E-7	1.47108943724995589E-4
1.91176486019741354E-7	1.53010494243276418E-4
1.91245383803813551E-7	1.59664612021575980E-4
1.91314901137739790E-7	1.65250220602023878E-4
1.91365292270117715E-7	1.68396877106146414E-4
1.91419294299995757E-7	1.70806819160390022E-4
1.91488503304390978E-7	1.72458255190658338E-4
1.91570127653900313E-7	1.72373009852015358E-4
1.91621458969715874E-7	1.71174687726326602E-4
1.91676486019741610E-7	1.68822003874454674E-4
1.91745383803813896E-7	1.64523883941527482E-4
1.91814901137739957E-7	1.58910966376057261E-4
1.91865292270117926E-7	1.54155248451196369E-4
1.91919294299995991E-7	1.48513555295624688E-4
1.91988503304391323E-7	1.40839481483455242E-4
1.92070127653900280E-7	1.31534819849577622E-4
1.92121458969715886E-7	1.25808022684616128E-4
1.92176486019741577E-7	1.20018510072749129E-4
1.92245383803813930E-7	1.13563836271893459E-4
1.92314901137739946E-7	1.08177738141324742E-4
1.92365292270117894E-7	1.05245858313946616E-4
1.92419294299995935E-7	1.03202164929203466E-4
1.92488503304391223E-7	1.02205146350639620E-4
1.92570127653900203E-7	1.03321957187220215E-4
1.92621458969715742E-7	1.05393323695720342E-4
1.92676486019741455E-7	1.08770771988690340E-4
1.92745383803813763E-7	1.14304624217096396E-4
1.92814901137739980E-7	1.21130590592548160E-4
1.92865292270117950E-7	1.26620929614530553E-4
1.92919294299995991E-7	1.32781632968479890E-4
1.92988503304391235E-7	1.40742731698991119E-4
1.93070127653900081E-7	1.49836002955712666E-4
1.93121458969715620E-7	1.54995924403822993E-4
1.93176486019741311E-7	1.59854496706906679E-4
1.93245383803813531E-7	1.64901185380256177E-4
1.93314901137739836E-7	1.68610552754914766E-4
1.93365292270117872E-7	1.70307582849592243E-4
1.93419294299995848E-7	1.71125297989195424E-4
1.93488503304391068E-7	1.70739155818583033E-4
1.93570127653900137E-7	1.68343146685168144E-4
1.93621458969715721E-7	1.65834478001289654E-4
1.93676486019741412E-7	1.62250566319084433E-4
1.93745383803813587E-7	1.56654955322119527E-4
1.93814901137739781E-7	1.50039821835206277E-4
1.93865292270117795E-7	1.44801440227127065E-4
1.93919294299995792E-7	1.38906252551238540E-4
1.93988503304390925E-7	1.31261072639308995E-4
1.94070127653899993E-7	1.22466095258066954E-4
1.94121458969715555E-7	1.17352275132572093E-4
1.94176486019741246E-7	1.12491804600271017E-4
1.94245383803813421E-7	1.07493555538994845E-4
1.94314901137739815E-7	1.03819747413407826E-4
1.94365292270117762E-7	1.02237061488389469E-4
1.94419294299995782E-7	1.01699459106967249E-4
1.94488503304390847E-7	1.02617412922892925E-4
1.94570127653900116E-7	1.05848981955994792E-4
1.94621458969715699E-7	1.09089101497591301E-4
1.94676486019741390E-7	1.13552802407192743E-4
1.94745383803813565E-7	1.20187307058984549E-4
1.94814901137739760E-7	1.27785968534212113E-4
1.94865292270117729E-7	1.33598928086976709E-4
1.94919294299995771E-7	1.39887077008406369E-4
1.94988503304390881E-7	1.47720557775330485E-4
1.95070127653900083E-7	1.56260864557943324E-4
1.95121458969715622E-7	1.60850570484009503E-4
1.95176486019741358E-7	1.64920648161238081E-4
1.95245383803813510E-7	1.68783601938580197E-4
1.95314901137739705E-7	1.71111235451864241E-4
1.95365292270117652E-7	1.71722182305307403E-4
1.95419294299995627E-7	1.71344937862072655E-4
1.95488503304390759E-7	1.69472841279274666E-4
1.95570127653900183E-7	1.65473638095981368E-4
1.95621458969715722E-7	1.62106418836253230E-4
1.95676486019741436E-7	1.57786708828514044E-4
1.95745383803813655E-7	1.51592450755139496E-4
1.95814901137739827E-7	1.44759414693098387E-4
1.95865292270117664E-7	1.39605604761136814E-4
1.95919294299995750E-7	1.34027701632765739E-4
1.95988503304390971E-7	1.27111094213860909E-4
1.96070127653900506E-7	1.19582300405485542E-4
1.96121458969716045E-7	1.15444076724305766E-4
1.96176486019741825E-7	1.11768366389039042E-4
1.96245383803814177E-7	1.08399263495920795E-4
1.96314901137739950E-7	1.06481450013950618E-4
1.96365292270117964E-7	1.06184873308907712E-4
1.96419294299995961E-7	1.06978581376684145E-4
1.96488503304391382E-7	1.09480891428968219E-4
1.96570127653900073E-7	1.14365359226829844E-4
1.96621458969715612E-7	1.18441310286042722E-4
1.96676486019741303E-7	1.23556476594187692E-4
1.96745383803813589E-7	1.30669697238585991E-4
1.96814901137739851E-7	1.38357883500423062E-4
1.96865292270117842E-7	1.43957245886088314E-4
1.96919294299995817E-7	1.49742229491442380E-4
1.96988503304391083E-7	1.56578966640935491E-4
1.97070127653900107E-7	1.63525091963685032E-4
1.97121458969715646E-7	1.66939493536907468E-4
1.97176486019741359E-7	1.69630826541639101E-4
1.97245383803813557E-7	1.71645186302632213E-4
1.97314901137739862E-7	1.72055918115244455E-4
1.97365292270117876E-7	1.71308058172988797E-4
1.97419294299995829E-7	1.69529670202767679E-4
1.97488503304391050E-7	1.65978810295360524E-4
1.97570127653900030E-7	1.60234167492842428E-4
1.97621458969715613E-7	1.55981609739562721E-4
1.97676486019741349E-7	1.50945634171855314E-4
1.97745383803813501E-7	1.44188606957674526E-4
1.97814901137739807E-7	1.37176843990701336E-4
1.97865292270117732E-7	1.32172523555998334E-4
1.97919294299995840E-7	1.27028545422501771E-4
1.97988503304390928E-7	1.20989769164640615E-4
1.98070127653900085E-7	1.14860593271547229E-4
1.98121458969715691E-7	1.11767633998936944E-4
1.98176486019741338E-7	1.09337805019759338E-4
1.98245383803813535E-7	1.07605032245846810E-4
1.98314901137739752E-7	1.07351387527520181E-4
1.98365292270117655E-7	1.08229932050368172E-4
1.98419294299995719E-7	1.10229354027922466E-4
1.98488503304390829E-7	1.14141089948483487E-4
1.98570127653900230E-7	1.20438155980180994E-4
1.98621458969715770E-7	1.25216629714824501E-4
1.98676486019741505E-7	1.30892428955722018E-4
1.98745383803813747E-7	1.38435767331298254E-4
1.98814901137739763E-7	1.46208475311958619E-4
1.98865292270117711E-7	1.51630369233773910E-4
1.98919294299995686E-7	1.57015411299583363E-4
1.98988503304390951E-7	1.63076275743951205E-4
1.99070127653900286E-7	1.68761638484144272E-4
1.99121458969715937E-7	1.71234050312803476E-4
1.99176486019741628E-7	1.72844584198218687E-4
1.99245383803813980E-7	1.73478497671462017E-4
1.99314901137739930E-7	1.72542803564914005E-4
1.99365292270117855E-7	1.70900742670923345E-4
1.99419294299995897E-7	1.68278044148943140E-4
1.99488503304391274E-7	1.63869531878884422E-4
1.99570127653900320E-7	1.57464925261783195E-4
1.99621458969715881E-7	1.53006217375264453E-4
1.99676486019741661E-7	1.47944718676592535E-4
1.99745383803813925E-7	1.41452205442469725E-4
1.99814901137739964E-7	1.35019649467526737E-4
1.99865292270117956E-7	1.30615275422204991E-4
1.99919294299995998E-7	1.26286284610059241E-4
1.99988503304391374E-7	1.21520184957571553E-4
2.00070127653900220E-7	1.17167241694482183E-4
2.00121458969715871E-7	1.15287351689862172E-4
2.00176486019741606E-7	1.14204405021233679E-4
2.00245383803813803E-7	1.14182840095337057E-4
2.00314901137739776E-7	1.15634794545889652E-4
2.00365292270117701E-7	1.17659720776136822E-4
2.00419294299995787E-7	1.20736297407661208E-4
2.00488503304391097E-7	1.25786822093686679E-4
2.00570127653900299E-7	1.33069050730258120E-4
2.00621458969715905E-7	1.38215206283271774E-4
2.00676486019741596E-7	1.44023121905645590E-4
2.00745383803813970E-7	1.51398270309634997E-4
2.00814901137739987E-7	1.58649594622450096E-4
2.00865292270117912E-7	1.63472813779153037E-4
2.00919294299995954E-7	1.68006182674152793E-4
2.00988503304391397E-7	1.72720215732294791E-4
2.01070127653900244E-7	1.76540727898086836E-4
2.01121458969715805E-7	1.77745257360925590E-4
2.01176486019741541E-7	1.77946369469548671E-4
2.01245383803813827E-7	1.76806525316438190E-4
2.01314901137740065E-7	1.74174235152934909E-4
2.01365292270117990E-7	1.71436387315637750E-4
2.01419294299996032E-7	1.67802934254774438E-4
2.01488503304391298E-7	1.62362912202521636E-4
2.01570127653900322E-7	1.55157904318332784E-4
2.01621458969715883E-7	1.50474041618677967E-4
2.01676486019741574E-7	1.45417939475413371E-4
2.01745383803813993E-7	1.39232580174280107E-4
2.01814901137740099E-7	1.33414937907179132E-4
2.01865292270118069E-7	1.29640155652810929E-4
2.01919294299996155E-7	1.26152983567804355E-4
2.01988503304391420E-7	1.22635724781462208E-4
2.02070127653899956E-7	1.19930118565099586E-4
2.02121458969715473E-7	1.19160968762187736E-4
2.02176486019741164E-7	1.19321087157616534E-4
2.02245383803813272E-7	1.20857695424899725E-4
2.02314901137739778E-7	1.23829890393612452E-4
2.02365292270117703E-7	1.26886481252520777E-4
2.02419294299995700E-7	1.30959388335298810E-4
2.02488503304390788E-7	1.37067158702748748E-4
2.02570127653899945E-7	1.45220034477897775E-4
2.02621458969715462E-7	1.50651155575873519E-4
2.02676486019741198E-7	1.56512455965867381E-4
2.02745383803813350E-7	1.63625771907447692E-4
2.02814901137739811E-7	1.70258271756897561E-4
2.02865292270117781E-7	1.74439221939218547E-4
2.02919294299995823E-7	1.78157430545864370E-4
2.02988503304390955E-7	1.81713600591510294E-4
2.03070127653900023E-7	1.84075827822984284E-4
2.03121458969715540E-7	1.84377206956588213E-4
2.03176486019741187E-7	1.83665345461107354E-4
2.03245383803813384E-7	1.81505427993316371E-4
2.03314901137739845E-7	1.78027346519567753E-4
2.03365292270117859E-7	1.74825995515953947E-4
2.03419294299995812E-7	1.70865168894232866E-4
2.03488503304390989E-7	1.65284916255945591E-4
2.03570127653900101E-7	1.58315934037174300E-4
2.03621458969715663E-7	1.54005576185357329E-4
2.03676486019741310E-7	1.49554201424228417E-4
2.03745383803813507E-7	1.44406848300817936E-4
2.03814901137739657E-7	1.39915613128837024E-4
2.03865292270117582E-7	1.37235952295487218E-4
2.03919294299995624E-7	1.35021561423592540E-4
2.03988503304390756E-7	1.33240667820235470E-4
2.04070127653900268E-7	1.32674935103859459E-4
2.04121458969715830E-7	1.33230993119279306E-4
2.04176486019741521E-7	1.34747370365629404E-4
2.04245383803813851E-7	1.37866573057289887E-4
2.04314901137740002E-7	1.42277978888603895E-4
2.04365292270117971E-7	1.46227491165538526E-4
2.04419294299995968E-7	1.51067944481712413E-4
2.04488503304391411E-7	1.57880722986790256E-4
2.04570127653900347E-7	1.66479039913062410E-4
2.04621458969715952E-7	1.71931525604891577E-4
2.04676486019741688E-7	1.77546928400332638E-4
2.04745383803814063E-7	1.84023991557315214E-4
2.04814901137740124E-7	1.89693114356154635E-4
2.04865292270118049E-7	1.92994867689529626E-4
2.04919294299996135E-7	1.95628159139974889E-4
2.04988503304391578E-7	1.97670095003285717E-4
2.05070127653900158E-7	1.98192712665280624E-4
2.05121458969715631E-7	1.97407422441252955E-4
2.05176486019741411E-7	1.95632447025185452E-4
2.05245383803813697E-7	1.92312863690972113E-4
2.05314901137739803E-7	1.87932858012107751E-4
2.05365292270117816E-7	1.84292685952689750E-4
2.05419294299995858E-7	1.80061567661553545E-4
2.05488503304391035E-7	1.74402982693978137E-4
2.05570127653900192E-7	1.67716676889922844E-4
2.05621458969715798E-7	1.63793871456574003E-4
2.05676486019741533E-7	1.59937227744004629E-4
2.05745383803813819E-7	1.55742531698769171E-4
2.05814901137739925E-7	1.52420474210195289E-4
2.05865292270117894E-7	1.50720761832263195E-4
2.05919294299995936E-7	1.49678867011305949E-4
2.05988503304391202E-7	1.49502682399035169E-4
2.06070127653900226E-7	1.50906451873452419E-4
2.06121458969715832E-7	1.52706530497302517E-4
2.06176486019741523E-7	1.55511907564958296E-4
2.06245383803813898E-7	1.60097168745349805E-4
2.06314901137739959E-7	1.65770729909466041E-4
2.06365292270117884E-7	1.70461643382672201E-4
2.06419294299996015E-7	1.75907285973859961E-4
2.06488503304391324E-7	1.83205271119242119E-4
2.06570127653900082E-7	1.91966533617770385E-4
2.06621458969715688E-7	1.97297020124430356E-4
2.06676486019741423E-7	2.02600372180373478E-4
2.06745383803813576E-7	2.08474416249837580E-4
2.06814901137739771E-7	2.13328434409347345E-4
2.06865292270117695E-7	2.15955201541160413E-4
2.06919294299995737E-7	2.17835433037212933E-4
2.06988503304390870E-7	2.18922749237837921E-4
2.07070127653900116E-7	2.18386271678728772E-4
2.07121458969715810E-7	2.17040841017773589E-4
2.07176486019741413E-7	2.14803695658820626E-4
2.07245383803813654E-7	2.11126988079234401E-4
2.07314901137739849E-7	2.06679978344541260E-4
2.07365292270117774E-7	2.03207954709014160E-4
2.07419294299995816E-7	1.99381710082599461E-4
2.07488503304391081E-7	1.94564597245343274E-4
2.07570127653900283E-7	1.89293475141719059E-4
2.07621458969715889E-7	1.86454047558343206E-4
2.07676486019741580E-7	1.83906946522971237E-4
2.07745383803813866E-7	1.81524621723021551E-4
2.07814901137739882E-7	1.80158567385087820E-4
2.07865292270117807E-7	1.79907737218185115E-4
2.07919294299995805E-7	1.80427416098240201E-4
2.07988503304391159E-7	1.82238593818159766E-4
2.08070127653900272E-7	1.85935083516078281E-4
2.08121458969715833E-7	1.89100877406025125E-4
2.08176486019741613E-7	1.93255296948135369E-4
2.08245383803813855E-7	1.99344780088708395E-4
2.08314901137740005E-7	2.06305889139555410E-4
2.08365292270117930E-7	2.11727696441708035E-4
2.08419294299995972E-7	2.17716028351900714E-4
2.08488503304391326E-7	2.25379280718458119E-4
2.08570127653900217E-7	2.34143701618230526E-4
2.08621458969715778E-7	2.39230610983606073E-4
2.08676486019741514E-7	2.44064122688437424E-4
2.08745383803813800E-7	2.49134796779506607E-4
2.08814901137739906E-7	2.53015689816567590E-4
2.08865292270117830E-7	2.54895473355295055E-4
2.08919294299995872E-7	2.55975889167018078E-4
2.08988503304391138E-7	2.56099474285386197E-4
2.09070127653900162E-7	2.54606084446660308E-4
2.09121458969715768E-7	2.52834085803854069E-4
2.09176486019741503E-7	2.50303403459386775E-4
2.09245383803813700E-7	2.46483713164025886E-4
2.09314901137739806E-7	2.42184031284883261E-4
2.09365292270117775E-7	2.39022351305478731E-4
2.09419294299995773E-7	2.35718512172148609E-4
2.09488503304391038E-7	2.31818549000401752E-4
2.09570127653900240E-7	2.27966999071139842E-4
2.09621458969715846E-7	2.26202743329806744E-4
2.09676486019741581E-7	2.24960934947846125E-4
2.09745383803813823E-7	2.24358171237322601E-4
2.09814901137739751E-7	2.24895682597642566E-4
2.09865292270117720E-7	2.26069274595010139E-4
2.09919294299995718E-7	2.28126834810773227E-4
2.09988503304391028E-7	2.31843457617984017E-4
2.10070127653900274E-7	2.37641075517975597E-4
2.10121458969715924E-7	2.42022256479728348E-4
2.10176486019741615E-7	2.47353427663489711E-4
2.10245383803813901E-7	2.54698193357384195E-4
2.10314901137739962E-7	2.62666633504984537E-4
2.10365292270117887E-7	2.68649522767703619E-4
2.10419294299996018E-7	2.75078319516214709E-4
2.10488503304391239E-7	2.83074524101223357E-4
2.10570127653900308E-7	2.91914496243615362E-4
2.10621458969715825E-7	2.96889294141168492E-4
2.10676486019741560E-7	3.01492491960425557E-4
2.10745383803813802E-7	3.06156258503930756E-4
2.10814901137739863E-7	3.09534013002669184E-4
2.10865292270117877E-7	3.11055131143550145E-4
2.10919294299995874E-7	3.11821458398148410E-4
2.10988503304391095E-7	3.11695660145969011E-4
2.11070127653900119E-7	3.10181241642163918E-4
2.11121458969715725E-7	3.08624246019224469E-4
2.11176486019741461E-7	3.06558541941385698E-4
2.11245383803813747E-7	3.03640228319126937E-4
2.11314901137739986E-7	3.00593603986719504E-4
2.11365292270117999E-7	2.98544598407204420E-4
2.11419294299995952E-7	2.96618389970489771E-4
2.11488503304391218E-7	2.94715478765302663E-4
2.11570127653900020E-7	2.93479603186895499E-4
2.11621458969715581E-7	2.93449290889901393E-4
2.11676486019741272E-7	2.94137854146328470E-4
2.11745383803813425E-7	2.96025824421014105E-4
2.11814901137739886E-7	2.99106591073139239E-4
2.11865292270117811E-7	3.02103339390460812E-4
2.11919294299995853E-7	3.06071143353216257E-4
2.11988503304390985E-7	3.12142989157744921E-4
2.12070127653900276E-7	3.20554468536325521E-4
2.12121458969715881E-7	3.26436215688082410E-4
2.12176486019741573E-7	3.33197472684576024E-4
2.12245383803813814E-7	3.42082674071493020E-4
2.12314901137739831E-7	3.51314073931043414E-4
2.12365292270117756E-7	3.57995463462886798E-4
2.12419294299995798E-7	3.64957656037690592E-4
2.12488503304391063E-7	3.73380631852620137E-4
2.12570127653900443E-7	3.82430997859833299E-4
2.12621458969716004E-7	3.87404870791218547E-4
2.12676486019741695E-7	3.91922962859922919E-4
2.12745383803814070E-7	3.96429532044209054E-4
2.12814901137740042E-7	3.99659921044108790E-4
2.12865292270117967E-7	4.01130912226661085E-4
2.12919294299996054E-7	4.01920975036492223E-4
2.12988503304391452E-7	4.01976227709097422E-4
2.13070127653900387E-7	4.00955669196011311E-4
2.13121458969715860E-7	3.99926980606082116E-4
2.13176486019741596E-7	3.98626321885177326E-4
2.13245383803813970E-7	3.96933233093656979E-4
2.13314901137739943E-7	3.95432719020076862E-4
2.13365292270117868E-7	3.94697016450365146E-4
2.13419294299995954E-7	3.94343091298596304E-4
2.13488503304391219E-7	3.94637444741105536E-4
2.13570127653900332E-7	3.96200261715945601E-4
2.13621458969715805E-7	3.98006852586698168E-4
2.13676486019741585E-7	4.00716472439372495E-4
2.13745383803813782E-7	4.05150391012807987E-4
2.13814901137739799E-7	4.10774184036053036E-4
2.13865292270117724E-7	4.15580802541661143E-4
2.13919294299995721E-7	4.21437603353910895E-4
2.13988503304391076E-7	4.29806075520944741E-4
2.14070127653900366E-7	4.40725032013206786E-4
2.14121458969715972E-7	4.48065314880586829E-4
2.14176486019741752E-7	4.56257150971545489E-4
2.14245383803814127E-7	4.66721545292048923E-4
2.14314901137739922E-7	4.77294676188368872E-4
2.14365292270117935E-7	4.84785431651069931E-4
2.14419294299995933E-7	4.92470507045355088E-4
2.14488503304391376E-7	5.01628174416718409E-4
2.14570127653900133E-7	5.11304876887371940E-4
2.14621458969715695E-7	5.16589550462168834E-4
2.14676486019741386E-7	5.21430060981468735E-4
2.14745383803813761E-7	5.26379037827717688E-4
2.14814901137739955E-7	5.30152178471422353E-4
2.14865292270117969E-7	5.32144890675709981E-4
2.14919294299995922E-7	5.33666468227434709E-4
2.14988503304391232E-7	5.34927272525712372E-4
2.15070127653900212E-7	5.35710557311799196E-4
2.15121458969715817E-7	5.36060349618734655E-4
2.15176486019741509E-7	5.36459648347073514E-4
2.15245383803813795E-7	5.37178610482849628E-4
2.15314901137739900E-7	5.38390646157039754E-4
2.15365292270117870E-7	5.39767931068852747E-4
2.15419294299995912E-7	5.41815607901773522E-4
2.15488503304391177E-7	5.45352207253241605E-4
2.15570127653900112E-7	5.50906498662296684E-4
2.15621458969715629E-7	5.55261492428560377E-4
2.15676486019741365E-7	5.60728482798424910E-4
2.15745383803813695E-7	5.68626884502400287E-4
2.15814901137739845E-7	5.77700413346927366E-4
2.15865292270117770E-7	5.84927395758386481E-4
2.15919294299995812E-7	5.93268075307357989E-4
2.15988503304390989E-7	6.04643165891826584E-4
2.16070127653900368E-7	6.18836691885673851E-4
2.16121458969716018E-7	6.28047562722194197E-4
2.16176486019741665E-7	6.38045094263064971E-4
2.16245383803814084E-7	6.50529283527082391E-4
2.16314901137739923E-7	6.62889284266829648E-4
2.16365292270117937E-7	6.71503716536849282E-4
2.16419294299995890E-7	6.80239776154022557E-4
2.16488503304391289E-7	6.90589469970942282E-4
2.16570127653900224E-7	7.01523428755792722E-4
2.16621458969715741E-7	7.07555935329916963E-4
2.16676486019741477E-7	7.13199736979049703E-4
2.16745383803813851E-7	7.19226898118573210E-4
2.16814901137740002E-7	7.24239518798039494E-4
2.16865292270117971E-7	7.27273039184565651E-4
2.16919294299996057E-7	7.30064304724657909E-4
2.16988503304391411E-7	7.33199990512624566E-4
2.17070127653900213E-7	7.36578491141559333E-4
2.17121458969715686E-7	7.38799737351859598E-4
2.17176486019741377E-7	7.41401809712212589E-4
2.17245383803813663E-7	7.45124136555253891E-4
2.17314901137739902E-7	7.49620907978596307E-4
2.17365292270117827E-7	7.53505782601747676E-4
2.17419294299995869E-7	7.58332795411099791E-4
2.17488503304391223E-7	7.65509748093507003E-4
2.17570127653900380E-7	7.75421651006463630E-4
2.17621458969715897E-7	7.82517759701019244E-4
2.17676486019741722E-7	7.90906567628733015E-4
2.17745383803814008E-7	8.02404386226287691E-4
2.17814901137740069E-7	8.15018626695048631E-4
2.17865292270118038E-7	8.24736027625402990E-4
2.17919294299996080E-7	8.35644983667014607E-4
2.17988503304391523E-7	8.50127512196552892E-4
2.18070127653900236E-7	8.67706103819453567E-4
2.18121458969715709E-7	8.78883640491170581E-4
2.18176486019741445E-7	8.90826676213880653E-4
2.18245383803813819E-7	9.05530686106601301E-4
2.18314901137740058E-7	9.19914913313523641E-4
2.18365292270117983E-7	9.29883742780030431E-4
2.18419294299996025E-7	9.40001362455981315E-4
2.18488503304391291E-7	9.52065657848021019E-4
2.18570127653900226E-7	9.64992152130500536E-4
2.18621458969715787E-7	9.72328667118482137E-4
2.18676486019741478E-7	9.79472907891665479E-4
2.18745383803813809E-7	9.87553949388267327E-4
2.18814901137739914E-7	9.94875760627356875E-4
2.18865292270117884E-7	9.99777920553610677E-4
2.18919294299995926E-7	1.00478309818427736E-3
2.18988503304391191E-7	1.01105442268637136E-3
2.19070127653900260E-7	1.01852699344135789E-3
2.19121458969715777E-7	1.02354526016510006E-3
2.19176486019741468E-7	1.02933455171190058E-3
2.19245383803813754E-7	1.03728275611936316E-3
2.19314901137739904E-7	1.04626118823161551E-3
2.19365292270117829E-7	1.05348916048450869E-3
2.19419294299995871E-7	1.06197579595797698E-3
2.19488503304391136E-7	1.07391664131279563E-3
2.19570127653900293E-7	1.08947828546880077E-3
2.19621458969715810E-7	1.10008295477828888E-3
2.19676486019741590E-7	1.11217065022968664E-3
2.19745383803813921E-7	1.12819842351038324E-3
2.19814901137739938E-7	1.14524036548770658E-3
2.19865292270117862E-7	1.15803585191187275E-3
2.19919294299995904E-7	1.17209178223770549E-3
2.19988503304391170E-7	1.19040237335673837E-3
2.20070127653900149E-7	1.21221608753309584E-3
2.20121458969715711E-7	1.22588150055123823E-3
2.20176486019741446E-7	1.24031770908115968E-3
2.20245383803813599E-7	1.25795885663538343E-3
2.20314901137739749E-7	1.27514386511835331E-3
2.20365292270117763E-7	1.28704532731344257E-3
2.20419294299995716E-7	1.29916279523319478E-3
2.20488503304390981E-7	1.31376213940895425E-3
2.20570127653900228E-7	1.32971481328761509E-3
2.20621458969715745E-7	1.33902475930967380E-3
2.20676486019741480E-7	1.34837732170026503E-3
2.20745383803813677E-7	1.35940450472987306E-3
2.20814901137739872E-7	1.36996705725408208E-3
2.20865292270117797E-7	1.37741269513211995E-3
2.20919294299995839E-7	1.38532197894272824E-3
2.20988503304391104E-7	1.39557181914156159E-3
2.21070127653900217E-7	1.40809846088501778E-3
2.21121458969715778E-7	1.41648452731324603E-3
2.21176486019741514E-7	1.42601520137735482E-3
2.21245383803813800E-7	1.43879485064412638E-3
2.21314901137740083E-7	1.45279232913667933E-3
2.21365292270118008E-7	1.46370970815109791E-3
2.21419294299996139E-7	1.47616543299029468E-3
2.21488503304391449E-7	1.49317299586793273E-3
2.21570127653899895E-7	1.51465105769397601E-3
2.21621458969715412E-7	1.52891147868415223E-3
2.21676486019741104E-7	1.54483248590658384E-3
2.21745383803813301E-7	1.56551100561561674E-3
2.21814901137739673E-7	1.58708246164368694E-3
2.21865292270117687E-7	1.60304745570436813E-3
2.21919294299995684E-7	1.62036642623919458E-3
2.21988503304390727E-7	1.64265650089876480E-3
2.22070127653899974E-7	1.66889649362129999E-3
2.22121458969715535E-7	1.68521396085666519E-3
2.22176486019741271E-7	1.70237178408490508E-3
2.22245383803813379E-7	1.72327758257442043E-3
2.22314901137739795E-7	1.74365006205969886E-3
2.22365292270117720E-7	1.75783776454421559E-3
2.22419294299995762E-7	1.77242237847130446E-3
2.22488503304390850E-7	1.79024856641520724E-3
2.22570127653900141E-7	1.81014321727396266E-3
2.22621458969715702E-7	1.82207506775199057E-3
2.22676486019741393E-7	1.83440263557759842E-3
2.22745383803813590E-7	1.84938443056237722E-3
2.22814901137739785E-7	1.86422805957961679E-3
2.22865292270117710E-7	1.87498760953064592E-3
2.22919294299995752E-7	1.88665172899651012E-3
2.22988503304390928E-7	1.90198262650224725E-3
2.23070127653900308E-7	1.92083943595525741E-3
2.23121458969715958E-7	1.93337023844912315E-3
2.23176486019741738E-7	1.94746819989819686E-3
2.23245383803813979E-7	1.96609278553887501E-3
2.23314901137739952E-7	1.98608359836754689E-3
2.23365292270117877E-7	2.00136488783277455E-3
2.23419294299995874E-7	2.01849665844888237E-3
2.23488503304391362E-7	2.04146282547388713E-3
2.23570127653900341E-7	2.06987170645221008E-3
2.23621458969715947E-7	2.08839079119239202E-3
2.23676486019741683E-7	2.10876085671892444E-3
2.23745383803813969E-7	2.13484019223663513E-3
2.23814901137740030E-7	2.16167005671788504E-3
2.23865292270117999E-7	2.18130352540422967E-3
2.23919294299995997E-7	2.20239981333769519E-3
2.23988503304391484E-7	2.22934144898941788E-3
2.24070127653900464E-7	2.26083120639120461E-3
2.24121458969716070E-7	2.28031964433320855E-3
2.24176486019741805E-7	2.30075637980469105E-3
2.24245383803814269E-7	2.32564942197312252E-3
2.24314901137740064E-7	2.34997319970054708E-3
2.24365292270118033E-7	2.36700435274037213E-3
2.24419294299996031E-7	2.38463702532996757E-3
2.24488503304391429E-7	2.40643753423302309E-3
2.24570127653900231E-7	2.43118999284101722E-3
2.24621458969715704E-7	2.44632133818605757E-3
2.24676486019741484E-7	2.46222522610022798E-3
2.24745383803813681E-7	2.48190244452422704E-3
2.24814901137739831E-7	2.50177099778863976E-3
2.24865292270117800E-7	2.51636244218539984E-3
2.24919294299995887E-7	2.53228634582568901E-3
2.24988503304391152E-7	2.55327236297476645E-3
2.25070127653900220E-7	2.57905734025629130E-3
2.25121458969715782E-7	2.59605370777799171E-3
2.25176486019741429E-7	2.61499107749802118E-3
2.25245383803813715E-7	2.63969895013919054E-3
2.25314901137739820E-7	2.66583761405428721E-3
2.25365292270117745E-7	2.68555189303274044E-3
2.25419294299995787E-7	2.70737874298358827E-3
2.25488503304391008E-7	2.73624785676192328E-3
2.25570127653900165E-7	2.77144952457119853E-3
2.25621458969715682E-7	2.79413318611655015E-3
2.25676486019741462E-7	2.81884301724990305E-3
2.25745383803813660E-7	2.85014989256952145E-3
2.25814901137739943E-7	2.88204261253663674E-3
2.25865292270117912E-7	2.90521698972056974E-3
2.25919294299995865E-7	2.92996537578061877E-3
2.25988503304391175E-7	2.96138977123998659E-3
2.26070127653900155E-7	2.99793084881000560E-3
2.26121458969715761E-7	3.02050372893936814E-3
2.26176486019741407E-7	3.04418568528856293E-3
2.26245383803813693E-7	3.07307288098054343E-3
2.26314901137739888E-7	3.10141239786756406E-3
2.26365292270117813E-7	3.12140932243510072E-3
2.26419294299995810E-7	3.14230950397017850E-3
2.26488503304391209E-7	3.16844381926190710E-3
2.26570127653900366E-7	3.19854682933465417E-3
2.26621458969715972E-7	3.21723290825983055E-3
2.26676486019741619E-7	3.23713641430903598E-3
2.26745383803813993E-7	3.26204690157383137E-3
2.26814901137739833E-7	3.28745166956952728E-3
2.26865292270117802E-7	3.30623211599393718E-3
2.26919294299995755E-7	3.32680583869338697E-3
2.26988503304390976E-7	3.35393672385581665E-3
2.27070127653900222E-7	3.38717531095893376E-3
2.27121458969715739E-7	3.40893993847632082E-3
2.27176486019741430E-7	3.43304187116284165E-3
2.27245383803813672E-7	3.46422395674611661E-3
2.27314901137739822E-7	3.49685056267912975E-3
2.27365292270117791E-7	3.52120796273994952E-3
2.27419294299995745E-7	3.54793241372142143E-3
2.27488503304391054E-7	3.58293753505563384E-3
2.27570127653900300E-7	3.62514925114556075E-3
2.27621458969715817E-7	3.65209113941361796E-3
2.27676486019741509E-7	3.68122295619207129E-3
2.27745383803813795E-7	3.71786028856208794E-3
2.27814901137739856E-7	3.75490798048550012E-3
2.27865292270117825E-7	3.78168065622577654E-3
2.27919294299995823E-7	3.81015003600799673E-3
2.27988503304391088E-7	3.84618105364600060E-3
2.28070127653900290E-7	3.88796562223975295E-3
2.28121458969715851E-7	3.91374643523379895E-3
2.28176486019741542E-7	3.94080696562888821E-3
2.28245383803813828E-7	3.97387892744226034E-3
2.28314901137739845E-7	4.00643924911111338E-3
2.28365292270117770E-7	4.02953686562355529E-3
2.28419294299995856E-7	4.05382732261624490E-3
2.28488503304391033E-7	4.08444864005230812E-3
2.28570127653900057E-7	4.12009282791231790E-3
2.28621458969715574E-7	4.14243941873846833E-3
2.28676486019741354E-7	4.16643129466699147E-3
2.28745383803813418E-7	4.19665854617774059E-3
2.28814901137739746E-7	4.22764277049357240E-3
2.28865292270117759E-7	4.25058970772107614E-3
2.28919294299995757E-7	4.27570668231890316E-3
2.28988503304390800E-7	4.30872924248052680E-3
2.29070127653900180E-7	4.34898323791637509E-3
2.29121458969715741E-7	4.37515541237237837E-3
2.29176486019741521E-7	4.40395878837398769E-3
2.29245383803813718E-7	4.44094739760747625E-3
2.29314901137739646E-7	4.47931394303133246E-3
2.29365292270117660E-7	4.50774298723039024E-3
2.29419294299995613E-7	4.53871844216129006E-3
2.29488503304390878E-7	4.57897416770148791E-3
2.29570127653900258E-7	4.62709510761377274E-3
2.29621458969715864E-7	4.65758912226555211E-3
2.29676486019741599E-7	4.69036827439082060E-3
2.29745383803813752E-7	4.73132628363127949E-3
2.29814901137739769E-7	4.77247490721817602E-3
2.29865292270117694E-7	4.80208580804179519E-3
2.29919294299995736E-7	4.83347958966643709E-3
2.29988503304390912E-7	4.87310918891917844E-3
2.30070127653900247E-7	4.91897666517149013E-3
2.30121458969715809E-7	4.94729184685861867E-3
2.30176486019741589E-7	4.97708676267461314E-3
2.30245383803813874E-7	5.01360789501718784E-3
2.30314901137739936E-7	5.04970322456511767E-3
2.30365292270117905E-7	5.07545840134239779E-3
2.30419294299995947E-7	5.10271778211169647E-3
2.30488503304391257E-7	5.13730765466501094E-3
2.30570127653900192E-7	5.17786156240184070E-3
2.30621458969715798E-7	5.20346057645581084E-3
2.30676486019741578E-7	5.23111380100612600E-3
2.30745383803813819E-7	5.26611145077354958E-3
2.30814901137740058E-7	5.30207491536684827E-3
2.30865292270117983E-7	5.32873857718044341E-3
2.30919294299996070E-7	5.35793345926702891E-3
2.30988503304391291E-7	5.39625090126454054E-3
2.31070127653900270E-7	5.44276362971877337E-3
2.31121458969715832E-7	5.47282749709396743E-3
2.31176486019741478E-7	5.50575920235105176E-3
2.31245383803813809E-7	5.54780187527971425E-3
2.31314901137739870E-7	5.59106921084669839E-3
2.31365292270117839E-7	5.62291072445173334E-3
2.31419294299995837E-7	5.65741263092544422E-3
2.31488503304391191E-7	5.70198569696522206E-3
2.31570127653900304E-7	5.75489181286758544E-3
2.31621458969715821E-7	5.78821756227215634E-3
2.31676486019741557E-7	5.82389105454841793E-3
2.31745383803813887E-7	5.86827993831067207E-3
2.31814901137739859E-7	5.91265852723924734E-3
2.31865292270117784E-7	5.94447476744807624E-3
2.31919294299995871E-7	5.97812084439330604E-3
2.31988503304391092E-7	6.02051586919874371E-3
2.32070127653900293E-7	6.06950326280780939E-3
2.32121458969715855E-7	6.09972692219761381E-3
2.32176486019741546E-7	6.13157660032740193E-3
2.32245383803813965E-7	6.17072386300272235E-3
2.32314901137739938E-7	6.20954049578125655E-3
2.32365292270117907E-7	6.23735287165811414E-3
2.32419294299995904E-7	6.26692454643215768E-3
2.32488503304391347E-7	6.30464026726317428E-3
2.32570127653900194E-7	6.34909885007237129E-3
2.32621458969715755E-7	6.37726791644182534E-3
2.32676486019741446E-7	6.40778236317579442E-3
2.32745383803813732E-7	6.44647923576095039E-3
2.32814901137739882E-7	6.48624909980035724E-3
2.32865292270117852E-7	6.51569004601423085E-3
2.32919294299995849E-7	6.54785941429765739E-3
2.32988503304391159E-7	6.58994937351932375E-3
2.33070127653900183E-7	6.64080848053757578E-3
2.33121458969715745E-7	6.67349903913613041E-3
2.33176486019741480E-7	6.70915013574076546E-3
2.33245383803813722E-7	6.75443555158596709E-3
2.33314901137739872E-7	6.80073685665388794E-3
2.33365292270117797E-7	6.83461062963730459E-3
2.33419294299995794E-7	6.87111906690975882E-3
2.33488503304391015E-7	6.91800148828749073E-3
2.33570127653900084E-7	6.97325896316964933E-3
2.33621458969715690E-7	7.00785961034952276E-3
2.33676486019741336E-7	7.04474099922092112E-3
2.33745383803813578E-7	7.09044303359265982E-3
2.33814901137739817E-7	7.13592714941501960E-3
2.33865292270117875E-7	7.16844286911996598E-3
2.33919294299995828E-7	7.20277490071391657E-3
2.33988503304391138E-7	7.24597702537991939E-3
2.34070127653900251E-7	7.29583193360123161E-3
2.34121458969715768E-7	7.32659200786158848E-3
2.34176486019741459E-7	7.35906703947609486E-3
2.34245383803813745E-7	7.39908009827444246E-3
2.34314901137739851E-7	7.43885018878506887E-3
2.34365292270117820E-7	7.46744888399248197E-3
2.34419294299995906E-7	7.49799350301188561E-3
2.34488503304391127E-7	7.53712403948089182E-3
2.34570127653900284E-7	7.58344480091140483E-3
2.34621458969715846E-7	7.61289317048602143E-3
2.34676486019741626E-7	7.64489803544728730E-3
2.34745383803813867E-7	7.68558071966883816E-3
2.34814901137739795E-7	7.72739486498667993E-3
2.34865292270117720E-7	7.75831534613451534E-3
2.34919294299995718E-7	7.79206667896580996E-3
2.34988503304390850E-7	7.83612216214914348E-3
2.35070127653899963E-7	7.88911797452510832E-3
2.35121458969715569E-7	7.92299415444057598E-3
2.35176486019741260E-7	7.95979679202775969E-3
2.35245383803813324E-7	8.00635212849604727E-3
2.35314901137739740E-7	8.05366899667557590E-3
2.35365292270117665E-7	8.08809972806613331E-3
2.35419294299995663E-7	8.12505610257316668E-3
2.35488503304390706E-7	8.17230421215379010E-3
2.35570127653900130E-7	8.22766711685651764E-3
2.35621458969715647E-7	8.26213672782337838E-3
2.35676486019741382E-7	8.29873246145960763E-3
2.35745383803813624E-7	8.34392444657287236E-3
2.35814901137739774E-7	8.38869790036941332E-3
2.35865292270117699E-7	8.42058701697248502E-3
2.35919294299995741E-7	8.45419036845846072E-3
2.35988503304390873E-7	8.49643206213920621E-3
2.36070127653900119E-7	8.54512525605528417E-3
2.36121458969715681E-7	8.57515074289376678E-3
2.36176486019741416E-7	8.60689338208106847E-3
2.36245383803813613E-7	8.64611845618824049E-3
2.36314901137739763E-7	8.68520663456702380E-3
2.36365292270117733E-7	8.71338384921049069E-3
2.36419294299995819E-7	8.74356601734593220E-3
2.36488503304390907E-7	8.78236379356733998E-3
2.36570127653900197E-7	8.82843093072439622E-3
2.36621458969715803E-7	8.85775346156909649E-3
2.36676486019741539E-7	8.88965532673553938E-3
2.36745383803813647E-7	8.93025847012717833E-3
2.36814901137739664E-7	8.97196904717070076E-3
2.36865292270117678E-7	9.00274887740813057E-3
2.36919294299995675E-7	9.03627629128902221E-3
2.36988503304390807E-7	9.07991915952107576E-3
2.37070127653900276E-7	9.13219027143480488E-3
2.37121458969715881E-7	9.16541070138452163E-3
2.37176486019741573E-7	9.20133163952821853E-3
2.37245383803813858E-7	9.24656362709800916E-3
2.37314901137739920E-7	9.29225631621510928E-3
2.37365292270117845E-7	9.32530900779239325E-3
2.37419294299995887E-7	9.36060798162128904E-3
2.37488503304391241E-7	9.40549986036970331E-3
2.37570127653900220E-7	9.45776551862500270E-3
2.37621458969715782E-7	9.49011212571738483E-3
2.37676486019741517E-7	9.52430110786210982E-3
2.37745383803813759E-7	9.56635958165748868E-3
2.37814901137739687E-7	9.60783530581890766E-3
2.37865292270117701E-7	9.63726641650352889E-3
2.37919294299995654E-7	9.66821278265116923E-3
2.37988503304390875E-7	9.70705480643645302E-3
2.38070127653900432E-7	9.75175378763133160E-3
2.38121458969716038E-7	9.77929781023355460E-3
2.38176486019741862E-7	9.80845684814309848E-3
2.38245383803814148E-7	9.84459326786846312E-3
2.38314901137739854E-7	9.88070505514046715E-3
2.38365292270117779E-7	9.90682310941612343E-3
2.38419294299995910E-7	9.93491634264234769E-3
2.38488503304391264E-7	9.97118460057548717E-3
2.38570127653900466E-7	1.00144039914550920E-2
2.38621458969716116E-7	1.00419674556184524E-2
2.38676486019741896E-7	1.00720089651679823E-2
2.38745383803814315E-7	1.01103088409595054E-2
2.38814901137739977E-7	1.01496375366758795E-2
2.38865292270118035E-7	1.01786071901417374E-2
2.38919294299995988E-7	1.02101220900798140E-2
2.38988503304391342E-7	1.02510631013956899E-2
2.39070127653900322E-7	1.02999032059853635E-2
2.39121458969715883E-7	1.03307742315278950E-2
2.39176486019741663E-7	1.03640140429662941E-2
2.39245383803814082E-7	1.04057023721447273E-2
2.39314901137739877E-7	1.04475651621896337E-2
2.39365292270117802E-7	1.04776598442822078E-2
2.39419294299995888E-7	1.05096416289332950E-2
2.39488503304391198E-7	1.05501141667759502E-2
2.39570127653900311E-7	1.05969223063405482E-2
2.39621458969715917E-7	1.06256898425059165E-2
2.39676486019741608E-7	1.06559373721742956E-2
2.39745383803813983E-7	1.06930052222438654E-2
2.39814901137740000E-7	1.07293835295274453E-2
2.39865292270117925E-7	1.07550808997428082E-2
2.39919294299996100E-7	1.07820341064406233E-2
2.39988503304391410E-7	1.08158358317469427E-2
2.40070127653900167E-7	1.08547013216387245E-2
2.40121458969715729E-7	1.08786299049615764E-2
2.40176486019741375E-7	1.09039841867896303E-2
2.40245383803813750E-7	1.09355186677655003E-2
2.40314901137739856E-7	1.09671455694682374E-2
2.40365292270117781E-7	1.09900823354778998E-2
2.40419294299995823E-7	1.10148361066718570E-2
2.40488503304391044E-7	1.10469380737300016E-2
2.40570127653900379E-7	1.10853575633838997E-2
2.40621458969715940E-7	1.11098966800443488E-2
2.40676486019741720E-7	1.11366575861554629E-2
2.40745383803814095E-7	1.11708250782299912E-2
2.40814901137740112E-7	1.12059041202435838E-2
2.40865292270118037E-7	1.12316722777025313E-2
2.40919294299996078E-7	1.12596228295395107E-2
2.40988503304391566E-7	1.12958208377749303E-2
2.41070127653900368E-7	1.13388031885499752E-2
2.41121458969715885E-7	1.13657926625345196E-2
2.41176486019741665E-7	1.13946769714029417E-2
2.41245383803814040E-7	1.14307087710239874E-2
2.41314901137740057E-7	1.14666485812282204E-2
2.41365292270117981E-7	1.14922927389703089E-2
2.41419294299996023E-7	1.15193589688018649E-2
2.41488503304391511E-7	1.15533792770445642E-2
2.41570127653900579E-7	1.15924037965307303E-2
2.41621458969716185E-7	1.16161869267242190E-2
2.41676486019741921E-7	1.16410124983465346E-2
2.41745383803814295E-7	1.16712637643004791E-2
2.41814901137739957E-7	1.17007767270691909E-2
2.41865292270117882E-7	1.17215166416643890E-2
2.41919294299996057E-7	1.17432029016278139E-2
2.41988503304391323E-7	1.17703675249205908E-2
2.42070127653900435E-7	1.18015889182366629E-2
2.42121458969715997E-7	1.18208253362502291E-2
2.42176486019741732E-7	1.18412525190392004E-2
2.42245383803814063E-7	1.18667876979438702E-2
2.42314901137739902E-7	1.18925510794597344E-2
2.42365292270117916E-7	1.19113354341903155E-2
2.42419294299995869E-7	1.19317237904006279E-2
2.42488503304391223E-7	1.19583375227031707E-2
2.42570127653900292E-7	1.19903918561380429E-2
2.42621458969715897E-7	1.20109418305132998E-2
2.42676486019741677E-7	1.20333995788203740E-2
2.42745383803813919E-7	1.20621428975376155E-2
2.42814901137739936E-7	1.20916775234999285E-2
2.42865292270117727E-7	1.21133325637280698E-2
2.42919294299995858E-7	1.21367747235845869E-2
2.42988503304391124E-7	1.21670556699301979E-2
2.43070127653900592E-7	1.22028458734449474E-2
2.43121458969716109E-7	1.22251650877131168E-2
2.43176486019741889E-7	1.22488923137476435E-2
2.43245383803814352E-7	1.22783079077730650E-2
2.43314901137740058E-7	1.23074221996077626E-2
2.43365292270118072E-7	1.23280146058745066E-2
2.43419294299996114E-7	1.23495807585742678E-2
2.43488503304391557E-7	1.23764898718242122E-2
2.43570127653900270E-7	1.24070810740033322E-2
2.43621458969715832E-7	1.24255476648951846E-2
2.43676486019741567E-7	1.24446575148585836E-2
2.43745383803813809E-7	1.24678005469891851E-2
2.43814901137739737E-7	1.24902434357710557E-2
2.43865292270117662E-7	1.25059215138939983E-2
2.43919294299995748E-7	1.25222610929080713E-2
2.43988503304390880E-7	1.25427414073076049E-2
2.44070127653900304E-7	1.25663450460870152E-2
2.44121458969715777E-7	1.25809380888884004E-2
2.44176486019741557E-7	1.25964959816776645E-2
2.44245383803813754E-7	1.26161118057392008E-2
2.44314901137739726E-7	1.26361173511180214E-2
2.44365292270117651E-7	1.26508184680114510E-2
2.44419294299995782E-7	1.26668812562431676E-2
2.44488503304390825E-7	1.26880264085895744E-2
2.44570127653900027E-7	1.27137268183495111E-2
2.44621458969715588E-7	1.27302780603596277E-2
2.44676486019741324E-7	1.27483810439138345E-2
2.44745383803813521E-7	1.27715907410480467E-2
2.44814901137739804E-7	1.27954657657885829E-2
2.44865292270117774E-7	1.28129173035841148E-2
2.44919294299995860E-7	1.28317227569591896E-2
2.44988503304390992E-7	1.28559013958781732E-2
2.45070127653900283E-7	1.28843161884469248E-2
2.45121458969715977E-7	1.29018894863858025E-2
2.45176486019741580E-7	1.29203880526993919E-2
2.45245383803813910E-7	1.29431058562832324E-2
2.45314901137739794E-7	1.29653749833172860E-2
2.45365292270117719E-7	1.29809494197066133E-2
2.45419294299995672E-7	1.29970689805672990E-2
2.45488503304391159E-7	1.30169560250704452E-2
2.45570127653900583E-7	1.30392990906682504E-2
2.45621458969716278E-7	1.30526404382192118E-2
2.45676486019742057E-7	1.30662889457484943E-2
2.45745383803814388E-7	1.30826767128118737E-2
2.45814901137739872E-7	1.30984861040530731E-2
2.45865292270117841E-7	1.31094888112099195E-2
2.45919294299995750E-7	1.31209351512098182E-2
2.45988503304391237E-7	1.31353287967951360E-2
2.46070127653900528E-7	1.31520631186500148E-2
2.46121458969716089E-7	1.31625362882683206E-2
2.46176486019741869E-7	1.31738159728656634E-2
2.46245383803814244E-7	1.31882366268583384E-2
2.46314901137740083E-7	1.32032214081080590E-2
2.46365292270118008E-7	1.32144049395411667E-2
2.46419294299995961E-7	1.32267705552875148E-2
2.46488503304391671E-7	1.32432453172252140E-2
2.46570127653900606E-7	1.32635311054659399E-2
2.46621458969716167E-7	1.32767106559131132E-2
2.46676486019741947E-7	1.32911669567902146E-2
2.46745383803814322E-7	1.33097273153823714E-2
2.46814901137739895E-7	1.33288486849873555E-2
2.46865292270117953E-7	1.33427974995529808E-2
2.46919294299995862E-7	1.33577675031532106E-2
2.46988503304391305E-7	1.33769144087849279E-2
2.47070127653900240E-7	1.33992780869010453E-2
2.47121458969715757E-7	1.34130118591425962E-2
2.47176486019741448E-7	1.34273350282121173E-2
2.47245383803813867E-7	1.34447451167404330E-2
2.47314901137740062E-7	1.34616525563565359E-2
2.47365292270118076E-7	1.34733576477124872E-2
2.47419294299996118E-7	1.34853394058876619E-2
2.47488503304391516E-7	1.34999707127666735E-2
2.47570127653900229E-7	1.35162554835441240E-2
2.47621458969715702E-7	1.35259165338078824E-2
2.47676486019741393E-7	1.35357208129494522E-2
2.47745383803813768E-7	1.35474388916220190E-2
2.47814901137740140E-7	1.35587770492177695E-2
2.47865292270118154E-7	1.35667110475945241E-2
2.47919294299996151E-7	1.35750208547179674E-2
2.47988503304391639E-7	1.35856187415340290E-2
2.48070127653900219E-7	1.35982308325527912E-2
2.48121458969715780E-7	1.36063284292605191E-2
2.48176486019741471E-7	1.36152083213373043E-2
2.48245383803813846E-7	1.36267784501719391E-2
2.48314901137740041E-7	1.36390935246855860E-2
2.48365292270117966E-7	1.36484434163890089E-2
2.48419294299996052E-7	1.36588821713902453E-2
2.48488503304391406E-7	1.36729132791479113E-2
2.48570127653900119E-7	1.36903735951019900E-2
2.48621458969715636E-7	1.37017919592950599E-2
2.48676486019741372E-7	1.37143119199200036E-2
2.48745383803813613E-7	1.37303412571598393E-2
2.48814901137739586E-7	1.37468432890515802E-2
2.48865292270117644E-7	1.37588412539180016E-2
2.48919294299995641E-7	1.37716270519203410E-2
2.48988503304390640E-7	1.37878476483544898E-2
2.49070127653899931E-7	1.38066643815287593E-2
2.49121458969715448E-7	1.38181609056152088E-2
2.49176486019741183E-7	1.38300466063110306E-2
2.49245383803813292E-7	1.38443397013809277E-2
2.49314901137739620E-7	1.38581375205210988E-2
2.49365292270117545E-7	1.38676483611289481E-2
2.49419294299995586E-7	1.38773113299607109E-2
2.49488503304390807E-7	1.38890336299670092E-2
2.49570127653900276E-7	1.39020735159785236E-2
2.49621458969715970E-7	1.39098711526602514E-2
2.49676486019741706E-7	1.39178207669970710E-2
2.49745383803814036E-7	1.39273740401647705E-2
2.49814901137739875E-7	1.39367908650940620E-2
2.49865292270117800E-7	1.39435389875256943E-2
2.49919294299995975E-7	1.39507475350720855E-2
2.49988503304391196E-7	1.39601385472212658E-2
2.50070127653900176E-7	1.39716543696929163E-2
2.50121458969715649E-7	1.39792893586304778E-2
2.50176486019741340E-7	1.39878361823104269E-2
2.50245383803813670E-7	1.39991129259041869E-2
2.50314901137739909E-7	1.40113010914988978E-2
2.50365292270117923E-7	1.40206695632637679E-2
2.50419294299995876E-7	1.40311797781336578E-2
2.50488503304391319E-7	1.40453014523750497E-2
2.50570127653900299E-7	1.40628714974262747E-2
2.50621458969715949E-7	1.40743785715698655E-2
2.50676486019741684E-7	1.40869786421810006E-2
2.50745383803813926E-7	1.41030034394102866E-2
2.50814901137739987E-7	1.41194258141991646E-2
2.50865292270117912E-7	1.41313493134190660E-2
2.50919294299995954E-7	1.41440196358431280E-2
2.50988503304391308E-7	1.41600142224489067E-2
2.51070127653900421E-7	1.41785060625718939E-2
2.51121458969716027E-7	1.41898371218356667E-2
2.51176486019741763E-7	1.42015808082584138E-2
2.51245383803814093E-7	1.42156933287537535E-2
2.51314901137740021E-7	1.42293773317981542E-2
2.51365292270117946E-7	1.42389073401085176E-2
2.51419294299995943E-7	1.42486879052568005E-2
2.51488503304391253E-7	1.42606878803429682E-2
2.51570127653900055E-7	1.42742816006775586E-2
2.51621458969715661E-7	1.42826238769611336E-2
2.51676486019741308E-7	1.42913470363776263E-2
2.51745383803813549E-7	1.43020667225784792E-2
2.51814901137739877E-7	1.43129198103993005E-2
2.51865292270117846E-7	1.43209112247603465E-2
2.51919294299995888E-7	1.43296286357580627E-2
2.51988503304391021E-7	1.43411559768153807E-2
2.52070127653900089E-7	1.43554733661531086E-2
2.52121458969715651E-7	1.43650490855694546E-2
2.52176486019741297E-7	1.43758151031108694E-2
2.52245383803813628E-7	1.43899619526220679E-2
2.52314901137739955E-7	1.44051423033371129E-2
2.52365292270117880E-7	1.44167353536453935E-2
2.52419294299996011E-7	1.44296378646354295E-2
2.52488503304391187E-7	1.44467768906976768E-2
2.52570127653900345E-7	1.44678311073652344E-2
2.52621458969715951E-7	1.44814922121022960E-2
2.52676486019741553E-7	1.44963555658978560E-2
2.52745383803814061E-7	1.45150869447179898E-2
2.52814901137740122E-7	1.45341260185161159E-2
2.52865292270118047E-7	1.45479040604512000E-2
2.52919294299996178E-7	1.45625045119033492E-2
2.52988503304391532E-7	1.45808769036309949E-2
2.53070127653900467E-7	1.46020927355310048E-2
2.53121458969715984E-7	1.46151567529124549E-2
2.53176486019741720E-7	1.46287909822130535E-2
2.53245383803814228E-7	1.46452736607314926E-2
2.53314901137740067E-7	1.46614075657421061E-2
2.53365292270117992E-7	1.46728092199421667E-2
2.53419294299996034E-7	1.46846853469240157E-2
2.53488503304391477E-7	1.46994788928982412E-2
2.53570127653900279E-7	1.47165568219912801E-2
2.53621458969715841E-7	1.47272612402139624E-2
2.53676486019741532E-7	1.47386969149730929E-2
2.53745383803813906E-7	1.47529871303689220E-2
2.53814901137739968E-7	1.47676525867805331E-2
2.53865292270118026E-7	1.47785858764249678E-2
2.53919294299995935E-7	1.47906107159476763E-2
2.53988503304391333E-7	1.48065197902897783E-2
2.54070127653900002E-7	1.48261764701147758E-2
2.54121458969715563E-7	1.48392263806346136E-2
2.54176486019741255E-7	1.48538208348221357E-2
2.54245383803813496E-7	1.48727902190950445E-2
2.54314901137739868E-7	1.48928326931921884E-2
2.54365292270117793E-7	1.49079634913105608E-2
2.54419294299995924E-7	1.49246491999676434E-2
2.54488503304391145E-7	1.49465442704070961E-2
2.54570127653900258E-7	1.49730393532348849E-2
2.54621458969715864E-7	1.49900468158719535E-2
2.54676486019741510E-7	1.50084572459717602E-2
2.54745383803813841E-7	1.50314994473775876E-2
2.54814901137739858E-7	1.50547311583780452E-2
2.54865292270117783E-7	1.50715023988626484E-2
2.54919294299995824E-7	1.50892855879523591E-2
2.54988503304391045E-7	1.51116689927211056E-2
2.55070127653900203E-7	1.51375168404140004E-2
2.55121458969715853E-7	1.51534999352646227E-2
2.55176486019741500E-7	1.51703260721872057E-2
2.55245383803813786E-7	1.51908467033674444E-2
2.55314901137739891E-7	1.52110947715870681E-2
2.55365292270117950E-7	1.52255662820749560E-2
2.55419294299995991E-7	1.52408492678660834E-2
2.55488503304391257E-7	1.52601457941828977E-2
2.55570127653900236E-7	1.52826927575070415E-2
2.55621458969715754E-7	1.52969588171624182E-2
2.55676486019741489E-7	1.53123801060469655E-2
2.55745383803813731E-7	1.53318280477824320E-2
2.55814901137739970E-7	1.53518303875535622E-2
2.55865292270117894E-7	1.53667425019308856E-2
2.55919294299995936E-7	1.53831471097201855E-2
2.55988503304391202E-7	1.54047719491077229E-2
2.56070127653900226E-7	1.54312300328304475E-2
2.56121458969715876E-7	1.54485670681080256E-2
2.56176486019741656E-7	1.54677894023235707E-2
2.56245383803814120E-7	1.54925264754434711E-2
2.56314901137740048E-7	1.55182718804515063E-2
2.56365292270118061E-7	1.55374543763279371E-2
2.56419294299996103E-7	1.55584040345204899E-2
2.56488503304391591E-7	1.55856112678532099E-2
2.56570127653900215E-7	1.56180978479180776E-2
2.56621458969715777E-7	1.56387045636340072E-2
2.56676486019741423E-7	1.56608703345873446E-2
2.56745383803813665E-7	1.56884566257739122E-2
2.56814901137739904E-7	1.57160576377840933E-2
2.56865292270117873E-7	1.57358908511997253E-2
2.56919294299995871E-7	1.57568832843763107E-2
2.56988503304391225E-7	1.57832817175423923E-2
2.57070127653900382E-7	1.58137132932754554E-2
2.57121458969715944E-7	1.58325186258370643E-2
2.57176486019741724E-7	1.58523795216178298E-2
2.57245383803814143E-7	1.58767151757499003E-2
2.57314901137740026E-7	1.59007977207969331E-2
2.57365292270117996E-7	1.59180799570527776E-2
2.57419294299995949E-7	1.59364412060782490E-2
2.57488503304391436E-7	1.59597659005587422E-2
2.57570127653900371E-7	1.59871338669720253E-2
2.57621458969715889E-7	1.60044746752005018E-2
2.57676486019741535E-7	1.60232909590719030E-2
2.57745383803813954E-7	1.60470920909536741E-2
2.57814901137740016E-7	1.60715215204121309E-2
2.57865292270118029E-7	1.60896749692430463E-2
2.57919294299995983E-7	1.61095965767938232E-2
2.57988503304391514E-7	1.61357339585800874E-2
2.58070127653900316E-7	1.61674215514680220E-2
2.58121458969715833E-7	1.61879548078626589E-2
2.58176486019741525E-7	1.62105558581299558E-2
2.58245383803813899E-7	1.62394149224501971E-2
2.58314901137740094E-7	1.62690921343789241E-2
2.58365292270118196E-7	1.62909767677556627E-2
2.58419294299996105E-7	1.63147050681582662E-2
2.58488503304391504E-7	1.63452727707725542E-2
2.58570127653900084E-7	1.63813575414419765E-2
2.58621458969715601E-7	1.64040019981055551E-2
2.58676486019741336E-7	1.64282198119856537E-2
2.58745383803813489E-7	1.64582014360827911E-2
2.58814901137739994E-7	1.64879571462211305E-2
2.58865292270117964E-7	1.65092208630448933E-2
2.58919294299996050E-7	1.65316800268118724E-2
2.58988503304391138E-7	1.65598758644092459E-2
2.59070127653900029E-7	1.65922542416504926E-2
2.59121458969715501E-7	1.66121916902574496E-2
2.59176486019741237E-7	1.66332679033122144E-2
2.59245383803813390E-7	1.66591523892077831E-2
2.59314901137740028E-7	1.66847463191609235E-2
2.59365292270117953E-7	1.67031147579524575E-2
2.59419294299996128E-7	1.67226939447322787E-2
2.59488503304391305E-7	1.67476581992959650E-2
2.59570127653900329E-7	1.67769713445757751E-2
2.59621458969715890E-7	1.67955041764392465E-2
2.59676486019741670E-7	1.68156400032727360E-2
2.59745383803814089E-7	1.68411581726166548E-2
2.59814901137740017E-7	1.68672670422822124E-2
2.59865292270117987E-7	1.68865822774290608E-2
2.59919294299995984E-7	1.69077274413713008E-2
2.59988503304391427E-7	1.69353831368002572E-2
2.60070127653900185E-7	1.69686607507102383E-2
2.60121458969715746E-7	1.69899923974939204E-2
2.60176486019741482E-7	1.70133071363076915E-2
2.60245383803813857E-7	1.70428877292188030E-2
2.60314901137740184E-7	1.70729714661033394E-2
2.60365292270118109E-7	1.70949087406230493E-2
2.60419294299996151E-7	1.71185001622793553E-2
2.60488503304391639E-7	1.71486456548667654E-2
2.60570127653900263E-7	1.71838091949768446E-2
2.60621458969715825E-7	1.72055799770854767E-2
2.60676486019741471E-7	1.72286612318198062E-2
2.60745383803813979E-7	1.72570259285315775E-2
2.60814901137740129E-7	1.72848611539948793E-2
2.60865292270118143E-7	1.73045468420198878E-2
2.60919294299996096E-7	1.73251915324498817E-2
2.60988503304391450E-7	1.73509485076330838E-2
2.61070127653900030E-7	1.73802479811695543E-2
2.61121458969715503E-7	1.73980997212445709E-2
2.61176486019741194E-7	1.74168706289350039E-2
2.61245383803813569E-7	1.74398575796269939E-2
2.61314901137739941E-7	1.74624388738705028E-2
2.61365292270117999E-7	1.74785564567672802E-2
2.61419294299996041E-7	1.74957076059907246E-2
2.61488503304391262E-7	1.75175728359348870E-2
2.61570127653899842E-7	1.75431716399082216E-2
2.61621458969715404E-7	1.75592698084705545E-2
2.61676486019741095E-7	1.75767490480576649E-2
2.61745383803813247E-7	1.75989237595666426E-2
2.61814901137739708E-7	1.76215271915210758E-2
2.61865292270117633E-7	1.76381734722817596E-2
2.61919294299995720E-7	1.76563555733608268E-2
2.61988503304390719E-7	1.76800707319788319E-2
2.62070127653900098E-7	1.77083955119651359E-2
2.62121458969715615E-7	1.77263461435501135E-2
2.62176486019741262E-7	1.77458220281267343E-2
2.62245383803813503E-7	1.77703572638374330E-2
2.62314901137739831E-7	1.77949776723536246E-2
2.62365292270117756E-7	1.78126816464952498E-2
2.62419294299995842E-7	1.78315159032178272E-2
2.62488503304390886E-7	1.78552935226702325E-2
2.62570127653900176E-7	1.78825078837378904E-2
2.62621458969715782E-7	1.78989841106959302E-2
2.62676486019741473E-7	1.79161793796581659E-2
2.62745383803813803E-7	1.79369840596866892E-2
2.62814901137739998E-7	1.79569172111776920E-2
2.62865292270117923E-7	1.79706973799325498E-2
2.62919294299995965E-7	1.79849058205781986E-2
2.62988503304391275E-7	1.80023289020888200E-2
2.63070127653900254E-7	1.80216307834539524E-2
2.63121458969715727E-7	1.80330579460678986E-2
2.63176486019741418E-7	1.80448725622975736E-2
2.63245383803813793E-7	1.80591491933542514E-2
2.63314901137739854E-7	1.80728601486416496E-2
2.63365292270117912E-7	1.80824715052829221E-2
2.63419294299995821E-7	1.80926293000316596E-2
2.63488503304391219E-7	1.81055475122334109E-2
2.63570127653900244E-7	1.81205302281028935E-2
2.63621458969715761E-7	1.81298318042366624E-2
2.63676486019741496E-7	1.81399416382821177E-2
2.63745383803813827E-7	1.81528447323925701E-2
2.63814901137739977E-7	1.81659305326541620E-2
2.63865292270117946E-7	1.81755049534643498E-2
2.63919294299995943E-7	1.81859615200827163E-2
2.63988503304391298E-7	1.81996027166088359E-2
2.64070127653900055E-7	1.82157140940533702E-2
2.64121458969715750E-7	1.82256843663522217E-2
2.64176486019741397E-7	1.82363420226801454E-2
2.64245383803813638E-7	1.82495755257648695E-2
2.64314901137739788E-7	1.82624200763120270E-2
2.64365292270117713E-7	1.82712929647031763E-2
2.64419294299995755E-7	1.82804149629800339E-2
2.64488503304390843E-7	1.82914821349521750E-2
2.64570127653899956E-7	1.83033187739404823E-2
2.64621458969715562E-7	1.83098443425339319E-2
2.64676486019741253E-7	1.83161442330509283E-2
2.64745383803813406E-7	1.83231331044369128E-2
2.64814901137739822E-7	1.83289051449809115E-2
2.64865292270117791E-7	1.83322471490532157E-2
2.64919294299995833E-7	1.83351390332653175E-2
2.64988503304390921E-7	1.83379755027225766E-2
2.65070127653900034E-7	1.83399592301979464E-2
2.65121458969715507E-7	1.83403760731570786E-2
2.65176486019741198E-7	1.83402927675086036E-2
2.65245383803813306E-7	1.83396620886311235E-2
2.65314901137739767E-7	1.83382841965232579E-2
2.65365292270117692E-7	1.83368800290468226E-2
2.65419294299995601E-7	1.83351733173891240E-2
2.65488503304390910E-7	1.83328619354793276E-2
2.65570127653900645E-7	1.83298216217867460E-2
2.65621458969716162E-7	1.83276716885879210E-2
2.65676486019741898E-7	1.83253779583214316E-2
2.65745383803814317E-7	1.83226544802912872E-2
2.65814901137740023E-7	1.83198104774443205E-2
2.65865292270117948E-7	1.83176615560575362E-2
2.65919294299996078E-7	1.83153749294646784E-2
2.65988503304391388E-7	1.83124700469073609E-2
2.66070127653900190E-7	1.83087416994459939E-2
2.66121458969715796E-7	1.83059700203273268E-2
2.66176486019741532E-7	1.83027055408750106E-2
2.66245383803813906E-7	1.82982418188080942E-2
2.66314901137740012E-7	1.82929144078514661E-2
2.66365292270118026E-7	1.82883733067354415E-2
2.66419294299995979E-7	1.82829045158433345E-2
2.66488503304391511E-7	1.82750444114750388E-2
2.66570127653900535E-7	1.82642694406516659E-2
2.66621458969716141E-7	1.82563892749341417E-2
2.66676486019741787E-7	1.82470774196200347E-2
2.66745383803814295E-7	1.82343994523139941E-2
2.66814901137740090E-7	1.82202114958346395E-2
2.66865292270118060E-7	1.82089954494604633E-2
2.66919294299996057E-7	1.81962234426905511E-2
2.66988503304391545E-7	1.81789720050866244E-2
2.67070127653900258E-7	1.81572681826434734E-2
2.67121458969715864E-7	1.81427622937743416E-2
2.67176486019741510E-7	1.81266481086468123E-2
2.67245383803813930E-7	1.81059833741535936E-2
2.67314901137739902E-7	1.80844250737951695E-2
2.67365292270117960E-7	1.80683737357834584E-2
2.67419294299996002E-7	1.80509551170642535E-2
2.67488503304391312E-7	1.80285262139567326E-2
2.67570127653899759E-7	1.80017747591149657E-2
2.67621458969715320E-7	1.79846587953154224E-2
2.67676486019741056E-7	1.79662270512858990E-2
2.67745383803813075E-7	1.79432235926421213E-2
2.67814901137739581E-7	1.79198091267514004E-2
2.67865292270117550E-7	1.79026098794287680E-2
2.67919294299995547E-7	1.78840395884583869E-2
2.67988503304390502E-7	1.78600884076138877E-2
2.68070127653900059E-7	1.78312993817093668E-2
2.68121458969715665E-7	1.78125717653600102E-2
2.68176486019741311E-7	1.77919830517717203E-2
2.68245383803813509E-7	1.77656161603021023E-2
2.68314901137739792E-7	1.77379784043139299E-2
2.68365292270117717E-7	1.77170926087583536E-2
2.68419294299995759E-7	1.76939398250950974E-2
2.68488503304390891E-7	1.76632644006932527E-2
2.68570127653899915E-7	1.76254467925824865E-2
2.68621458969715521E-7	1.76004787809319074E-2
2.68676486019741256E-7	1.75727423726691345E-2
2.68745383803813365E-7	1.75369517166640021E-2
2.68814901137739692E-7	1.74994585644631995E-2
2.68865292270117706E-7	1.74713363192127491E-2
2.68919294299995659E-7	1.74404235989635947E-2
2.68988503304390836E-7	1.73999640408029110E-2
2.69070127653900393E-7	1.73510218004991867E-2
2.69121458969715954E-7	1.73194489944893260E-2
2.69176486019741645E-7	1.72850464214206334E-2
2.69245383803813976E-7	1.72415547045536299E-2
2.69314901137739993E-7	1.71970908704991210E-2
2.69365292270117918E-7	1.71644765085388240E-2
2.69419294299995915E-7	1.71293080603134706E-2
2.69488503304391180E-7	1.70841556375252690E-2
2.69570127653900204E-7	1.70306891921686687E-2
2.69621458969715810E-7	1.69967899204515849E-2
2.69676486019741546E-7	1.69603006460945105E-2
2.69745383803813743E-7	1.69146209899933231E-2
2.69814901137739671E-7	1.68682920707523687E-2
2.69865292270117596E-7	1.68344111831590970E-2
2.69919294299995638E-7	1.67978434880583105E-2
2.69988503304390726E-7	1.67506733846410283E-2
2.70070127653900149E-7	1.66943573062706463E-2
2.70121458969715800E-7	1.66582341327567018E-2
2.70176486019741446E-7	1.66188590253710489E-2
2.70245383803813599E-7	1.65688214963420366E-2
2.70314901137739749E-7	1.65172238719498088E-2
2.70365292270117674E-7	1.64789221487712778E-2
2.70419294299995672E-7	1.64370372345970672E-2
2.70488503304390893E-7	1.63823001045199668E-2
2.70570127653900494E-7	1.63161413312745585E-2
2.70621458969716144E-7	1.62734224564269558E-2
2.70676486019741880E-7	1.62266751125037501E-2
2.70745383803814388E-7	1.61671387490310603E-2
2.70814901137740049E-7	1.61058513230801115E-2
2.70865292270118108E-7	1.60605980404079940E-2
2.70919294299996016E-7	1.60114161662223520E-2
2.70988503304391504E-7	1.59476863616179432E-2
2.71070127653900350E-7	1.58715830308209127E-2
2.71121458969715912E-7	1.58231235487538946E-2
2.71176486019741692E-7	1.57707383992528261E-2
2.71245383803813978E-7	1.57048856785592350E-2
2.71314901137739817E-7	1.56380984214737007E-2
2.71365292270117786E-7	1.55894424361475847E-2
2.71419294299995784E-7	1.55371720715821060E-2
2.71488503304391005E-7	1.54702056474298066E-2
2.71570127653900251E-7	1.53912060996335764E-2
2.71621458969715768E-7	1.53413644713104969E-2
2.71676486019741548E-7	1.52878061340177118E-2
2.71745383803813834E-7	1.52207542864333356E-2
2.71814901137739895E-7	1.51529188866617703E-2
2.71865292270117864E-7	1.51034604125391247E-2
2.71919294299995995E-7	1.50501600207318154E-2
2.71988503304391172E-7	1.49814841996008141E-2
2.72070127653900240E-7	1.48998011434969624E-2
2.72121458969715846E-7	1.48477548291818984E-2
2.72176486019741670E-7	1.47912772243898383E-2
2.72245383803813823E-7	1.47197868560144229E-2
2.72314901137739662E-7	1.46466101525221726E-2
2.72365292270117587E-7	1.45927243269685025E-2
2.72419294299995629E-7	1.45341640419820184E-2
2.72488503304390939E-7	1.44581177017302709E-2
2.72570127653900496E-7	1.43670401471788201E-2
2.72621458969716191E-7	1.43088417317239336E-2
2.72676486019741926E-7	1.42456180488081996E-2
2.72745383803814301E-7	1.41656117103401757E-2
2.72814901137739962E-7	1.40839667748242636E-2
2.72865292270117799E-7	1.40241623145321426E-2
2.72919294299995840E-7	1.39595411249996637E-2
2.72988503304391328E-7	1.38762387740064574E-2
2.73070127653900752E-7	1.37774530076923085E-2
2.73121458969716358E-7	1.37150071114853200E-2
2.73176486019742182E-7	1.36478105134341288E-2
2.73245383803814779E-7	1.35636168799452994E-2
2.73314901137740129E-7	1.34786433740258982E-2
2.73365292270118054E-7	1.34170050688058984E-2
2.73419294299996229E-7	1.33509446506402818E-2
2.73488503304391850E-7	1.32664297835676903E-2
2.73570127653900697E-7	1.31669848506999165E-2
2.73621458969716258E-7	1.31044625058052255E-2
2.73676486019742038E-7	1.30373807587791135E-2
2.73745383803814457E-7	1.29534254988020847E-2
2.73814901137740163E-7	1.28686593025546281E-2
2.73865292270118088E-7	1.28070123372775635E-2
2.73919294299996130E-7	1.27406698755290315E-2
2.73988503304391617E-7	1.26552708170992911E-2
2.74070127653900331E-7	1.25539609325361812E-2
2.74121458969715848E-7	1.24897070442481417E-2
2.74176486019741628E-7	1.24202111644220858E-2
2.74245383803814047E-7	1.23324682201571201E-2
2.74314901137740019E-7	1.22430803923638831E-2
2.74365292270117944E-7	1.21776160943282274E-2
2.74419294299995986E-7	1.21067783976021359E-2
2.74488503304391385E-7	1.20151563578995213E-2
2.74570127653900098E-7	1.19060513445269911E-2
2.74621458969715571E-7	1.18368206495061834E-2
2.74676486019741350E-7	1.17620031447919438E-2
2.74745383803813592E-7	1.16677320305291210E-2
2.74814901137739831E-7	1.15720907965271480E-2
2.74865292270117756E-7	1.15024445397938702E-2
2.74919294299995709E-7	1.14275320906433153E-2
2.74988503304391019E-7	1.13313415421042629E-2
2.75070127653900487E-7	1.12178462301400961E-2
2.75121458969716004E-7	1.11465077464308715E-2
2.75176486019741695E-7	1.10700497071216786E-2
2.75245383803814114E-7	1.09745239732036226E-2
2.75314901137740176E-7	1.08784838784615845E-2
2.75365292270118189E-7	1.08090814329147378E-2
2.75419294299996142E-7	1.07348938358838430E-2
2.75488503304391674E-7	1.06401481087629501E-2
2.75570127653900254E-7	1.05289343407397640E-2
2.75621458969715860E-7	1.04592354881865024E-2
2.75676486019741507E-7	1.03846031067088695E-2
2.75745383803813837E-7	1.02912859092379194E-2
2.75814901137739987E-7	1.01972479917527359E-2
2.75865292270118001E-7	1.01290178708293288E-2
2.75919294299996043E-7	1.00557137970522237E-2
2.75988503304391397E-7	9.96147150928590719E-3
2.76070127653900110E-7	9.84991850763450927E-3
2.76121458969715627E-7	9.77941957125088379E-3
2.76176486019741319E-7	9.70337889329531933E-3
2.76245383803813649E-7	9.60758072794470941E-3
2.76314901137739932E-7	9.51033132338006304E-3
2.76365292270117990E-7	9.43939720467775167E-3
2.76419294299996032E-7	9.36289548430232799E-3
2.76488503304391298E-7	9.26426085774989438E-3
2.76570127653900100E-7	9.14731783713534696E-3
2.76621458969715661E-7	9.07350354206874066E-3
2.76676486019741441E-7	8.99405692213572827E-3
2.76745383803813683E-7	8.89430183149615416E-3
2.76814901137739788E-7	8.79356549973194213E-3
2.76865292270117624E-7	8.72054810840066530E-3
2.76919294299995800E-7	8.64229692574871500E-3
2.76988503304390932E-7	8.54215021827318211E-3
2.77070127653900311E-7	8.42449062682228345E-3
2.77121458969715828E-7	8.35088498438847537E-3
2.77176486019741564E-7	8.27227143183289115E-3
2.77245383803813983E-7	8.17431108967769759E-3
2.77314901137740000E-7	8.07616676020085933E-3
2.77365292270117969E-7	8.00548334757398372E-3
2.77419294299995967E-7	7.93010101225509345E-3
2.77488503304391454E-7	7.83398648660216423E-3
2.77570127653900434E-7	7.72141855824503587E-3
2.77621458969715995E-7	7.65107142353988046E-3
2.77676486019741775E-7	7.57588221404348339E-3
2.77745383803814150E-7	7.48195376945231860E-3
2.77814901137739945E-7	7.38746465413690956E-3
2.77865292270117958E-7	7.31905338223980984E-3
2.77919294299995956E-7	7.24566381006856908E-3
2.77988503304391354E-7	7.15140504970759316E-3
2.78070127653900157E-7	7.04003071250435752E-3
2.78121458969715629E-7	6.96985864562960344E-3
2.78176486019741320E-7	6.89435406304753151E-3
2.78245383803813695E-7	6.79940079684901999E-3
2.78314901137740156E-7	6.70329202209941055E-3
2.78365292270118081E-7	6.63344317497310598E-3
2.78419294299996123E-7	6.55834196317394991E-3
2.78488503304391521E-7	6.46178097725755585E-3
2.78570127653900101E-7	6.34772674215144228E-3
2.78621458969715619E-7	6.27608369062498728E-3
2.78676486019741310E-7	6.19928156636621264E-3
2.78745383803813684E-7	6.10316757705692403E-3
2.78814901137740101E-7	6.00652737295416461E-3
2.78865292270118026E-7	5.93680403760539122E-3
2.78919294299996157E-7	5.86237939391600182E-3
2.78988503304391555E-7	5.76746366325752824E-3
2.79070127653900180E-7	5.65642643058919248E-3
2.79121458969715741E-7	5.58730470844072968E-3
2.79176486019741388E-7	5.51377293327954821E-3
2.79245383803813807E-7	5.42242508360965481E-3
2.79314901137740002E-7	5.33124368170541985E-3
2.79365292270117926E-7	5.26582165839695993E-3
2.79419294299996013E-7	5.19625797493350028E-3
2.79488503304391323E-7	5.10775901637043006E-3
2.79570127653900347E-7	5.00437301017447744E-3
2.79621458969715908E-7	4.93995837451670639E-3
2.79676486019741599E-7	4.87126402078538856E-3
2.79745383803814107E-7	4.78555506996302249E-3
2.79814901137740080E-7	4.69947959507751545E-3
2.79865292270118093E-7	4.63728653195351903E-3
2.79919294299996135E-7	4.57067888923666210E-3
2.79988503304391489E-7	4.48523212972497287E-3
2.80070127653900247E-7	4.38443644796065968E-3
2.80121458969715853E-7	4.32110070864121543E-3
2.80176486019741500E-7	4.25311262442454918E-3
2.80245383803813874E-7	4.16776909566947484E-3
2.80314901137740113E-7	4.08162088393209377E-3
2.80365292270118083E-7	4.01921643424395203E-3
2.80419294299996125E-7	3.95231820233321640E-3
2.80488503304391479E-7	3.86655175196937062E-3
2.80570127653900236E-7	3.76562826122392513E-3
2.80621458969715754E-7	3.70252743049815081E-3
2.80676486019741489E-7	3.63515511186679197E-3
2.80745383803813819E-7	3.55114956285079986E-3
2.80814901137739881E-7	3.46707118231996159E-3
2.80865292270117894E-7	3.40670074256766497E-3
2.80919294299995936E-7	3.34253096502309521E-3
2.80988503304391246E-7	3.26102343882225698E-3
2.81070127653900226E-7	3.16614048242289892E-3
2.81121458969715787E-7	3.10738997576629927E-3
2.81176486019741567E-7	3.04516238545265328E-3
2.81245383803813764E-7	2.96813752606132830E-3
2.81314901137739826E-7	2.89158030933060051E-3
2.81365292270117751E-7	2.83687316457892846E-3
2.81419294299995792E-7	2.77888241607545350E-3
2.81488503304390925E-7	2.70528042158519089E-3
2.81570127653900038E-7	2.61952756527488395E-3
2.81621458969715555E-7	2.56625577553788187E-3
2.81676486019741201E-7	2.50956207307089141E-3
2.81745383803813354E-7	2.43890051896799154E-3
2.81814901137739771E-7	2.36804082788869152E-3
2.81865292270117695E-7	2.31693264404714938E-3
2.81919294299995737E-7	2.26226891629248961E-3
2.81988503304390914E-7	2.19219753773228510E-3
2.82070127653900204E-7	2.10964021508387489E-3
2.82121458969715810E-7	2.05789213549254901E-3
2.82176486019741457E-7	2.00246533143475780E-3
2.82245383803813787E-7	1.93300434415349165E-3
2.82314901137739893E-7	1.86307331792080033E-3
2.82365292270117862E-7	1.81259508902615263E-3
2.82419294299995949E-7	1.75866211289854846E-3
2.82488503304391259E-7	1.68973998872724129E-3
2.82570127653900149E-7	1.60897818756833422E-3
2.82621458969715755E-7	1.55875942767865716E-3
2.82676486019741358E-7	1.50540989923991608E-3
2.82745383803813777E-7	1.43919567242207203E-3
2.82814901137739882E-7	1.37330248822224554E-3
2.82865292270117985E-7	1.32628500841202146E-3
2.82919294299995894E-7	1.27660020670656271E-3
2.82988503304391070E-7	1.21384421623529470E-3
2.83070127653900228E-7	1.14127013963973445E-3
2.83121458969715745E-7	1.09665490827254231E-3
2.83176486019741436E-7	1.04968980242043397E-3
2.83245383803813766E-7	9.91857201857904869E-4
2.83314901137739783E-7	9.34700966721440452E-4
2.83365292270117708E-7	8.94079229919383245E-4
2.83419294299995839E-7	8.51214085607417204E-4
2.83488503304390882E-7	7.96997244487533418E-4
2.83570127653899995E-7	7.34043453481492669E-4
2.83621458969715512E-7	6.95067923471466376E-4
2.83676486019741203E-7	6.53695613290819644E-4
2.83745383803813356E-7	6.02193242992784583E-4
2.83814901137739772E-7	5.50609359433228995E-4
2.83865292270117830E-7	5.13460804802797544E-4
2.83919294299995739E-7	4.73782803026242938E-4
2.83988503304391005E-7	4.22959490829011298E-4
2.84070127653900428E-7	3.63134731119050480E-4
2.84121458969716034E-7	3.25718754597810722E-4
2.84176486019741725E-7	2.85736212133782930E-4
2.84245383803814011E-7	2.35727877503059124E-4
2.84314901137739895E-7	1.85527675890838495E-4
2.84365292270117820E-7	1.49434681040355755E-4
2.84419294299995773E-7	1.11031936604968795E-4
2.84488503304391349E-7	6.21803597250034201E-5
2.84570127653900418E-7	5.27350750874280472E-6
2.84621458969716068E-7	-2.98555615129503771E-5
2.84676486019741759E-7	-6.69168423367881271E-5
2.84745383803814178E-7	-1.12589996961633565E-4
2.84814901137740240E-7	-1.57651547943004200E-4
2.84865292270118253E-7	-1.89517905093096872E-4
2.84919294299996118E-7	-2.22905475590780355E-4
2.84988503304391827E-7	-2.64705430959557475E-4
2.85070127653900718E-7	-3.12539749513247234E-4
2.85121458969716102E-7	-3.41633666325179775E-4
2.85176486019741926E-7	-3.71982952280001022E-4
2.85245383803814523E-7	-4.09049632414408570E-4
2.85314901137740273E-7	-4.45360921966465995E-4
2.85365292270118198E-7	-4.70970472442468946E-4
2.85419294299996285E-7	-4.97833650157614116E-4
2.85488503304391905E-7	-5.31659113774167480E-4
2.85570127653900485E-7	-5.70769980240551700E-4
2.85621458969716135E-7	-5.94900646306328351E-4
2.85676486019741827E-7	-6.20464825764834860E-4
2.85745383803814379E-7	-6.52286287475361526E-4
2.85814901137740263E-7	-6.84161746243611724E-4
2.85865292270118232E-7	-7.07113683374135515E-4
2.85919294299996363E-7	-7.31630454805176722E-4
2.85988503304391894E-7	-7.63062798422557442E-4
2.86070127653900030E-7	-8.00086454055750451E-4
2.86121458969715592E-7	-8.23204408374771290E-4
2.86176486019741283E-7	-8.47856138180316421E-4
2.86245383803813613E-7	-8.78629011441516461E-4
2.86314901137739941E-7	-9.09403880494326700E-4
2.86365292270117866E-7	-9.31400164342722903E-4
2.86419294299996086E-7	-9.54650868672046116E-4
2.86488503304391173E-7	-9.84005889586305571E-4
2.86570127653900020E-7	-1.01785882379169124E-3
2.86621458969715448E-7	-1.03848804698323294E-3
2.86676486019741228E-7	-1.05997500168305914E-3
2.86745383803813336E-7	-1.08609909775953950E-3
2.86814901137739708E-7	-1.11144837316753398E-3
2.86865292270117633E-7	-1.12905603838971214E-3
2.86919294299995631E-7	-1.14717682346417349E-3
2.86988503304390719E-7	-1.16944109615642056E-3
2.87070127653900276E-7	-1.19435676081369335E-3
2.87121458969715881E-7	-1.20916666917032645E-3
2.87176486019741528E-7	-1.22430592297358398E-3
2.87245383803813814E-7	-1.24245708980927194E-3
2.87314901137739831E-7	-1.25989927677908087E-3
2.87365292270117800E-7	-1.27199758532765328E-3
2.87419294299995753E-7	-1.28451760158700390E-3
2.87488503304391063E-7	-1.30013421474414015E-3
2.87570127653900354E-7	-1.31806269586535962E-3
2.87621458969715960E-7	-1.32907861066668631E-3
2.87676486019741695E-7	-1.34073139079563330E-3
2.87745383803814114E-7	-1.35528239796800531E-3
2.87814901137739998E-7	-1.36993534699692621E-3
2.87865292270117923E-7	-1.38053494907243968E-3
2.87919294299996009E-7	-1.39189584755750162E-3
2.87988503304391363E-7	-1.40652855793389175E-3
2.88070127653900387E-7	-1.42384913520889911E-3
2.88121458969715905E-7	-1.43466458358429438E-3
2.88176486019741684E-7	-1.44616882209724040E-3
2.88245383803813970E-7	-1.46047484197726796E-3
2.88314901137739943E-7	-1.47467467330548740E-3
2.88365292270117912E-7	-1.48470085648393590E-3
2.88419294299995910E-7	-1.49513643203574587E-3
2.88488503304391219E-7	-1.50804775264771673E-3
2.88570127653900110E-7	-1.52253145237555598E-3
2.88621458969715672E-7	-1.53105822138823622E-3
2.88676486019741319E-7	-1.53962363869767249E-3
2.88745383803813649E-7	-1.54959838332379629E-3
2.88814901137739888E-7	-1.55875685638131167E-3
2.88865292270117857E-7	-1.56474307582916250E-3
2.88919294299995810E-7	-1.57051417705502461E-3
2.88988503304391253E-7	-1.57707528772189631E-3
2.89070127653900499E-7	-1.58370014122105829E-3
2.89121458969716150E-7	-1.58721908464480732E-3
2.89176486019741841E-7	-1.59044624034842008E-3
2.89245383803814260E-7	-1.59389413118385082E-3
2.89314901137740055E-7	-1.59679253538904220E-3
2.89365292270117980E-7	-1.59857944112393513E-3
2.89419294299996199E-7	-1.60025983218316292E-3
2.89488503304391642E-7	-1.60223086628712164E-3
2.89570127653900267E-7	-1.60442087523839394E-3
2.89621458969715828E-7	-1.60578547888729561E-3
2.89676486019741564E-7	-1.60729104755782171E-3
2.89745383803813938E-7	-1.60932657265707824E-3
2.89814901137740177E-7	-1.61157433417760099E-3
2.89865292270118102E-7	-1.61333288367187078E-3
2.89919294299996144E-7	-1.61533861125778699E-3
2.89988503304391543E-7	-1.61808696770293503E-3
2.90070127653900167E-7	-1.62153137089302612E-3
2.90121458969715551E-7	-1.62372622914783826E-3
2.90176486019741287E-7	-1.62606453615822089E-3
2.90245383803813661E-7	-1.62893411517230224E-3
2.90314901137740033E-7	-1.63166538180168796E-3
2.90365292270118092E-7	-1.63344293271968777E-3
2.90419294299996134E-7	-1.63508580428500849E-3
2.90488503304391399E-7	-1.63676592644869978E-3
2.90570127653900023E-7	-1.63808710414116843E-3
2.90621458969715452E-7	-1.63843775921174650E-3
2.90676486019741276E-7	-1.63832496503829184E-3
2.90745383803813340E-7	-1.63752033070393188E-3
2.90814901137739756E-7	-1.63595252149253900E-3
2.90865292270117681E-7	-1.63429800797957858E-3
2.90919294299995634E-7	-1.63201058023832335E-3
2.90988503304390678E-7	-1.62841784046460258E-3
2.91070127653900101E-7	-1.62335409838622047E-3
2.91121458969715619E-7	-1.61974847328062999E-3
2.91176486019741398E-7	-1.61554320389991291E-3
2.91245383803813596E-7	-1.60992541908224762E-3
2.91314901137739923E-7	-1.60398643035337196E-3
2.91365292270117848E-7	-1.59959220271442493E-3
2.91419294299995979E-7	-1.59484624188556534E-3
2.91488503304391289E-7	-1.58881694062499124E-3
2.91570127653900224E-7	-1.58190559022218813E-3
2.91621458969715874E-7	-1.57776250315529309E-3
2.91676486019741565E-7	-1.57353395968868859E-3
2.91745383803813985E-7	-1.56855122232954725E-3
2.91814901137740090E-7	-1.56390586510000928E-3
2.91865292270118015E-7	-1.56079109105663028E-3
2.91919294299996057E-7	-1.55766409860207422E-3
2.91988503304391500E-7	-1.55390566457092660E-3
2.92070127653900169E-7	-1.54977587407632056E-3
2.92121458969715686E-7	-1.54729181106720715E-3
2.92176486019741422E-7	-1.54467421574708030E-3
2.92245383803813574E-7	-1.54136421145541247E-3
2.92314901137739724E-7	-1.53791785747601395E-3
2.92365292270117738E-7	-1.53528068097028081E-3
2.92419294299995691E-7	-1.53224325157099828E-3
2.92488503304390779E-7	-1.52796580117324354E-3
2.92570127653900069E-7	-1.52234323153548234E-3
2.92621458969715587E-7	-1.51843301209534065E-3
2.92676486019741322E-7	-1.51385481587880921E-3
2.92745383803813475E-7	-1.50756310065935306E-3
2.92814901137739714E-7	-1.50061883401017493E-3
2.92865292270117639E-7	-1.49521814042050849E-3
2.92919294299995769E-7	-1.48907324437650379E-3
2.92988503304390946E-7	-1.48073651842994902E-3
2.93070127653900503E-7	-1.47037452449603867E-3
2.93121458969716153E-7	-1.46366609726782149E-3
2.93176486019741889E-7	-1.45635336884696365E-3
2.93245383803814352E-7	-1.44709084785235809E-3
2.93314901137740147E-7	-1.43776120055741297E-3
2.93365292270118072E-7	-1.43111888665999243E-3
2.93419294299996114E-7	-1.42416204769504584E-3
2.93488503304391646E-7	-1.41552595730292285E-3
2.93570127653900403E-7	-1.40582349254950234E-3
2.93621458969715921E-7	-1.40009905424310022E-3
2.93676486019741656E-7	-1.39432398994112638E-3
2.93745383803814031E-7	-1.38754107321751352E-3
2.93814901137740048E-7	-1.38121063591482884E-3
2.93865292270117973E-7	-1.37695918335683665E-3
2.93919294299995970E-7	-1.37268828984374736E-3
2.93988503304391458E-7	-1.36752393135869066E-3
2.94070127653900348E-7	-1.36179122623374638E-3
2.94121458969715865E-7	-1.35834108498181738E-3
2.94176486019741557E-7	-1.35472546348289313E-3
2.94245383803814065E-7	-1.35018193449081370E-3
2.94314901137740126E-7	-1.34551114410061934E-3
2.94365292270118140E-7	-1.34201377385973419E-3
2.94419294299996182E-7	-1.33808838873400426E-3
2.94488503304391580E-7	-1.33271661720972512E-3
2.94570127653900338E-7	-1.32587194151033372E-3
2.94621458969715855E-7	-1.32126514965333031E-3
2.94676486019741635E-7	-1.31602121832879693E-3
2.94745383803813965E-7	-1.30900289205013975E-3
2.94814901137740026E-7	-1.30146688954307344E-3
2.94865292270117951E-7	-1.29575350543050760E-3
2.94919294299996082E-7	-1.28940070085705250E-3
2.94988503304391347E-7	-1.28098139971421188E-3
2.95070127653900283E-7	-1.27078522706753505E-3
2.95121458969715755E-7	-1.26435457725040967E-3
2.95176486019741535E-7	-1.25750367217689307E-3
2.95245383803813866E-7	-1.24902240267441367E-3
2.95314901137739927E-7	-1.24070369726542307E-3
2.95365292270117985E-7	-1.23493536849911756E-3
2.95419294299996027E-7	-1.22904104118867030E-3
2.95488503304391248E-7	-1.22191717638842623E-3
2.95570127653900094E-7	-1.21418062062481313E-3
2.95621458969715700E-7	-1.20978224833489034E-3
2.95676486019741347E-7	-1.20549542498385809E-3
2.95745383803813588E-7	-1.20063273683687188E-3
2.95814901137739739E-7	-1.19628375178850788E-3
2.95865292270117752E-7	-1.19348355165863973E-3
2.95919294299995750E-7	-1.19077025986930307E-3
2.95988503304390882E-7	-1.18758308117530786E-3
2.96070127653900128E-7	-1.18414323451315506E-3
2.96121458969715645E-7	-1.18211400174930281E-3
2.96176486019741381E-7	-1.18000080536455365E-3
2.96245383803813667E-7	-1.17729980674428925E-3
2.96314901137739728E-7	-1.17445391194000703E-3
2.96365292270117697E-7	-1.17227142753305391E-3
2.96419294299995739E-7	-1.16975582719633886E-3
2.96488503304390916E-7	-1.16619681143975340E-3
2.96570127653900162E-7	-1.16151245821905658E-3
2.96621458969715812E-7	-1.15830716612143414E-3
2.96676486019741503E-7	-1.15462296508292450E-3
2.96745383803813745E-7	-1.14963898917077056E-3
2.96814901137739806E-7	-1.14426255201189808E-3
2.96865292270117775E-7	-1.14020937327185679E-3
2.96919294299995773E-7	-1.13574651067745003E-3
2.96988503304390949E-7	-1.12990375265976106E-3
2.97070127653900240E-7	-1.12295308623357948E-3
2.97121458969715757E-7	-1.11869584127712729E-3
2.97176486019741448E-7	-1.11430447938962418E-3
2.97245383803813734E-7	-1.10905861654232174E-3
2.97314901137740062E-7	-1.10415587542850502E-3
2.97365292270117987E-7	-1.10095721224122167E-3
2.97419294299996029E-7	-1.09790728905531787E-3
2.97488503304391427E-7	-1.09452732589758828E-3
2.97570127653900229E-7	-1.09129503625040147E-3
2.97621458969715702E-7	-1.08975448402753083E-3
2.97676486019741482E-7	-1.08854980339842466E-3
2.97745383803813901E-7	-1.08754777248580226E-3
2.97814901137740140E-7	-1.08705798596945713E-3
2.97865292270118109E-7	-1.08701618085878460E-3
2.97919294299996196E-7	-1.08722632235228134E-3
2.97988503304391461E-7	-1.08773234890797887E-3
2.98070127653899952E-7	-1.08854691466094256E-3
2.98121458969715469E-7	-1.08912391426483124E-3
2.98176486019741160E-7	-1.08974992597162346E-3
2.98245383803813446E-7	-1.09041799369856274E-3
2.98314901137739952E-7	-1.09089647729536554E-3
2.98365292270117877E-7	-1.09107808140198070E-3
2.98419294299995919E-7	-1.09107174126790185E-3
2.98488503304391140E-7	-1.09072293006032339E-3
2.98570127653900208E-7	-1.08982079820035849E-3
2.98621458969715725E-7	-1.08899656717052840E-3
2.98676486019741461E-7	-1.08788745578761770E-3
2.98745383803813702E-7	-1.08619045298445438E-3
2.98814901137739852E-7	-1.08420181170150953E-3
2.98865292270117822E-7	-1.08265335649988392E-3
2.98919294299995819E-7	-1.08093893116008033E-3
2.98988503304391040E-7	-1.07873180842631311E-3
2.99070127653900286E-7	-1.07621884013326152E-3
2.99121458969715803E-7	-1.07482186510116406E-3
2.99176486019741539E-7	-1.07355855969021619E-3
2.99245383803813869E-7	-1.07232235119937713E-3
2.99314901137739886E-7	-1.07154182688128796E-3
2.99365292270117855E-7	-1.07135189280966903E-3
2.99419294299995897E-7	-1.07153628836047754E-3
2.99488503304391340E-7	-1.07231097170925715E-3
2.99570127653900409E-7	-1.07396153232877634E-3
2.99621458969715970E-7	-1.07543830950446440E-3
2.99676486019741706E-7	-1.07740638492905560E-3
2.99745383803813992E-7	-1.08029977194004223E-3
2.99814901137739964E-7	-1.08363096750645416E-3
2.99865292270117889E-7	-1.08626454009972506E-3
2.99919294299995931E-7	-1.08924616787411144E-3
2.99988503304391330E-7	-1.09318125643009112E-3
3.00070127653900398E-7	-1.09787041041138522E-3
3.00121458969715915E-7	-1.10077488602157181E-3
3.00176486019741739E-7	-1.10379741088840766E-3
3.00245383803814025E-7	-1.10736255167785824E-3
3.00314901137739954E-7	-1.11065734001608463E-3
3.00365292270117878E-7	-1.11281549935664237E-3
3.00419294299995920E-7	-1.11487860501580971E-3
3.00488503304391363E-7	-1.11714364844670744E-3
3.00570127653900432E-7	-1.11929040642083710E-3
3.00621458969715993E-7	-1.12037351504846994E-3
3.00676486019741729E-7	-1.12131611167663658E-3
3.00745383803814192E-7	-1.12222756904349485E-3
3.00814901137740076E-7	-1.12292148658580815E-3
3.00865292270118001E-7	-1.12335826266912164E-3
3.00919294299996043E-7	-1.12382383787646134E-3
3.00988503304391486E-7	-1.12449284209067613E-3
3.01070127653900288E-7	-1.12547405782340038E-3
3.01121458969715938E-7	-1.12631786486746410E-3
3.01176486019741674E-7	-1.12749287931640163E-3
3.01245383803814049E-7	-1.12935701610853578E-3
3.01314901137740021E-7	-1.13172458409060916E-3
3.01365292270117946E-7	-1.13380660292849900E-3
3.01419294299996077E-7	-1.13641284915808827E-3
3.01488503304391386E-7	-1.14025995898875565E-3
3.01570127653900322E-7	-1.14545217938239152E-3
3.01621458969715883E-7	-1.14907167982418246E-3
3.01676486019741619E-7	-1.15325437050541413E-3
3.01745383803813949E-7	-1.15881508084783036E-3
3.01814901137740010E-7	-1.16469215450395236E-3
3.01865292270117935E-7	-1.16906061296328923E-3
3.01919294299995933E-7	-1.17380217082485139E-3
3.01988503304391420E-7	-1.17986780259513457E-3
3.02070127653900355E-7	-1.18688860840359300E-3
3.02121458969715873E-7	-1.19114230166802226E-3
3.02176486019741652E-7	-1.19551271841797790E-3
3.02245383803813938E-7	-1.20066918250568899E-3
3.02314901137740000E-7	-1.20546245429356746E-3
3.02365292270117969E-7	-1.20863829754596663E-3
3.02419294299995967E-7	-1.21174724882434837E-3
3.02488503304391365E-7	-1.21533015376403952E-3
3.02570127653900345E-7	-1.21901376308188736E-3
3.02621458969715906E-7	-1.22105098640302923E-3
3.02676486019741642E-7	-1.22301945969614878E-3
3.02745383803813972E-7	-1.22526037778298869E-3
3.02814901137739900E-7	-1.22734413701600586E-3
3.02865292270117870E-7	-1.22881075268072348E-3
3.02919294299995867E-7	-1.23040792492486539E-3
3.02988503304391132E-7	-1.23258610043677796E-3
3.03070127653900201E-7	-1.23541913473999654E-3
3.03121458969715807E-7	-1.23743498139855035E-3
3.03176486019741454E-7	-1.23986050400985115E-3
3.03245383803813828E-7	-1.24329669174067448E-3
3.03314901137739934E-7	-1.24722951943032667E-3
3.03365292270117992E-7	-1.25039701480302523E-3
3.03419294299996034E-7	-1.25410538017037387E-3
3.03488503304391299E-7	-1.25928197543340126E-3
3.03570127653900235E-7	-1.26591227366853132E-3
3.03621458969715752E-7	-1.27032155965373450E-3
3.03676486019741576E-7	-1.27523163867895706E-3
3.03745383803813818E-7	-1.28156294188741193E-3
3.03814901137739923E-7	-1.28805406388146193E-3
3.03865292270117893E-7	-1.29274357285073860E-3
3.03919294299995890E-7	-1.29770498993210071E-3
3.03988503304391244E-7	-1.30390085135227896E-3
3.04070127653900402E-7	-1.31088582686029609E-3
3.04121458969716052E-7	-1.31500439910733036E-3
3.04176486019741787E-7	-1.31912856862854477E-3
3.04245383803814162E-7	-1.32387866121530862E-3
3.04314901137739957E-7	-1.32817404609473844E-3
3.04365292270117926E-7	-1.33094081626664162E-3
3.04419294299995968E-7	-1.33357637195429590E-3
3.04488503304391500E-7	-1.33653366997366696E-3
3.04570127653900391E-7	-1.33948179008016721E-3
3.04621458969716041E-7	-1.34106795016471181E-3
3.04676486019741688E-7	-1.34257070275185120E-3
3.04745383803814107E-7	-1.34427527590324525E-3
3.04814901137739991E-7	-1.34587674784756350E-3
3.04865292270118093E-7	-1.34703253031635484E-3
3.04919294299996091E-7	-1.34833428893739127E-3
3.04988503304391667E-7	-1.35018310545224951E-3
3.05070127653900558E-7	-1.35268410835464348E-3
3.05121458969716119E-7	-1.35450347915689084E-3
3.05176486019741766E-7	-1.35671723848155179E-3
3.05245383803814319E-7	-1.35987947698855471E-3
3.05314901137740291E-7	-1.36350083976589609E-3
3.05365292270118349E-7	-1.36639975803853675E-3
3.05419294299996391E-7	-1.36977104272478467E-3
3.05488503304391879E-7	-1.37443228759310032E-3
3.05570127653899881E-7	-1.38031805219017967E-3
3.05621458969715398E-7	-1.38415759945859351E-3
3.05676486019741134E-7	-1.38835851603510374E-3
3.05745383803813464E-7	-1.39367532598947519E-3
3.05814901137740147E-7	-1.39899353985155050E-3
3.05865292270118116E-7	-1.40273220958104750E-3
3.05919294299996158E-7	-1.40658481259568369E-3
3.05988503304391379E-7	-1.41124932786819146E-3
3.06070127653899737E-7	-1.41628552620635162E-3
3.06121458969715210E-7	-1.41910150263612023E-3
3.06176486019740857E-7	-1.42176912861706328E-3
3.06245383803813054E-7	-1.42464581779637856E-3
3.06314901137739737E-7	-1.42700921421923033E-3
3.06365292270117795E-7	-1.42835841718440948E-3
3.06419294299995837E-7	-1.42947540991791566E-3
3.06488503304390836E-7	-1.43051561072164968E-3
3.06570127653900038E-7	-1.43125906678699844E-3
3.06621458969715466E-7	-1.43149423734417125E-3
3.06676486019741246E-7	-1.43158777392219028E-3
3.06745383803813354E-7	-1.43160076631739908E-3
3.06814901137739726E-7	-1.43157440142753334E-3
3.06865292270117695E-7	-1.43159119291302650E-3
3.06919294299995737E-7	-1.43170737194095432E-3
3.06988503304390914E-7	-1.43208719910697391E-3
3.07070127653900204E-7	-1.43291366934410003E-3
3.07121458969715810E-7	-1.43368382486152690E-3
3.07176486019741457E-7	-1.43475855148762732E-3
3.07245383803813699E-7	-1.43647521879983175E-3
3.07314901137739849E-7	-1.43859700276519376E-3
3.07365292270117818E-7	-1.44035467249644888E-3
3.07419294299995860E-7	-1.44243436506124434E-3
3.07488503304391037E-7	-1.44534136890527054E-3
3.07570127653900061E-7	-1.44901935885269761E-3
3.07621458969715666E-7	-1.45137095142703232E-3
3.07676486019741224E-7	-1.45387465841449881E-3
3.07745383803813510E-7	-1.45694303503452982E-3
3.07814901137739927E-7	-1.45986600517309073E-3
3.07865292270117852E-7	-1.46178430534660819E-3
3.07919294299995894E-7	-1.46360169020392838E-3
3.07988503304391026E-7	-1.46555894470720616E-3
3.08070127653900094E-7	-1.46729761059935204E-3
3.08121458969715611E-7	-1.46799491450616415E-3
3.08176486019741347E-7	-1.46835428558783487E-3
3.08245383803813544E-7	-1.46831607480090209E-3
3.08314901137739827E-7	-1.46774102339566159E-3
3.08365292270117886E-7	-1.46697882054416073E-3
3.08419294299995883E-7	-1.46585765343451357E-3
3.08488503304391104E-7	-1.46407758567956936E-3
3.08570127653900306E-7	-1.46158683031288827E-3
3.08621458969715823E-7	-1.45985710416315895E-3
3.08676486019741514E-7	-1.45790816550813407E-3
3.08745383803813933E-7	-1.45544834816195268E-3
3.08814901137740128E-7	-1.45302600021594341E-3
3.08865292270118053E-7	-1.45137081469878870E-3
3.08919294299996228E-7	-1.44974795621154340E-3
3.08988503304391537E-7	-1.44795066659792160E-3
3.09070127653900295E-7	-1.44626555894828734E-3
3.09121458969715768E-7	-1.44547507714102963E-3
3.09176486019741503E-7	-1.44487965536544838E-3
3.09245383803813878E-7	-1.44448515576385228E-3
3.09314901137739895E-7	-1.44443826355956828E-3
3.09365292270117820E-7	-1.44458986282985213E-3
3.09419294299995817E-7	-1.44490725756568494E-3
3.09488503304391127E-7	-1.44547824112284928E-3
3.09570127653900284E-7	-1.44628412406452744E-3
3.09621458969715935E-7	-1.44676230338114120E-3
3.09676486019741626E-7	-1.44719588155605283E-3
3.09745383803814045E-7	-1.44758611433799977E-3
3.09814901137740017E-7	-1.44771832911876785E-3
3.09865292270118076E-7	-1.44756830487796950E-3
3.09919294299996118E-7	-1.44713430389057063E-3
3.09988503304391427E-7	-1.44616674112292198E-3
3.10070127653900363E-7	-1.44441705310100033E-3
3.10121458969715880E-7	-1.44291994904065968E-3
3.10176486019741571E-7	-1.44094063697271957E-3
3.10245383803813990E-7	-1.43800608044373446E-3
3.10314901137739918E-7	-1.43456144640992056E-3
3.10365292270117843E-7	-1.43177106804286858E-3
3.10419294299995929E-7	-1.42853964317942417E-3
3.10488503304391150E-7	-1.42415347259228997E-3
3.10570127653900130E-7	-1.41873237637317851E-3
3.10621458969715736E-7	-1.41524986561375110E-3
3.10676486019741471E-7	-1.41150544866819661E-3
3.10745383803813668E-7	-1.40690487076916648E-3
3.10814901137739863E-7	-1.40243406754873923E-3
3.10865292270117788E-7	-1.39935553630247100E-3
3.10919294299995874E-7	-1.39625518175880314E-3
3.10988503304391051E-7	-1.39261569483218639E-3
3.11070127653899897E-7	-1.38881019996216182E-3
3.11121458969715459E-7	-1.38669357865983400E-3
3.11176486019741105E-7	-1.38466816751978206E-3
3.11245383803813258E-7	-1.38245799784201084E-3
3.11314901137739763E-7	-1.38053858174252797E-3
3.11365292270117733E-7	-1.37929112091495876E-3
3.11419294299995775E-7	-1.37805578495987180E-3
3.11488503304390774E-7	-1.37655694189720679E-3
3.11570127653900109E-7	-1.37481703451883397E-3
3.11621458969715670E-7	-1.37363385934854976E-3
3.11676486019741272E-7	-1.37222642574275566E-3
3.11745383803813425E-7	-1.37023732413727228E-3
3.11814901137739664E-7	-1.36790663231399146E-3
3.11865292270117722E-7	-1.36594080827858044E-3
3.11919294299995897E-7	-1.36353160917426885E-3
3.11988503304390896E-7	-1.36000653190354703E-3
3.12070127653899965E-7	-1.35523703121802663E-3
3.12121458969715437E-7	-1.35186501296219719E-3
3.12176486019741128E-7	-1.34790662210995604E-3
3.12245383803813326E-7	-1.34254595824656242E-3
3.12314901137739742E-7	-1.33673976604103384E-3
3.12365292270117845E-7	-1.33231322575732669E-3
3.12419294299995798E-7	-1.32740325144346016E-3
3.12488503304390930E-7	-1.32096902860868637E-3
3.12570127653900087E-7	-1.31328823061133360E-3
3.12621458969715782E-7	-1.30848790546274119E-3
3.12676486019741429E-7	-1.30342042688893023E-3
3.12745383803813670E-7	-1.29726212739340951E-3
3.12814901137739687E-7	-1.29132639509519698E-3
3.12865292270117745E-7	-1.28725291560985866E-3
3.12919294299995832E-7	-1.28313670580480399E-3
3.12988503304390964E-7	-1.27823345854979298E-3
3.13070127653900165E-7	-1.27297018529125738E-3
3.13121458969715727E-7	-1.26994774407917843E-3
3.13176486019741462E-7	-1.26695106989410577E-3
3.13245383803813615E-7	-1.26349449667539049E-3
3.13314901137739810E-7	-1.26027442141939661E-3
3.13365292270117735E-7	-1.25805706907109260E-3
3.13419294299995776E-7	-1.25575115752410449E-3
3.13488503304390953E-7	-1.25281871223484309E-3
3.13570127653900155E-7	-1.24929997845176977E-3
3.13621458969715849E-7	-1.24696181690575880E-3
3.13676486019741407E-7	-1.24428910622939237E-3
3.13745383803813649E-7	-1.24067249823192283E-3
3.13814901137739710E-7	-1.23666499946080677E-3
3.13865292270117635E-7	-1.23348225030360870E-3
3.13919294299995544E-7	-1.22978056226707055E-3
3.13988503304390720E-7	-1.22462241871108968E-3
3.14070127653900144E-7	-1.21797318103409746E-3
3.14121458969715661E-7	-1.21347339984382518E-3
3.14176486019741530E-7	-1.20837289972338113E-3
3.14245383803813727E-7	-1.20167376972718620E-3
3.14314901137739744E-7	-1.19463062456727354E-3
3.14365292270117669E-7	-1.18939700548749072E-3
3.14419294299995711E-7	-1.18371655427274591E-3
3.14488503304390932E-7	-1.17642319973829657E-3
3.14570127653900400E-7	-1.16789899184688095E-3
3.14621458969716006E-7	-1.16266639051752185E-3
3.14676486019741741E-7	-1.15722245870062568E-3
3.14745383803814116E-7	-1.15069033945485666E-3
3.14814901137739911E-7	-1.14446842862915021E-3
3.14865292270117969E-7	-1.14023268760268182E-3
3.14919294299995922E-7	-1.13597359843164236E-3
3.14988503304391187E-7	-1.13091087303373117E-3
3.15070127653900300E-7	-1.12547021715444950E-3
3.15121458969715906E-7	-1.12232361709298933E-3
3.15176486019741553E-7	-1.11917205804587683E-3
3.15245383803813839E-7	-1.11547807247065056E-3
3.15314901137739856E-7	-1.11196239380699002E-3
3.15365292270117781E-7	-1.10948616341469020E-3
3.15419294299995734E-7	-1.10685170140214240E-3
3.15488503304391044E-7	-1.10342733798099868E-3
3.15570127653900245E-7	-1.09924101992713341E-3
3.15621458969715896E-7	-1.09644145634929258E-3
3.15676486019741631E-7	-1.09323852161892576E-3
3.15745383803813828E-7	-1.08891890540861658E-3
3.15814901137739801E-7	-1.08418138999995883E-3
3.15865292270117726E-7	-1.08047067958604703E-3
3.15919294299995812E-7	-1.07620858603060365E-3
3.15988503304390989E-7	-1.07035558566343636E-3
3.16070127653900146E-7	-1.06294781041019926E-3
3.16121458969715663E-7	-1.05803073252670465E-3
3.16176486019741398E-7	-1.05254636502673660E-3
3.16245383803813596E-7	-1.04545482548700286E-3
3.16314901137739835E-7	-1.03813271425692077E-3
3.16365292270117937E-7	-1.03278524487709644E-3
3.16419294299995935E-7	-1.02706480491280816E-3
3.16488503304391244E-7	-1.01982462207113467E-3
3.16570127653900268E-7	-1.01150699360851992E-3
3.16621458969715786E-7	-1.00648945261156197E-3
3.16676486019741521E-7	-1.00134524572876371E-3
3.16745383803813763E-7	-9.95254508999597753E-4
3.16814901137739913E-7	-9.89540267104008109E-4
3.16865292270117882E-7	-9.85705702234739078E-4
3.16919294299995968E-7	-9.81893773371550971E-4
3.16988503304391234E-7	-9.77398122600351016E-4
3.17070127653900125E-7	-9.72598916036901073E-4
3.17121458969715730E-7	-9.69833711718747438E-4
3.17176486019741466E-7	-9.67065022207336966E-4
3.17245383803813619E-7	-9.63791702619476531E-4
3.17314901137739680E-7	-9.60630917812474650E-4
3.17365292270117605E-7	-9.58372887501238502E-4
3.17419294299995647E-7	-9.55934927768949372E-4
3.17488503304390868E-7	-9.52701807023720981E-4
3.17570127653900336E-7	-9.48660903986821147E-4
3.17621458969715986E-7	-9.45926613764540036E-4
3.17676486019741766E-7	-9.42781109386277905E-4
3.17745383803814008E-7	-9.38515914384861105E-4
3.17814901137739803E-7	-9.33828823318912882E-4
3.17865292270117727E-7	-9.30174162496053292E-4
3.17919294299995769E-7	-9.26006371177227017E-4
3.17988503304391124E-7	-9.20330039080865348E-4
3.18070127653900414E-7	-9.13216933452908108E-4
3.18121458969716020E-7	-9.08556676975123167E-4
3.18176486019741755E-7	-9.03428479474478507E-4
3.18245383803814130E-7	-8.96888287511960058E-4
3.18314901137739881E-7	-8.90240090909286153E-4
3.18365292270117806E-7	-8.85464512664708181E-4
3.18419294299995848E-7	-8.80440738207786744E-4
3.18488503304391157E-7	-8.74200508297735723E-4
3.18570127653900181E-7	-8.67191148026422809E-4
3.18621458969715743E-7	-8.63059195840745375E-4
3.18676486019741390E-7	-8.58915319279717338E-4
3.18745383803813542E-7	-8.54125383058905285E-4
3.18814901137739737E-7	-8.49753340041701044E-4
3.18865292270117662E-7	-8.46892939869013084E-4
3.18919294299995748E-7	-8.44115278549426051E-4
3.18988503304390880E-7	-8.40916908922490869E-4
3.19070127653900304E-7	-8.37589117242819547E-4
3.19121458969715777E-7	-8.35698421069620956E-4
3.19176486019741468E-7	-8.33815698027888352E-4
3.19245383803813709E-7	-8.31578744407011250E-4
3.19314901137739771E-7	-8.29379576376046934E-4
3.19365292270117784E-7	-8.27760241118179074E-4
3.19419294299995782E-7	-8.25948574412482195E-4
3.19488503304391003E-7	-8.23448567909848173E-4
3.19570127653900382E-7	-8.20192473669322020E-4
3.19621458969716077E-7	-8.17916810305995057E-4
3.19676486019741724E-7	-8.15237665291830282E-4
3.19745383803814187E-7	-8.11538586965219011E-4
3.19814901137740204E-7	-8.07424169317748586E-4
3.19865292270118129E-7	-8.04198360999207829E-4
3.19919294299996171E-7	-8.00509797950510205E-4
3.19988503304391525E-7	-7.95492285207273042E-4
3.20070127653900238E-7	-7.89240070907861480E-4
3.20121458969715800E-7	-7.85184591289820588E-4
3.20176486019741446E-7	-7.80767996599433189E-4
3.20245383803813732E-7	-7.75205519246831010E-4
3.20314901137739927E-7	-7.69647475046463647E-4
3.20365292270117852E-7	-7.65730648771821798E-4
3.20419294299996071E-7	-7.61684874327722117E-4
3.20488503304391159E-7	-7.56765239075879226E-4
3.20570127653900183E-7	-7.51396722612476076E-4
3.20621458969715700E-7	-7.48334169024045792E-4
3.20676486019741480E-7	-7.45359001938111199E-4
3.20745383803813677E-7	-7.42039451618975576E-4
3.20814901137739561E-7	-7.39143527902651520E-4
3.20865292270117619E-7	-7.37337355395086380E-4
3.20919294299995617E-7	-7.35662279816302345E-4
3.20988503304390704E-7	-7.33818144860125798E-4
3.21070127653900306E-7	-7.31993773706998851E-4
3.21121458969716000E-7	-7.30990823806136802E-4
3.21176486019741647E-7	-7.30004955280586287E-4
3.21245383803814022E-7	-7.28807228446497923E-4
3.21314901137740039E-7	-7.27565787006276210E-4
3.21365292270118008E-7	-7.26590972035792593E-4
3.21419294299996094E-7	-7.25427364010430864E-4
3.21488503304391537E-7	-7.23700694013849954E-4
3.21570127653900251E-7	-7.21287241293044978E-4
3.21621458969715857E-7	-7.19521873550351643E-4
3.21676486019741592E-7	-7.17386268573464569E-4
3.21745383803813967E-7	-7.14369833969889090E-4
3.21814901137739984E-7	-7.10959465798970403E-4
3.21865292270118086E-7	-7.08273416368666631E-4
3.21919294299995951E-7	-7.05207667833420793E-4
3.21988503304391305E-7	-7.01058387576262376E-4
3.22070127653900373E-7	-6.95929992504375949E-4
3.22121458969715846E-7	-6.92650579153816093E-4
3.22176486019741670E-7	-6.89138929170527970E-4
3.22245383803813956E-7	-6.84802596570266520E-4
3.22314901137739973E-7	-6.80574813076344398E-4
3.22365292270117898E-7	-6.77678951383430395E-4
3.22419294299995940E-7	-6.74780878910398307E-4
3.22488503304391294E-7	-6.71393823651995714E-4
3.22570127653900318E-7	-6.67891448144390054E-4
3.22621458969715835E-7	-6.66014753495720147E-4
3.22676486019741482E-7	-6.64314190156346651E-4
3.22745383803813901E-7	-6.62580857553299651E-4
3.22814901137740051E-7	-6.61249439560164820E-4
3.22865292270117976E-7	-6.60535370445001213E-4
3.22919294299996018E-7	-6.59983481954478179E-4
3.22988503304391461E-7	-6.59508057256237379E-4
3.23070127653900396E-7	-6.59188213759180996E-4
3.23121458969715958E-7	-6.59055378159422744E-4
3.23176486019741560E-7	-6.58931397031868826E-4
3.23245383803814068E-7	-6.58726301289803828E-4
3.23314901137740218E-7	-6.58392564156096682E-4
3.23365292270118143E-7	-6.58013939474282328E-4
3.23419294299996185E-7	-6.57433629739875336E-4
3.23488503304391539E-7	-6.56397939124459651E-4
3.23570127653899986E-7	-6.54741024753933143E-4
3.23621458969715370E-7	-6.53428278306848487E-4
3.23676486019741105E-7	-6.51765896326108418E-4
3.23745383803813347E-7	-6.49348671527363219E-4
3.23814901137739941E-7	-6.46568390950152860E-4
3.23865292270117866E-7	-6.44364149024825306E-4
3.23919294299995819E-7	-6.41844564362925851E-4
3.23988503304391084E-7	-6.38452784468236345E-4
3.24070127653900197E-7	-6.34311628886989887E-4
3.24121458969715848E-7	-6.31710439421180858E-4
3.24176486019741583E-7	-6.28976902819886075E-4
3.24245383803813736E-7	-6.25683414657147718E-4
3.24314901137739842E-7	-6.22580334464809315E-4
3.24365292270117855E-7	-6.20537182220744654E-4
3.24419294299995808E-7	-6.18577303502680031E-4
3.24488503304391074E-7	-6.16412816081578274E-4
3.24570127653900098E-7	-6.14366357355403903E-4
3.24621458969715615E-7	-6.13395436754975165E-4
3.24676486019741306E-7	-6.12644005920605927E-4
3.24745383803813592E-7	-6.12055365483682579E-4
3.24814901137739920E-7	-6.11817482810355528E-4
3.24865292270117845E-7	-6.11845802133700456E-4
3.24919294299995931E-7	-6.12032723511082288E-4
3.24988503304391152E-7	-6.12414630865548126E-4
3.25000000000000000E-7	-6.12490053645234056E-4


