time	V_out
0.00000000000000000E0	1.23608163152616646E-66
1.00000000000000067E-11	1.23607912981641599E-66
2.00000000000000133E-11	1.23607912611671744E-66
5.00000000000000355E-11	1.23607914209949366E-66
1.40000000000000036E-10	1.23607911810168192E-66
4.10000000000000053E-10	1.23607914580196598E-66
7.39962022041366652E-10	1.23607911614138222E-66
1.36123446998136477E-9	1.23607666507457803E-66
2.31185457572045161E-9	1.23607420292608161E-66
3.31185457572045205E-9	1.23607163028361877E-66
4.31185457572045205E-9	1.23606903392912848E-66
5.31185457572045117E-9	1.23606645719244312E-66
6.31185457572044939E-9	1.23606387604529999E-66
7.31185457572045028E-9	1.23606130458277574E-66
8.31185457572045117E-9	1.23605873279031697E-66
9.31185457572045117E-9	1.23605617102903587E-66
1.03118545757204516E-8	1.23605361465847907E-66
1.13118545757204547E-8	1.23605107443098827E-66
1.23118545757204556E-8	1.23604854132465491E-66
1.33118545757204587E-8	1.23604602826106102E-66
1.43118545757204574E-8	1.23604353319258808E-66
1.53118545757204538E-8	1.23604108834862614E-66
1.63118545757204525E-8	1.23603973816152135E-66
1.73118545757204534E-8	1.23609563905237807E-66
1.83118545757204543E-8	1.23894379097064244E-66
1.93118545757204485E-8	1.36606823550273870E-66
2.03118545757204494E-8	6.54540039989143008E-66
2.13118545757204503E-8	1.99661281281491343E-64
2.23118545757204512E-8	6.80229429367942373E-63
2.33118545757204521E-8	2.14236088689293824E-61
2.43118545757204441E-8	6.21586355216481756E-60
2.53118545757204449E-8	1.66503383815553985E-58
2.63118545757204370E-8	4.12771223650580232E-57
2.73118545757204423E-8	9.49394818915133420E-56
2.83118545757204343E-8	2.03115681598507747E-54
2.93118545757204352E-8	4.05245074782255976E-53
3.03118545757204405E-8	7.55940331941653021E-52
3.13118545757204458E-8	1.32177967518156514E-50
3.23118545757204423E-8	2.17178822330811805E-49
3.33118545757204476E-8	3.36138444829094851E-48
3.43118545757204441E-8	4.91224735678343105E-47
3.53118545757204538E-8	6.79330297515182124E-46
3.63118545757204458E-8	8.90948444792241823E-45
3.73118545757204600E-8	1.11040043402903654E-43
3.83118545757204609E-8	1.31764448992305150E-42
3.93118545757204574E-8	1.49140655630455288E-41
4.03118545757204583E-8	1.61292002097534315E-40
4.13118545757204547E-8	1.66932915717809394E-39
4.23118545757204600E-8	1.65589257904332543E-38
4.33118545757204654E-8	1.57648324000638662E-37
4.43118545757204707E-8	1.44237781102968210E-36
4.53118545757204849E-8	1.26977963099831226E-35
4.63118545757204636E-8	1.07678365212768146E-34
4.73118545757204778E-8	8.80514678175811127E-34
4.83118545757204831E-8	6.94989657469861477E-33
4.93118545757204796E-8	5.29967839056345813E-32
5.03118545757204938E-8	3.90767250095487650E-31
5.13118545757204991E-8	2.78821525368879364E-30
5.23118545757204956E-8	1.92660028291156249E-29
5.33118545757205098E-8	1.29005732226559955E-28
5.43118545757204974E-8	8.37629532035538737E-28
5.52677873095730376E-8	4.37062013240499248E-27
5.61839141460159119E-8	2.16696845456792975E-26
5.71211675488545012E-8	1.09199986975260988E-25
5.80276576653696363E-8	5.13455519098923752E-25
5.89309346067253070E-8	2.44567237652190705E-24
5.98000023057072028E-8	1.08113593711700728E-23
6.06826439819819896E-8	4.86598126763143668E-23
6.15916556327682851E-8	2.11873547291581632E-22
6.25280009674065873E-8	9.44070284775246371E-22
6.35280009674065749E-8	4.76406845221344621E-21
6.44824833601109226E-8	2.05834090878200993E-20
6.54824833601109102E-8	9.88145639397235875E-20
6.64476101077722703E-8	4.15321402545417762E-19
6.74476101077722490E-8	1.89445673636722756E-18
6.84220358203471601E-8	7.87287645685897708E-18
6.93435525289725341E-8	2.95004843326373445E-17
7.02999528203987190E-8	1.13370258837257509E-16
7.11940005891888994E-8	4.00483374238027068E-16
7.21137625260914827E-8	1.44777508831065216E-15
7.24000000000000021E-8	3.81446154712532293E-15
7.24680580307653255E-8	-4.19147131862116673E-14
7.26128836843813996E-8	3.10699177862211062E-13
7.29894684944784444E-8	-5.30876566458475629E-13
7.36788544788847233E-8	9.98713619517254259E-13
7.41757786930249452E-8	-1.37897702062640848E-12
7.46312421953026117E-8	4.64662481954233630E-12
7.56312421953026170E-8	8.26082950361477231E-12
7.61486447807313471E-8	1.33322407792408559E-11
7.65705686117997697E-8	5.09316393586644445E-12
7.69555193313555996E-8	2.85926583741168638E-11
7.71935712689719278E-8	7.76004851323492506E-12
7.73126476024051357E-8	8.03088055578452575E-11
7.73998706746676390E-8	-3.46039914531864756E-10
7.74737132421237717E-8	1.60742671255647052E-9
7.75293661099373477E-8	-5.00642110280923625E-9
7.75626071331814071E-8	-1.54908091710295226E-10
7.76382705281317698E-8	1.46677772661074712E-8
7.76801422973177669E-8	-8.81494566263068080E-8
7.77527527572785448E-8	1.66243550915217697E-7
7.78045909889851206E-8	-3.28586162130213832E-7
7.78471533325108656E-8	6.05445356804267032E-7
7.79040164798214896E-8	-8.57591747386656600E-7
7.79596634188595150E-8	1.13740413154663189E-6
7.80513816767302604E-8	-1.31142665195962360E-6
7.81032804798014268E-8	1.61446198324510481E-6
7.81559234521827495E-8	-1.89977915831655242E-6
7.82164644048080593E-8	2.13372968757724069E-6
7.83133868329127125E-8	-2.27354789601417906E-6
7.83654789466842860E-8	2.51651414399529649E-6
7.84199160709045984E-8	-2.71963083642982006E-6
7.84836983239259922E-8	2.86465016671987449E-6
7.85598553977249026E-8	-2.97294989825253531E-6
7.86101992728105259E-8	3.18475692690890178E-6
7.86635755365079437E-8	-3.52655275818851699E-6
7.87290980044556932E-8	3.92453384281076545E-6
7.88228521147470218E-8	-3.66783141298643267E-6
7.88753305303895580E-8	3.20085272097957141E-6
7.89000000000000146E-8	-3.52369036882745901E-6
7.89063683735558286E-8	1.55317867028144052E-6
7.89163449952435769E-8	1.90878203731044938E-6
7.89462748603068043E-8	-2.14790653742990445E-7
7.90136958868622230E-8	-1.56698419902927322E-6
7.90611330526093692E-8	2.64504739998834770E-6
7.91088018729766418E-8	-2.94917651856508467E-6
7.91624804907884716E-8	2.86905783081206733E-6
7.92318201643297382E-8	-1.84800124277532163E-6
7.92882509836129756E-8	-6.30695295402712830E-7
7.93325354554637485E-8	3.15001756997950455E-6
7.93834415751718048E-8	-4.71109639858988150E-6
7.94414719609689612E-8	4.90883457975555348E-6
7.95425248067728674E-8	-2.70604599257573764E-6
7.95999320248460407E-8	8.23458313563579125E-7
7.96535111976033505E-8	-1.51592330573919498E-6
7.97115529676469770E-8	4.75147245918526284E-6
7.97699135005182658E-8	-6.37646608616789212E-6
7.98186473071214131E-8	4.53591272490606556E-6
7.98667913770973570E-8	-4.26431458055014279E-6
7.99231537162328642E-8	2.30209122683101786E-6
7.99941362805350842E-8	-2.25180157381219415E-6
8.00671134902258785E-8	2.44949939666563044E-7
8.01181141989548884E-8	5.42682032370901979E-7
8.01724357384399511E-8	5.91654500911602632E-7
8.02423728641155698E-8	-1.84584170646626555E-6
8.03189225602771550E-8	1.48740880377207252E-6
8.03698258064092030E-8	-2.42235204358308120E-6
8.04246896279553525E-8	4.57882789601031881E-6
8.04937852757774763E-8	-4.09032959838535071E-6
8.05656885484489749E-8	3.38646679637543269E-6
8.06162239916240964E-8	-4.93449344630436038E-6
8.06704483298787700E-8	8.24606058455580104E-6
8.07393204561679667E-8	-1.01133986504645468E-5
8.08183232703352061E-8	3.99449780398338117E-6
8.08693757791587231E-8	-2.88407615499865555E-6
8.09241457837187639E-8	3.35456169595693332E-6
8.09926408431816469E-8	-4.04868546839746823E-6
8.10651676101643837E-8	3.39166567823657106E-6
8.11156762550120902E-8	-1.43653490053382971E-6
8.11698431909114859E-8	1.53421103519750690E-6
8.12382997708070498E-8	-1.85705323265780575E-6
8.13182031345577272E-8	4.82316615543867133E-7
8.13693079766082583E-8	1.24389792829117729E-6
8.14240629737075849E-8	9.01485568214454425E-7
8.14923741029646997E-8	-5.18181244044943767E-7
8.15649614754891417E-8	-2.44873986909511032E-6
8.16154548995499773E-8	4.53831621467586643E-6
8.16695915955352092E-8	-1.52163613396360087E-6
8.17379395846299595E-8	-3.66909035059309740E-6
8.18182781643166201E-8	3.04551315844457449E-7
8.18694168319200344E-8	5.26384028656115177E-7
8.19241834262429514E-8	1.00116127379311171E-6
8.19924647780849547E-8	-1.09662885400202303E-6
8.20648724986951095E-8	1.38858349201389619E-6
8.21153513165635474E-8	-6.11119782187891580E-7
8.21694679919132476E-8	1.22237146037876143E-6
8.22378215340291341E-8	-1.74400747507967369E-6
8.22937133207368454E-8	2.24736815152434799E-6
8.23392003390580207E-8	-1.01614546013035545E-6
8.23907754355733779E-8	1.43591692177747543E-6
8.24505292762298936E-8	-6.73237732666610356E-7
8.25057664172270577E-8	-8.62590565237436380E-7
8.25609392809628062E-8	7.00186846806567953E-7
8.26086231219444045E-8	1.82336296863818137E-6
8.26629136262304876E-8	-3.23782282708807978E-6
8.27291886054701919E-8	-1.13060632435382269E-6
8.28192067136141219E-8	-2.67715587041658987E-7
8.28715027139732996E-8	1.57987104248417354E-6
8.29262303437804960E-8	-4.22165739619873470E-7
8.29943862288891232E-8	1.31724632957743504E-6
8.30648612728545643E-8	-1.38838303732796153E-6
8.31151681467133585E-8	9.35642915204272363E-7
8.31692627766519266E-8	-3.78334228925142213E-7
8.32379175701093565E-8	1.50388285371758412E-6
8.32927195923056019E-8	-8.75375366958591883E-7
8.33378827243932996E-8	-1.85758688185281295E-7
8.33893122849774926E-8	-2.76629491206208744E-7
8.34703003167905777E-8	1.21370950717959025E-6
8.35752826620636569E-8	-1.78765802370530569E-7
8.36312990717259730E-8	-3.41114066851800324E-6
8.36865113398634719E-8	-1.09268871698511849E-6
8.37573127111510729E-8	6.27382069366686057E-8
8.38189450384276746E-8	4.03961838299101395E-7
8.38693417545169417E-8	-1.11416932816317460E-8
8.39237132104850936E-8	7.11038803106819994E-7
8.39978559831871507E-8	2.01893520339785404E-8
8.40733040469102022E-8	-7.35015780150190512E-7
8.41245289630944626E-8	-2.01865449959285748E-7
8.41799801705244732E-8	2.09944473782785179E-6
8.42516329459426494E-8	-3.56563652830748090E-7
8.43178617483942006E-8	-2.67431866039599608E-6
8.43684446315366010E-8	-1.31589770326412303E-6
8.44227578245352817E-8	3.22358515812164370E-6
8.45071373755605038E-8	4.28773627053621187E-7
8.45948210962899338E-8	-5.80608158853088607E-6
8.46487571878961020E-8	-1.21829496298132001E-6
8.47052903579965921E-8	1.14861128055105621E-6
8.47904400172203410E-8	8.25694102082614378E-7
8.48400786198698142E-8	-1.50161636764599948E-6
8.48925208449729851E-8	1.08236482811328361E-6
8.49497122798214477E-8	3.72944990335823601E-7
8.50098936809899008E-8	-7.64044810830182808E-7
8.50663031807610537E-8	-2.23101622550150225E-6
8.51144109828090123E-8	1.81212911549442701E-6
8.51701220272747150E-8	2.42813723407201998E-6
8.52379561608272418E-8	-3.49826265769873634E-7
8.53137853201019780E-8	-6.06291556453223812E-6
8.53646673660003863E-8	3.61178819952383767E-7
8.54185763534476195E-8	4.91889758805589672E-6
8.54862976788148821E-8	2.70759427008265519E-6
8.55653612939851627E-8	-8.56932848514593282E-6
8.56160029362010455E-8	-3.88740365729750303E-6
8.56705730736905657E-8	1.90473539044966467E-6
8.57549657419526845E-8	5.25902196592729165E-6
8.58108060963039776E-8	-4.19640024344038221E-6
8.58606255938683383E-8	8.22881304432232774E-7
8.59140009807930305E-8	-3.63746947631992956E-7
8.59837466807573136E-8	1.57371958805676426E-7
8.60782678535239221E-8	-1.20230030935580401E-6
8.61311398512583182E-8	5.36760058144135499E-6
8.61868501042910040E-8	3.00373637752790179E-6
8.62863123317688085E-8	-8.98724586891114186E-6
8.63444916377317995E-8	-3.28152473514020127E-6
8.63983531628186263E-8	8.44489657202848676E-6
8.64545717161686156E-8	7.93566293326142436E-6
8.65355439335395360E-8	-8.41926619036100199E-6
8.65882236682246997E-8	-9.61217735913617588E-6
8.66391781766283486E-8	-2.73434874007961293E-6
8.66983362255536605E-8	1.00820324027397668E-5
8.67862805548390526E-8	-2.14104773809103577E-6
8.68393206308722831E-8	-2.42446681453599400E-6
8.68921386745342517E-8	-2.21899949622902692E-7
8.69485797908731861E-8	1.08412455329105173E-6
8.70091569739357951E-8	-3.47834004415274345E-6
8.70669735266147171E-8	-4.00889497151365681E-8
8.71149870689485972E-8	7.46626714033372796E-6
8.71710815216247781E-8	4.17565797309540088E-6
8.72383366391279402E-8	-7.00760844861679644E-6
8.73477934664396471E-8	-3.27979356954384649E-6
8.74031358481536813E-8	1.45041188526143361E-5
8.74588451571059800E-8	7.31179133594998198E-6
8.75432524892628727E-8	-1.12710135827382896E-5
8.75912299546092399E-8	-1.44155209428506836E-5
8.76435754215173013E-8	8.11606984233926276E-7
8.77013283697806223E-8	9.60539017889439961E-6
8.77828850864004195E-8	1.33768766679747930E-6
8.78362572761867177E-8	-2.54694914370713210E-6
8.78877030372964185E-8	4.75033694579245491E-7
8.79453734687947275E-8	-2.32534464285174236E-6
8.80418027799913006E-8	-2.13434605888312801E-6
8.80967854226240910E-8	7.63001689712483433E-6
8.81500719417822509E-8	8.73849804107854133E-6
8.82076611305618385E-8	-2.08833926125641245E-6
8.82629910187224453E-8	-1.22625375761512756E-5
8.83145678453248806E-8	-1.30369392921051674E-5
8.83619260879998869E-8	5.11196383220648087E-6
8.84177688245147131E-8	1.95284438695370222E-5
8.84945874031986257E-8	8.33434741711680793E-7
8.85810909712323991E-8	-1.99831197413215755E-5
8.86346947421790077E-8	-4.70884140923469374E-6
8.86899660518834487E-8	6.79933825613838572E-6
8.87916753849362550E-8	5.47636067896400114E-6
8.88496862660532294E-8	-1.98348867200736301E-6
8.89032401886256807E-8	-1.60464230701368193E-6
8.89611301911222263E-8	-6.99275072979357581E-6
8.90193324357801785E-8	-3.44159141956819026E-6
8.90683394468935674E-8	3.31928243491062247E-6
8.91164259525196201E-8	1.59874674469805167E-5
8.91727439953193191E-8	7.43005324376031506E-6
8.92433863414143858E-8	-1.52758892574831351E-5
8.93413660596692338E-8	-7.17495972878780464E-6
8.93956787164042410E-8	1.99755898826193934E-5
8.94515446663353231E-8	2.40891280577873257E-5
8.95429210839708034E-8	-1.95071623292427110E-5
8.95944896526514256E-8	-2.23600168879727335E-5
8.96474070607909468E-8	-7.08243734135193392E-6
8.97239740587621526E-8	1.19746950058301294E-5
8.98195069762676646E-8	5.00629791694313298E-6
8.98740761706885394E-8	-2.44418507417259034E-6
8.99286140299532200E-8	-7.60649378163530532E-6
8.99981732486880404E-8	-9.30719404027897212E-6
9.00683908958191104E-8	1.00019914619910200E-5
9.01187089999628910E-8	1.81721889707945961E-5
9.01735287448557088E-8	8.01488802202998762E-6
9.02432692309307605E-8	-1.76889105356311771E-5
9.03466945258865550E-8	-4.39266762291519441E-6
9.04012348606295646E-8	2.49210947562675189E-5
9.04573585389331569E-8	2.60909536144314913E-5
9.05575889245259269E-8	-2.76378373319577975E-5
9.06091666973876642E-8	-2.83008930198425634E-5
9.06635092805626819E-8	-9.67800437257354673E-6
9.07244072946286018E-8	1.31342367855161912E-5
9.08177238224054406E-8	7.95236615905873467E-6
9.08707688061934604E-8	1.37106832265566880E-6
9.09248688228905877E-8	-1.01127839745142900E-5
9.09936276844462455E-8	-8.00158119845528581E-6
9.10684801516799247E-8	9.57789503524569241E-6
9.11189916208849837E-8	2.40720904660030577E-5
9.11739220490723135E-8	4.39408907064854670E-6
9.12425716021375344E-8	-1.60032623536932661E-5
9.13149412747421785E-8	-2.10155353705470826E-5
9.13654870620356974E-8	2.27882130514206871E-6
9.14195831421901595E-8	3.91719006232318989E-5
9.15060693918593948E-8	6.59787196695220857E-6
9.15996415359879990E-8	-3.68071106160147288E-5
9.16543104993267654E-8	-1.88259223636112294E-5
9.17108594232916907E-8	4.69505950478955292E-6
9.18032116663621700E-8	1.77094418717892865E-5
9.18534792654446974E-8	6.69295391593163203E-6
9.19071609560445069E-8	-3.86115960419116933E-6
9.19669229060503213E-8	-1.08887127427568919E-5
9.20665646722035369E-8	1.14629755401929634E-5
9.21200010451947371E-8	1.93322412007734501E-5
9.21742938602931261E-8	3.87926042412352334E-6
9.22411038032618080E-8	-2.05069339443637055E-5
9.23152464890477020E-8	-2.33696012019689148E-5
9.23655850488062136E-8	4.23897420540314229E-6
9.24199284631558626E-8	3.62797346480417682E-5
9.25133855018340867E-8	8.71409954576227719E-6
9.26115871897007992E-8	-3.45351464982755729E-5
9.26670204798151431E-8	-2.75977370181143833E-5
9.27257962872907271E-8	5.17315052868123360E-6
9.28196288578358164E-8	1.42715694022195061E-5
9.28717572491417798E-8	8.70703626212426585E-6
9.29265506513257655E-8	-5.09189541018192138E-6
9.29941706073410757E-8	-5.57109010269434624E-6
9.30637657923497486E-8	8.64492329360130718E-6
9.31139826973781481E-8	1.58195213933186030E-5
9.31678452093533416E-8	1.64668351040813365E-6
9.32363249308634146E-8	-2.14983628667548388E-5
9.33205107437204084E-8	-2.56890890674751216E-5
9.33720616561575056E-8	1.15450563104240045E-5
9.34271174756104372E-8	3.49512841603963764E-5
9.34958957895669052E-8	2.27252744113679039E-5
9.35969134994223495E-8	-2.53135186197094431E-5
9.36514481366725704E-8	-3.96462121230387643E-5
9.37074755811768156E-8	-1.36833156658941157E-5
9.38059392022728922E-8	1.80656562743844162E-5
9.38574878242352995E-8	1.40749470300526403E-5
9.39114786344369179E-8	7.45766920307869174E-6
9.39722930435630310E-8	-9.15248046638208379E-7
9.40617860301020059E-8	8.07911411460653284E-6
9.41137108587064475E-8	1.13860789033015131E-5
9.41674773254121966E-8	-1.31773134019819782E-6
9.42328804112039364E-8	-2.29254717545694264E-5
9.43178860317964229E-8	-2.25133808337352237E-5
9.43692343440364390E-8	8.22369512959065574E-6
9.44239764097713064E-8	3.75868654772028288E-5
9.44913821984919799E-8	2.67482236555137431E-5
9.45916160032461129E-8	-1.84499173081923029E-5
9.46459030441544868E-8	-4.26497017194675010E-5
9.47017371983870859E-8	-2.93458929698631277E-5
9.48039442582031455E-8	1.04257104579975479E-5
9.48559083089132393E-8	1.63026133432052966E-5
9.49099424236673350E-8	1.23060280449126869E-5
9.49698157911602792E-8	7.53798459520572806E-6
9.50275714720754294E-8	4.57675513306704662E-6
9.50719770397135377E-8	8.54943395811632989E-6
9.51200607026578204E-8	7.84313884867109579E-6
9.51781848054380752E-8	-1.09890346383502102E-5
9.52508677307048579E-8	-2.82703012682977750E-5
9.53183843500714545E-8	-2.08711364739073346E-5
9.53693887219701608E-8	1.20551482779140162E-5
9.54236388152492765E-8	3.83623884883064115E-5
9.54963792938324829E-8	2.74220197623103124E-5
9.55981611957052380E-8	-1.93209530074948654E-5
9.56523475944521451E-8	-4.55979077366224583E-5
9.57088946251673534E-8	-3.48478497251621810E-5
9.58098113250236416E-8	4.14028677002545198E-6
9.58612094252063152E-8	1.41266038217433731E-5
9.59159515358861192E-8	1.80344590360675916E-5
9.59770794819391071E-8	1.39318386012465956E-5
9.60543123500129425E-8	1.21616296609507302E-5
9.61047984167817759E-8	1.01279708288554837E-5
9.61571731727787338E-8	-3.53310461769720341E-6
9.62214315168878542E-8	-2.41520156711340839E-5
9.62778087439703256E-8	-3.06250389268531364E-5
9.63194617622237814E-8	-1.67820873177251562E-5
9.63690157999083041E-8	1.69772166308440786E-5
9.64454684599502166E-8	4.14193912627827032E-5
9.65061950877032793E-8	2.75095917209471441E-5
9.65700700348092056E-8	4.17130583825191792E-6
9.66197947448227445E-8	-3.09020748923851496E-5
9.66757825731916398E-8	-5.46477846019021296E-5
9.67454785388807181E-8	-3.23775140178590437E-5
9.68453966642801412E-8	4.69803120758797821E-6
9.68999923632740057E-8	1.61778084599460437E-5
9.69558970567576495E-8	2.18824105756075671E-5
9.70132298367789581E-8	1.84763002982590230E-5
9.70643236555349453E-8	1.81699093157742420E-5
9.71123915470210086E-8	1.01924574269495616E-5
9.71671591041899774E-8	-6.51923465835486748E-6
9.72365452813895814E-8	-2.91848044925593619E-5
9.73190379507795100E-8	-1.31978614106756620E-5
9.73706703406381102E-8	1.88433205286737238E-5
9.74254183497969706E-8	4.06983144746128733E-5
9.74942600025146788E-8	3.85508635514316023E-5
9.75656923102835805E-8	1.20854759203983231E-5
9.76161388376890926E-8	-2.66423150792364671E-5
9.76703844232719298E-8	-5.65532146392116797E-5
9.77392304955416513E-8	-4.96958422682207779E-5
9.78370081435742023E-8	-9.09789527375067664E-6
9.78907203984133112E-8	9.94056245023685747E-6
9.79466362255071310E-8	2.42363021458271932E-5
9.80006348062065413E-8	2.55965815272478192E-5
9.80563778951449017E-8	2.30010535616817169E-5
9.81039476737368865E-8	1.47773763466306352E-5
9.81567727811640189E-8	3.72300590171724677E-7
9.82221575540768121E-8	-1.77768242144792610E-5
9.82766059201030728E-8	-1.99195970403083122E-5
9.83185446913771699E-8	-4.36432914628317725E-6
9.83673488333475987E-8	2.58138200337445456E-5
9.84228297200925262E-8	4.31706119268587241E-5
9.85466450077565526E-8	3.06347282929112552E-5
9.86136903566489309E-8	-2.22668455922000019E-5
9.86689455898082279E-8	-5.98446445251923276E-5
9.87293039381933291E-8	-6.55403128878397290E-5
9.88359199682581391E-8	-2.71180081055453703E-5
9.88907556345026961E-8	2.24589130047369911E-7
9.89459723167966665E-8	2.05775410586828533E-5
9.90255495295864030E-8	2.67800705738201250E-5
9.90811777075452227E-8	1.94136494864579001E-5
9.91324890155498117E-8	9.07929729958722831E-6
9.91887972801682949E-8	-4.94603986797890371E-6
9.92780779111156164E-8	-9.41412015943261338E-6
9.93379917676843327E-8	2.23189634576454221E-5
9.93903228215850199E-8	4.57287641123381139E-5
9.94472403041288899E-8	5.17780357348002784E-5
9.95027659531926112E-8	5.34274855112688307E-5
9.95600294985246492E-8	2.95960173444812780E-5
9.96074990022990292E-8	-1.33830369750293476E-5
9.96617529483430253E-8	-5.54903016780885938E-5
9.97268698422846001E-8	-7.21837445260678390E-5
9.97818725525545602E-8	-6.30608377716797186E-5
9.98245937710078124E-8	-4.97528576320615290E-5
9.98737193312180871E-8	-2.29057368279312845E-5
9.99313927563876447E-8	7.20011232056827666E-6
1.00010412277537286E-7	2.58964267340974352E-5
1.00075839354178009E-7	2.02934185986287963E-5
1.00127371566874501E-7	1.09439044935516305E-5
1.00182674468241295E-7	2.57348484723114534E-6
1.00261540169990071E-7	4.72958654391281286E-6
1.00326866120471614E-7	3.34731265489739549E-5
1.00378082359934395E-7	5.97169552811645588E-5
1.00433852806993862E-7	6.91786094176588406E-5
1.00549299987006324E-7	4.35567149753605420E-5
1.00609507798557463E-7	-6.43483223898690682E-6
1.00664206043361859E-7	-5.51418952051150946E-5
1.00724019825336386E-7	-7.91769769535310086E-5
1.00811421274569080E-7	-7.43147096608494184E-5
1.00863281204086919E-7	-5.05684499468716098E-5
1.00916799993781470E-7	-1.93734108895723067E-5
1.00982745321837464E-7	9.62381263869916559E-6
1.01071032621903067E-7	1.57431723616633934E-5
1.01122760138691614E-7	6.81553756438066216E-6
1.01177903304863825E-7	3.51702804038465633E-6
1.01246237418004981E-7	1.16602139172267671E-5
1.01313823518792234E-7	4.41019232999541622E-5
1.01364093640711306E-7	7.50038342156073234E-5
1.01417806242005804E-7	8.88326742929452351E-5
1.01487213592887482E-7	8.26489963850031373E-5
1.01543013496898404E-7	6.48357588838783805E-5
1.01588105201598244E-7	3.21926255860129018E-5
1.01639890637352548E-7	-1.90954159841682580E-5
1.01698768681313245E-7	-6.46294957429155303E-5
1.01755582920154897E-7	-8.17133067808104308E-5
1.01812218183713532E-7	-8.46819706504339464E-5
1.01860013052666343E-7	-6.94242073273003601E-5
1.01914699955438026E-7	-4.10880284543654284E-5
1.01980995311925504E-7	-1.05811793520180597E-5
1.02066258979949409E-7	5.00899610558498765E-6
1.02117979125568925E-7	3.28456636587233897E-6
1.02172356804326281E-7	1.63095086543284395E-6
1.02239714818769123E-7	1.61395293094715386E-5
1.02315350358459645E-7	5.85926815376953947E-5
1.02365936507337318E-7	9.47176292651058560E-5
1.02420249754177428E-7	1.09703208548521114E-4
1.02487944131021314E-7	1.07737684556411661E-4
1.02566367982886097E-7	7.47352172806086301E-5
1.02617275584355250E-7	2.83713994794467173E-5
1.02671746134507114E-7	-2.79991376948737658E-5
1.02739536335430182E-7	-7.10764825605394712E-5
1.02815537976968541E-7	-9.12391603317585798E-5
1.02866231613740133E-7	-8.47931056723182053E-5
1.02920548182191296E-7	-6.10313981656106463E-5
1.02988386215105066E-7	-3.24373995902415269E-5
1.03066496040377764E-7	-1.15426214972162855E-5
1.03117380639527845E-7	-6.28917215780037697E-6
1.03171872030953682E-7	-1.10100190057717895E-6
1.03239745128018501E-7	1.98467145852105120E-5
1.03315548921778877E-7	6.77669066092826267E-5
1.03366235185041533E-7	1.06861625543705463E-4
1.03420548574231197E-7	1.29114731831771912E-4
1.03488433628357135E-7	1.32586760004155169E-4
1.03566575894933988E-7	1.07491476815578513E-4
1.03617467376781103E-7	6.30463938120392342E-5
1.03671971199390800E-7	7.39917834938978114E-6
1.03739871646906656E-7	-4.44309059107571080E-5
1.03815522454199582E-7	-8.14335415911853033E-5
1.03866198839970192E-7	-8.66154766654906361E-5
1.03920505056276391E-7	-7.36022782092716810E-5
1.03988409003831106E-7	-5.08431140352179156E-5
1.04066644320824686E-7	-2.86841570533760759E-5
1.04117546005320061E-7	-1.70824640364779401E-5
1.04172060993036175E-7	-4.40687279465776527E-6
1.04239974885206066E-7	2.12164118354317832E-5
1.04315483643998808E-7	6.94677476353247947E-5
1.04366149797185703E-7	1.10018735134838708E-4
1.04420447109938141E-7	1.37457955318317060E-4
1.04488362723277195E-7	1.49446579716065586E-4
1.04566714144783068E-7	1.34453669285766120E-4
1.04617627570619476E-7	9.54668272704511267E-5
1.04672154094375625E-7	4.11650622792839638E-5
1.04740078449735474E-7	-1.49468958252802864E-5
1.04815439397051557E-7	-6.34640334964326414E-5
1.04866094673151733E-7	-7.91919162363925011E-5
1.04920382033182347E-7	-7.64035277760006881E-5
1.04988308437309752E-7	-6.19623903830390432E-5
1.05066789614084710E-7	-4.12228410920284372E-5
1.05117716018266227E-7	-2.40287118627550633E-5
1.05172254969075474E-7	-2.26012571719055178E-6
1.05240190135090517E-7	3.00839185985263002E-5
1.05315391844374129E-7	8.02430002730018010E-5
1.05366035484071174E-7	1.21106317704641953E-4
1.05420312027940555E-7	1.51879663026527156E-4
1.05488250457190813E-7	1.70872939439462534E-4
1.05566872421489566E-7	1.66521314179840840E-4
1.05617812993875582E-7	1.33577217159402717E-4
1.05672365467459350E-7	8.22202477824330380E-5
1.05740312965257610E-7	2.49706504436737786E-5
1.05815341797598794E-7	-3.08555099570076852E-5
1.05865973012016079E-7	-5.49190610397409706E-5
1.05920237924536265E-7	-6.24116022260498671E-5
1.05988190504463309E-7	-5.86694362754848076E-5
1.06066963492675281E-7	-4.54991836940422356E-5
1.06117919436602981E-7	-2.72941796243622381E-5
1.06172486635446117E-7	-1.49677057821980242E-7
1.06240448546530364E-7	3.75277966481638625E-5
1.06315289760014409E-7	8.95658929589740183E-5
1.06365907769972523E-7	1.30564981996382956E-4
1.06420160254957685E-7	1.62055343448518574E-4
1.06488129672776610E-7	1.83898007351343429E-4
1.06567063489375968E-7	1.86308548127200102E-4
1.06618036025389862E-7	1.58513650739513401E-4
1.06672619221187892E-7	1.12023565894380650E-4
1.06740598020169819E-7	5.78216798452427572E-5
1.06815236234821342E-7	1.81716668889223243E-6
1.06865840299854886E-7	-2.57261896369901955E-5
1.06920079585510952E-7	-3.80425238093116169E-5
1.06988069018929011E-7	-3.92969776483778910E-5
1.07067172927061494E-7	-2.98241056686330364E-5
1.07118163274554501E-7	-1.02940449717078630E-5
1.07172763784352876E-7	2.28495506138424176E-5
1.07240762295069292E-7	6.87835138225754061E-5
1.07315181823973083E-7	1.28280087849046920E-4
1.07365771271833355E-7	1.73194894988412385E-4
1.07419996629377890E-7	2.06538492523103567E-4
1.07488009743544755E-7	2.28551965070272711E-4
1.07567292171236284E-7	2.30646105591822126E-4
1.07618301517692716E-7	2.03492217161534228E-4
1.07672920679107365E-7	1.57756737163357275E-4
1.07740942055541900E-7	1.02952628867529494E-4
1.07815127259790966E-7	4.38691448930556049E-5
1.07865701519019863E-7	1.14382090281422721E-5
1.07919912288122632E-7	-7.13819864834026685E-6
1.07987953238726853E-7	-1.54151109159191568E-5
1.08067421390626950E-7	-1.36980026543266109E-5
1.08118450851226933E-7	3.10398521902167879E-6
1.08173089991784344E-7	3.72934905757596802E-5
1.08241137690394651E-7	8.73882549342121884E-5
1.08315073408408891E-7	1.53479881688783482E-4
1.08365632043676796E-7	2.03910699929602224E-4
1.08419827662302315E-7	2.41869300325598591E-4
1.08487901079563875E-7	2.66567149563813466E-4
1.08567560492435145E-7	2.70587721037415641E-4
1.08618611061394432E-7	2.45400559590643574E-4
1.08673271460247434E-7	2.02835270570931936E-4
1.08741349189368597E-7	1.52182653580522009E-4
1.08815021253648436E-7	9.77107015056520289E-5
1.08865564002027537E-7	6.62402648464219812E-5
1.08919744038911559E-7	4.81442704425696633E-5
1.08987854977382126E-7	4.13896586019212886E-5
1.09067709051313932E-7	4.48529664793373506E-5
1.09118781546898092E-7	6.37792665149336635E-5
1.09173464388722730E-7	1.02601324378799519E-4
1.09241576026994736E-7	1.60280054756225265E-4
1.09314971861487464E-7	2.35228014613306247E-4
1.09365498666655547E-7	2.92770825223122655E-4
1.09419662854233124E-7	3.36662397402770530E-4
1.09487816696664320E-7	3.63778229723780822E-4
1.09567866242238887E-7	3.64794995313421078E-4
1.09618961248778146E-7	3.35718403329634985E-4
1.09673667570960531E-7	2.87065398724916854E-4
1.09741817050331414E-7	2.27209437406545467E-4
1.09814926324303475E-7	1.62264632910765716E-4
1.09865437364716767E-7	1.21531480695908911E-4
1.09919585629605221E-7	9.34197415119147756E-5
1.09987787936149850E-7	7.68363546975344747E-5
1.10068030789342441E-7	7.24630286302519888E-5
1.10119148601261929E-7	8.95270678543570675E-5
1.10173879236913153E-7	1.30411185326366041E-4
1.10242070389884783E-7	1.94899870235815453E-4
1.10314885686369735E-7	2.80734438071833114E-4
1.10365381392901130E-7	3.49031406779618436E-4
1.10419513880401388E-7	4.06292222773251854E-4
1.10487770179546918E-7	4.49340532555232652E-4
1.10568200944649697E-7	4.66877956921380388E-4
1.10619341519043424E-7	4.47058719342785782E-4
1.10674097039907116E-7	4.05971561676448012E-4
1.10742333416194350E-7	3.52769096482953248E-4
1.10814850856229263E-7	2.93270676612108794E-4
1.10865331914950493E-7	2.52949784527365473E-4
1.10919449003763670E-7	2.23412105310706766E-4
1.10987764529528543E-7	2.05768480493172490E-4
1.11068374510387069E-7	2.01102661000382943E-4
1.11119537435438587E-7	2.19186421954234367E-4
1.11174318100119995E-7	2.62812983183936399E-4
1.11242602764505949E-7	3.32124585040771159E-4
1.11314822516394818E-7	4.22342181817370665E-4
1.11365289853349947E-7	4.94556235004143563E-4
1.11419392157078079E-7	5.56743022525675446E-4
1.11487771547767722E-7	6.04703947187121305E-4
1.11568548914655596E-7	6.24640377396210056E-4
1.11619733400675569E-7	6.04876052341006254E-4
1.11674539114439275E-7	5.59848057827786505E-4
1.11742874444203810E-7	4.96125340787391966E-4
1.11814801044751810E-7	4.21893560891538399E-4
1.11865255791778573E-7	3.67303177201565578E-4
1.11919344144940447E-7	3.20962260029728075E-4
1.11987791130415815E-7	2.84867573304110966E-4
1.12068721342241728E-7	2.64955767336123138E-4
1.12119926239899947E-7	2.78380019418675362E-4
1.12174756532151032E-7	3.23205450220200330E-4
1.12243144037274001E-7	4.02230780712118907E-4
1.12314786463249261E-7	5.09179861653781529E-4
1.12365229906857711E-7	5.97703677089035246E-4
1.12419305335062303E-7	6.81996665978771066E-4
1.12487822449008057E-7	7.61926900899203829E-4
1.12568888911217280E-7	8.22326598489178728E-4
1.12620112757813029E-7	8.29181509178314791E-4
1.12674966782023733E-7	8.09513010010662271E-4
1.12743406972537041E-7	7.70169857748670239E-4
1.12814778426540907E-7	7.13671067422706606E-4
1.12865211944897070E-7	6.64165884275716412E-4
1.12919275621163395E-7	6.17216450902270708E-4
1.12987863978699687E-7	5.75954540925915737E-4
1.13069048874552691E-7	5.46271557668820762E-4
1.13120289964601173E-7	5.51803188925624788E-4
1.13175166522916792E-7	5.87491398175513790E-4
1.13243658844042727E-7	6.55267861391341810E-4
1.13314776256098848E-7	7.48716638584960403E-4
1.13365201251433723E-7	8.27521910319215692E-4
1.13419254442892159E-7	9.02918425023812965E-4
1.13487913619331171E-7	9.73913972604983869E-4
1.13569198818001516E-7	1.02698777613752790E-3
1.13620455290200173E-7	1.03305260444320268E-3
1.13675352881649827E-7	1.01362294549092669E-3
1.13743895728779276E-7	9.72739373814171593E-4
1.13814779015663348E-7	9.13762885294936922E-4
1.13865196850203598E-7	8.60401736918080928E-4
1.13919240860967452E-7	8.08187018586637507E-4
1.13987968894138803E-7	7.62067307110083902E-4
1.14069336824158274E-7	7.32509886727115855E-4
1.14120606754146903E-7	7.41254031595170115E-4
1.14175523642018817E-7	7.84112622082150157E-4
1.14244114455782930E-7	8.67855441230749136E-4
1.14314785614733139E-7	9.83557361000108621E-4
1.14365197557261067E-7	1.08232073185332589E-3
1.14419233673681919E-7	1.18431257923302979E-3
1.14488027192647168E-7	1.29535100715072149E-3
1.14569461578852350E-7	1.40114829836404220E-3
1.14620743066857744E-7	1.44319699008493729E-3
1.14675677358156047E-7	1.46069380116689551E-3
1.14744312787642944E-7	1.45821965278951082E-3
1.14814794921227525E-7	1.42839196468145735E-3
1.14865202108949438E-7	1.38652365198617744E-3
1.14919231552668677E-7	1.33690651292088236E-3
1.14988086014818713E-7	1.28283241345370258E-3
1.15069572408037057E-7	1.23210884214252858E-3
1.15120863652451000E-7	1.22106997719007504E-3
1.15175813381046654E-7	1.23813610267315277E-3
1.15244489493602909E-7	1.28702578115465904E-3
1.15314805864163872E-7	1.36516141616712927E-3
1.15365209281472647E-7	1.43797257917409049E-3
1.15419233173933256E-7	1.51615968014257474E-3
1.15488143175984903E-7	1.60402243494638830E-3
1.15569669247208617E-7	1.69270148981538293E-3
1.15620968598629381E-7	1.73208471092958094E-3
1.15675931803958809E-7	1.75295021461841372E-3
1.15744644315138312E-7	1.76031388636139141E-3
1.15814817511791057E-7	1.74683067935381553E-3
1.15865217984649238E-7	1.72011111081875168E-3
1.15919237324561708E-7	1.68936661378938968E-3
1.15988196944795652E-7	1.66320539202093221E-3
1.16069752557007688E-7	1.65195574885089402E-3
1.16121058551153378E-7	1.66764071859659135E-3
1.16176033345898810E-7	1.71350986109659931E-3
1.16244777843578251E-7	1.79979394914381441E-3
1.16314829118002416E-7	1.91575943560073592E-3
1.16365227320695186E-7	2.01514597906365100E-3
1.16419242973922055E-7	2.12235864985396994E-3
1.16488246104183446E-7	2.24808405559456181E-3
1.16569823205309309E-7	2.38031593854124157E-3
1.16621134576492458E-7	2.44631306088489442E-3
1.16676119199068129E-7	2.49304237467322309E-3
1.16744891340655199E-7	2.52563133240583149E-3
1.16814840137361320E-7	2.52878652073895260E-3
1.16865236607519218E-7	2.50719420745021448E-3
1.16919249307367457E-7	2.47387522976441021E-3
1.16988289942040291E-7	2.43294689049873680E-3
1.17069882337174613E-7	2.39162779795004354E-3
1.17121198016134986E-7	2.38115396542634183E-3
1.17176190866387908E-7	2.39315706355060653E-3
1.17244986535526019E-7	2.43342967720223946E-3
1.17314850214642052E-7	2.50191307471622171E-3
1.17365245372567406E-7	2.56981089902763982E-3
1.17419255727719252E-7	2.65010350165520769E-3
1.17488328189574576E-7	2.75388939665223020E-3
1.17569931250699677E-7	2.87809978652382981E-3
1.17621250351436046E-7	2.95098278771717482E-3
1.17676250010216554E-7	3.01505892028294387E-3
1.17745065427378748E-7	3.08017168173260192E-3
1.17814859157524054E-7	3.12712263402426771E-3
1.17865253326616748E-7	3.14345936068028831E-3
1.17919261833831657E-7	3.15462899941473118E-3
1.17988360929646552E-7	3.17365998605398847E-3
1.18069971291062692E-7	3.20599855551539870E-3
1.18121293091139234E-7	3.24090681773557865E-3
1.18176298325988061E-7	3.29840280383558149E-3
1.18245130114189179E-7	3.39147776210004803E-3
1.18314866901189109E-7	3.50744321605645304E-3
1.18365260327272104E-7	3.60491447748620963E-3
1.18419267386361104E-7	3.71248822261361333E-3
1.18488388495788821E-7	3.84476027874366677E-3
1.18570003768946819E-7	3.99232970254673614E-3
1.18621327686972000E-7	4.07335765116641291E-3
1.18676337447018643E-7	4.13964121757077397E-3
1.18745182658642068E-7	4.19847856268331121E-3
1.18814873471944704E-7	4.23086846042406961E-3
1.18865266340249898E-7	4.23327306590363150E-3
1.18919272269420184E-7	4.22691310601725334E-3
1.18988411377486392E-7	4.22018928404355798E-3
1.19070029904354713E-7	4.22019816666129444E-3
1.19121355477316815E-7	4.23414849722479048E-3
1.19176368880676864E-7	4.26879168708137779E-3
1.19245224993910104E-7	4.33501408393542231E-3
1.19314878954622516E-7	4.42812313163285776E-3
1.19365271403947659E-7	4.51386872339317513E-3
1.19419276454259427E-7	4.61585855231744890E-3
1.19488430141023061E-7	4.75292775619175512E-3
1.19570050793297655E-7	4.92254871292424490E-3
1.19621377655458816E-7	5.02794521666009864E-3
1.19676393972139006E-7	5.12950341379941399E-3
1.19745258866073190E-7	5.24274597664666331E-3
1.19814883466184696E-7	5.33992637433688699E-3
1.19865275600236476E-7	5.39486579340503791E-3
1.19919279968468984E-7	5.44688907344660667E-3
1.19988445369603380E-7	5.51372387807639885E-3
1.20070067392962287E-7	5.59571457182983423E-3
1.20121395257210484E-7	5.65488360645233890E-3
1.20176413889986766E-7	5.72961359871383813E-3
1.20245285806642932E-7	5.83550369789886325E-3
1.20314887136157167E-7	5.95721726840689936E-3
1.20365279032375661E-7	6.05665751609265435E-3
1.20419282872020394E-7	6.16809961533030204E-3
1.20488457622392686E-7	6.31145894895048887E-3
1.20570080520420064E-7	6.48149003969236581E-3
1.20621409162399917E-7	6.58359537655595606E-3
1.20676429627497228E-7	6.67908178237500749E-3
1.20745307127519519E-7	6.78098793144285494E-3
1.20814890093348537E-7	6.86425254997111978E-3
1.20865281809625391E-7	6.90926325734630353E-3
1.20919285240002972E-7	6.95119670536228362E-3
1.20988467409765255E-7	7.00640250918573759E-3
1.21070090860287749E-7	7.07828306113331696E-3
1.21121420105261723E-7	7.13418031414610798E-3
1.21176442014059838E-7	7.20901567063065585E-3
1.21245323931056781E-7	7.32076935208579282E-3
1.21314892457725376E-7	7.45565833543108347E-3
1.21365284037441312E-7	7.57000856193138105E-3
1.21419287151097710E-7	7.70213256288833215E-3
1.21488475181081523E-7	7.87806644616067420E-3
1.21570098977552354E-7	8.09323127838225709E-3
1.21621428689740219E-7	8.22706263863697274E-3
1.21676451732221480E-7	8.35882294526511238E-3
1.21745337129086084E-7	8.50823284804214808E-3
1.21814894336157375E-7	8.64124390842371781E-3
1.21865285811922286E-7	8.72375831758922438E-3
1.21919288680533544E-7	8.80599418995851302E-3
1.21988481321313658E-7	8.91124867735592474E-3
1.22070105332727952E-7	9.03902815738187826E-3
1.22121435406784351E-7	9.12642260476064848E-3
1.22176459337054300E-7	9.23030689075381439E-3
1.22245347466224619E-7	9.37210424145622945E-3
1.22314895820842606E-7	9.53065090507813650E-3
1.22365287217256835E-7	9.65775674678703311E-3
1.22419289896288941E-7	9.80030826031079982E-3
1.22488486153354992E-7	9.98644248132769974E-3
1.22570110297396528E-7	1.02109831390108852E-2
1.22621440651669933E-7	1.03506154333108680E-2
1.22676465275613045E-7	1.04911814484624633E-2
1.22745355544205692E-7	1.06549376851226407E-2
1.22814896989437150E-7	1.08064978897110398E-2
1.22865288325126198E-7	1.09056617343029649E-2
1.22919290857483232E-7	1.10068949401292038E-2
1.22988489943560442E-7	1.11356707800369836E-2
1.23070114168928679E-7	1.12887963685574189E-2
1.23121444740170616E-7	1.13900115951990144E-2
1.23176469905135733E-7	1.15061322362044649E-2
1.23245361845176693E-7	1.16605728321055802E-2
1.23314897906161769E-7	1.18302660868809961E-2
1.23365289195276762E-7	1.19655709206172656E-2
1.23419291614140980E-7	1.21176814928653664E-2
1.23488492908773373E-7	1.23178177244896592E-2
1.23570117183726014E-7	1.25614629846842973E-2
1.23621447922959904E-7	1.27151873527255210E-2
1.23676473509276819E-7	1.28731492141116854E-2
1.23745366752809538E-7	1.30617346305772686E-2
1.23814898623378267E-7	1.32418143462246940E-2
1.23865289876705331E-7	1.33642058008392772E-2
1.23919292207740517E-7	1.34921378992210084E-2
1.23988495223695372E-7	1.36571052514593583E-2
1.24070119528717071E-7	1.38563617797516114E-2
1.24121450398024002E-7	1.39887769567511788E-2
1.24176476312112816E-7	1.41414947158121596E-2
1.24245370570722624E-7	1.43456795477804500E-2
1.24314899183309957E-7	1.45694301253066660E-2
1.24365290409093898E-7	1.47456512752871838E-2
1.24419292672151438E-7	1.49421097129287928E-2
1.24488497027914646E-7	1.51974951620548371E-2
1.24570121351073571E-7	1.55014336578047152E-2
1.24621452321097248E-7	1.56885216768837266E-2
1.24676478489927156E-7	1.58782643866208195E-2
1.24745373538109883E-7	1.61011178240006769E-2
1.24814899619709241E-7	1.63096515983044754E-2
1.24865290824267983E-7	1.64494894312522399E-2
1.24919293034705348E-7	1.65924221604461763E-2
1.24988498432229123E-7	1.67704894167904905E-2
1.25070122766269298E-7	1.69766557717492583E-2
1.25121453814282590E-7	1.71090292983972714E-2
1.25176480180950644E-7	1.72572810626663520E-2
1.25245375842741846E-7	1.74501061632452381E-2
1.25314899959375148E-7	1.76573438591089116E-2
1.25365291147559899E-7	1.78191546846814797E-2
1.25419293317260450E-7	1.79993135799870330E-2
1.25488499524128660E-7	1.82356371251719596E-2
1.25570123864658290E-7	1.85227320595383782E-2
1.25621454973065427E-7	1.87054990901404583E-2
1.25676481493291159E-7	1.88996514617962719E-2
1.25745377631600230E-7	1.91414319745523143E-2
1.25814900223470993E-7	1.93846107693720171E-2
1.25865291399013479E-7	1.95604207275338293E-2
1.25919293537173660E-7	1.97512614457363300E-2
1.25988500372411760E-7	2.00005540076665511E-2
1.26070124716785292E-7	2.03009036374447049E-2
1.26121455871962351E-7	2.04958172473009137E-2
1.26176482511322519E-7	2.07127893879512959E-2
1.26245379019478188E-7	2.09921417365221785E-2
1.26314900428639376E-7	2.12847607409357131E-2
1.26365291594414053E-7	2.15055063697879811E-2
1.26419293708152103E-7	2.17448873331136827E-2
1.26488501031002309E-7	2.20498996327922026E-2
1.26570125377634790E-7	2.24054415503108206E-2
1.26621456569032764E-7	2.26224369853941942E-2
1.26676483300787979E-7	2.28440873465319827E-2
1.26745380095871107E-7	2.31065618167704256E-2
1.26814900587925505E-7	2.33545451106485347E-2
1.26865291746149222E-7	2.35233192276149961E-2
1.26919293840975578E-7	2.36969398343306858E-2
1.26988501542058607E-7	2.39126269515298606E-2
1.27070125890004548E-7	2.41612414103251094E-2
1.27121457109454594E-7	2.43203674252041635E-2
1.27176483912847349E-7	2.44994460693915572E-2
1.27245380930451879E-7	2.47347378377877103E-2
1.27314900711527024E-7	2.49895164337208930E-2
1.27365291863910857E-7	2.51891921742041980E-2
1.27419293944091860E-7	2.54133788156552187E-2
1.27488501938471721E-7	2.57102852260313552E-2
1.27570126287171304E-7	2.60726159062068863E-2
1.27621457528347548E-7	2.63043302924088529E-2
1.27676484387271705E-7	2.65527568652363044E-2
1.27745381577401718E-7	2.68635888390196609E-2
1.27814900807400211E-7	2.71756277327722451E-2
1.27865291955266125E-7	2.74006121704276318E-2
1.27919294024104935E-7	2.76431892174035543E-2
1.27988502245863156E-7	2.79565290047626869E-2
1.28070126594986866E-7	2.83286065526174458E-2
1.28121457852990428E-7	2.85667387921237470E-2
1.28176484754953557E-7	2.88282437239297007E-2
1.28245382078818171E-7	2.91599119164593468E-2
1.28314900881742489E-7	2.94997549851904228E-2
1.28365292026112154E-7	2.97497572255075848E-2
1.28419294086166769E-7	3.00152962527470413E-2
1.28488502484166189E-7	3.03473554813519453E-2
1.28570126833522247E-7	3.07269182580489542E-2
1.28621458104558939E-7	3.09564470860959595E-2
1.28676485039874722E-7	3.11929518122692517E-2
1.28745382467387470E-7	3.14774778656049747E-2
1.28814900939375176E-7	3.17518765032135253E-2
1.28865292081038740E-7	3.19439420299774079E-2
1.28919294134289930E-7	3.21472416361990110E-2
1.28988502668873739E-7	3.24064865047538619E-2
1.29070127018351899E-7	3.27125154621782244E-2
1.29121458299483338E-7	3.29103851384414092E-2
1.29176485260642737E-7	3.31321828513210814E-2
1.29245382768475459E-7	3.34217079436700049E-2
1.29314900984045744E-7	3.37300471693415016E-2
1.29365292123614362E-7	3.39669967046736021E-2
1.29419294171596255E-7	3.42303514596565517E-2
1.29488502812018735E-7	3.45770277175085416E-2
1.29570127161556625E-7	3.49966976554735565E-2
1.29621458450506966E-7	3.52641437251087986E-2
1.29676485431689859E-7	3.55516794430126337E-2
1.29745383001758952E-7	3.59111870967582192E-2
1.29814901018664441E-7	3.62692690437265819E-2
1.29865292156611112E-7	3.65242412788800497E-2
1.29919294200511648E-7	3.67949216927013989E-2
1.29988502922940796E-7	3.71383332265771582E-2
1.30070127272503666E-7	3.75379073091623150E-2
1.30121458567510118E-7	3.77894844391250295E-2
1.30176485564206290E-7	3.80629743612072291E-2
1.30245383182495456E-7	3.84078350932212365E-2
1.30314901045489995E-7	3.87591050412023641E-2
1.30365292182180714E-7	3.90169513018114067E-2
1.30419294222920179E-7	3.92923075126181143E-2
1.30488503008885592E-7	3.96392597362195387E-2
1.30570127358455368E-7	4.00383860196603969E-2
1.30621458658152712E-7	4.02806977026353508E-2
1.30676485666867159E-7	4.05319720509847148E-2
1.30745383322514619E-7	4.08366470030255524E-2
1.30814901066274891E-7	4.11320967552856498E-2
1.30865292201993055E-7	4.13402158523195062E-2
1.30919294240283968E-7	4.15626165935742886E-2
1.30988503075472940E-7	4.18498640853452031E-2
1.31070127425040850E-7	4.21936424975687885E-2
1.31121458728371598E-7	4.24183040853878524E-2
1.31176485746396487E-7	4.26707344964103985E-2
1.31245383430985951E-7	4.29995636437690454E-2
1.31314901082378621E-7	4.33451516462343367E-2
1.31365292217343588E-7	4.36050340641428669E-2
1.31419294253738039E-7	4.38887436621050586E-2
1.31488503127060463E-7	4.42556062278019002E-2
1.31570127476621623E-7	4.46899662870550163E-2
1.31621458782766698E-7	4.49609115522212743E-2
1.31676485808003996E-7	4.52487860701527289E-2
1.31745383515014147E-7	4.56057147366266946E-2
1.31814901094854364E-7	4.59581171091676044E-2
1.31865292229236042E-7	4.62082326520450160E-2
1.31919294264161513E-7	4.64741186740602163E-2
1.31988503167024707E-7	4.68120950540779468E-2
1.32070127516578539E-7	4.72057808101491005E-2
1.32121458824903559E-7	4.74532769161670487E-2
1.32176485855727899E-7	4.77212533851819565E-2
1.32245383580106535E-7	4.80581997914726244E-2
1.32314901104519445E-7	4.83993694315107348E-2
1.32365292238449372E-7	4.86479639186724899E-2
1.32419294272237065E-7	4.89137309901833373E-2
1.32488503197984198E-7	4.92511751180846957E-2
1.32570127547530348E-7	4.96431403588161579E-2
1.32621458857543861E-7	4.98835128218105961E-2
1.32676485892696094E-7	5.01358417012010094E-2
1.32745383630529123E-7	5.04455707546299070E-2
1.32814901112006645E-7	5.07480508966042887E-2
1.32865292245586675E-7	5.09615160151999458E-2
1.32919294278493050E-7	5.11889184365815986E-2
1.32988503221966914E-7	5.14807061600503424E-2
1.33070127571506047E-7	5.18257185717526703E-2
1.33121458882827470E-7	5.20476292144870900E-2
1.33176485921332222E-7	5.22936920005012151E-2
1.33245383669587314E-7	5.26111102721785873E-2
1.33314901117806506E-7	5.29408485394490125E-2
1.33365292251115575E-7	5.31856538441376436E-2
1.33419294283339296E-7	5.34506627815327029E-2
1.33488503240544665E-7	5.37905783004843308E-2
1.33570127590078003E-7	5.41881385618809386E-2
1.33621458902412482E-7	5.44318053668490531E-2
1.33676485943514045E-7	5.46868649677204210E-2
1.33745383699842391E-7	5.49995822363074360E-2
1.33814901122299323E-7	5.53044071799215864E-2
1.33865292255398538E-7	5.55193671856741755E-2
1.33919294287093460E-7	5.57490858770656406E-2
1.33988503254935543E-7	5.60447677000139421E-2
1.34070127604463996E-7	5.63946625617033437E-2
1.34121458917583181E-7	5.66179462517311016E-2
1.34176485960696312E-7	5.68624928426530118E-2
1.34245383723278233E-7	5.71734442182406433E-2
1.34314901125779640E-7	5.74903801730111219E-2
1.34365292258716229E-7	5.77206587665912796E-2
1.34419294290001634E-7	5.79653837801877003E-2
1.34488503266083015E-7	5.82739389835300958E-2
1.34570127615607360E-7	5.86278659814596637E-2
1.34621458929334326E-7	5.88413449708360403E-2
1.34676485974005633E-7	5.90630341378332524E-2
1.34745383741431657E-7	5.93337101843316539E-2
1.34814901128475517E-7	5.95959916729224837E-2
1.34865292261286163E-7	5.97799148688720283E-2
1.34919294292254310E-7	5.99752838279583500E-2
1.34988503274717830E-7	6.02249643478371155E-2
1.35070127624238889E-7	6.05173751029937179E-2
1.35121458938436678E-7	6.07020244968411316E-2
1.35176485984314931E-7	6.09024622933110749E-2
1.35245383755493132E-7	6.11564831040695900E-2
1.35314901130563836E-7	6.14157996406161288E-2
1.35365292263276960E-7	6.16054932661118571E-2
1.35419294293999370E-7	6.18096404625889573E-2
1.35488503281406558E-7	6.20719193540982150E-2
1.35570127630924908E-7	6.23797397724470315E-2
1.35621458945487361E-7	6.25688498801950743E-2
1.35676485992300444E-7	6.27682690086156647E-2
1.35745383766385164E-7	6.30160516917535141E-2
1.35814901132181420E-7	6.32600608559671862E-2
1.35865292264819004E-7	6.34328358778276069E-2
1.35919294295351101E-7	6.36181030158433547E-2
1.35988503286587559E-7	6.38576246552789506E-2
1.36070127636103688E-7	6.41416032036271400E-2
1.36121458950948560E-7	6.43223582785063464E-2
1.36176485998485797E-7	6.45195949637669841E-2
1.36245383774821760E-7	6.47701939411706817E-2
1.36314901133434185E-7	6.50248182947506237E-2
1.36365292266013327E-7	6.52084768567674278E-2
1.36419294296397964E-7	6.54017608184384969E-2
1.36488503290600449E-7	6.56423814146666196E-2
1.36570127640115224E-7	6.59119789214304230E-2
1.36621458955178943E-7	6.60682637516777760E-2
1.36676486003277153E-7	6.62238469148674014E-2
1.36745383781356855E-7	6.64066170147634161E-2
1.36814901134404665E-7	6.65756704736675342E-2
1.36865292266938354E-7	6.66892087855331805E-2
1.36919294297208793E-7	6.68074890256899057E-2
1.36988503293708819E-7	6.69584082924690804E-2
1.37070127643222595E-7	6.71366555874461834E-2
1.37121458958455822E-7	6.72514483004342623E-2
1.37176486006988485E-7	6.73784071767146031E-2
1.37245383786419062E-7	6.75431439555296897E-2
1.37314901135156564E-7	6.77148399222025255E-2
1.37365292267655170E-7	6.78413839452024980E-2
1.37419294297837169E-7	6.79778291342562646E-2
1.37488503296116926E-7	6.81540091053255548E-2
1.37570127645629392E-7	6.83610916094950039E-2
1.37621458960993870E-7	6.84869326941824319E-2
1.37676486009863130E-7	6.86191202450129545E-2
1.37745383790339915E-7	6.87845432843137150E-2
1.37814901135738754E-7	6.89484822461731728E-2
1.37865292268210116E-7	6.90648647852716735E-2
1.37919294298323614E-7	6.91898470170732161E-2
1.37988503297981779E-7	6.93511756345037700E-2
1.38070127647493734E-7	6.95404456536689697E-2
1.38121458962959909E-7	6.96582334098569955E-2
1.38176486012089850E-7	6.97822440304657565E-2
1.38245383793377030E-7	6.99345044101301561E-2
1.38314901136189761E-7	7.00829165407761945E-2
1.38365292268640117E-7	7.01846409052830822E-2
1.38419294298700546E-7	7.02866442386570256E-2
1.38488503299426502E-7	7.04082053969134147E-2
1.38570127648938035E-7	7.05371481721648053E-2
1.38621458964482946E-7	7.06059448498941400E-2
1.38676486013814815E-7	7.06691652163198825E-2
1.38745383795729937E-7	7.07385000901559113E-2
1.38814901136539337E-7	7.07968790355519317E-2
1.38865292268973350E-7	7.08324880220868813E-2
1.38919294298992635E-7	7.08683876140564628E-2
1.38988503300545818E-7	7.09156584704991033E-2
1.39070127650056574E-7	7.09753290774028844E-2
1.39121458965662548E-7	7.10178026907746052E-2
1.39176486015150780E-7	7.10688969100779921E-2
1.39245383797552202E-7	7.11422548963616563E-2
1.39314901136809954E-7	7.12262982938297995E-2
1.39365292269231333E-7	7.12913349700657228E-2
1.39419294299218777E-7	7.13628136912786726E-2
1.39488503301412625E-7	7.14560276839592223E-2
1.39570127650923048E-7	7.15645392345105336E-2
1.39621458966576251E-7	7.16262690516118461E-2
1.39676486016185653E-7	7.16859266692938313E-2
1.39745383798963707E-7	7.17547408092899097E-2
1.39814901137019554E-7	7.18158149866633266E-2
1.39865292269431185E-7	7.18544120042441392E-2
1.39919294299393959E-7	7.18928558733421674E-2
1.39988503302084033E-7	7.19406209533286223E-2
1.40070127651594190E-7	7.19948235761440181E-2
1.40121458967283985E-7	7.20278986675371158E-2
1.40176486016987267E-7	7.20603097014708638E-2
1.40245383800057066E-7	7.20971627294633244E-2
1.40314901137181947E-7	7.21294200856452594E-2
1.40365292269585962E-7	7.21462041545170507E-2
1.40419294299529662E-7	7.21560201606291152E-2
1.40488503302604162E-7	7.21586050797910161E-2
1.40570127652114030E-7	7.21483488437076748E-2
1.40621458967832202E-7	7.21319309014572507E-2
1.40676486017608138E-7	7.21073822149773580E-2
1.40745383800903889E-7	7.20727194709359864E-2
1.40814901137307746E-7	7.20349180960039526E-2
1.40865292269705833E-7	7.20073873040230161E-2
1.40919294299634767E-7	7.19805529021841473E-2
1.40988503303006985E-7	7.19529017754861044E-2
1.41070127652516697E-7	7.19305400527731287E-2
1.41121458968256830E-7	7.19228803917364345E-2
1.41176486018089098E-7	7.19180782522944106E-2
1.41245383801559976E-7	7.19170916248007330E-2
1.41314901137405191E-7	7.19215894823797441E-2
1.41365292269798792E-7	7.19252247017533719E-2
1.41419294299716203E-7	7.19273219426156452E-2
1.41488503303319058E-7	7.19274666610376023E-2
1.41570127652828459E-7	7.19225776772308834E-2
1.41621458968585556E-7	7.19125571060054725E-2
1.41676486018461389E-7	7.18949191855477565E-2
1.41745383802067804E-7	7.18661708542117061E-2
1.41814901137480698E-7	7.18293363769919857E-2
1.41865292269870769E-7	7.17971398169575092E-2
1.41919294299779319E-7	7.17583559611083643E-2
1.41988503303560831E-7	7.17053964092151652E-2
1.42070127653070055E-7	7.16407496212892170E-2
1.42121458968840297E-7	7.15999765733875559E-2
1.42176486018749948E-7	7.15543271459610786E-2
1.42245383802461323E-7	7.14954540551524431E-2
1.42314901137539063E-7	7.14358833697778017E-2
1.42365292269926336E-7	7.13904522967498512E-2
1.42419294299828048E-7	7.13379597496268758E-2
1.42488503303747827E-7	7.12660871450052724E-2
1.42570127653257162E-7	7.11753508624034303E-2
1.42621458969037684E-7	7.11127703183989546E-2
1.42676486018973514E-7	7.10411891628873349E-2
1.42745383802766157E-7	7.09498197636172634E-2
1.42814901137584283E-7	7.08581187383409006E-2
1.42865292269969535E-7	7.07933349083481378E-2
1.42919294299865784E-7	7.07268684991849206E-2
1.42988503303892789E-7	7.06482528434749746E-2
1.43070127653402190E-7	7.05666970284140493E-2
1.43121458969190618E-7	7.05224582712214776E-2
1.43176486019146698E-7	7.04777385041932636E-2
1.43245383803002468E-7	7.04237175150739780E-2
1.43314901137619355E-7	7.03712699368164785E-2
1.43365292270003009E-7	7.03310002635104858E-2
1.43419294299895195E-7	7.02829158044367119E-2
1.43488503304005222E-7	7.02147608043631610E-2
1.43570127653514401E-7	7.01262682052836439E-2
1.43621458969308957E-7	7.00643872657225497E-2
1.43676486019280691E-7	6.99928558840546344E-2
1.43745383803185223E-7	6.98995651507216031E-2
1.43814901137646434E-7	6.98040303084233926E-2
1.43865292270028777E-7	6.97347238900679223E-2
1.43919294299917766E-7	6.96604905896437998E-2
1.43988503304092075E-7	6.95663187439787389E-2
1.44070127653601476E-7	6.94586944406803397E-2
1.44121458969400762E-7	6.93936650848872016E-2
1.44176486019384642E-7	6.93231665106936923E-2
1.44245383803327099E-7	6.92332605902038445E-2
1.44314901137667650E-7	6.91428459000105722E-2
1.44365292270048995E-7	6.90760721410309664E-2
1.44419294299935563E-7	6.90020520815053828E-2
1.44488503304159743E-7	6.89052055612917336E-2
1.44570127653668923E-7	6.87905123379704264E-2
1.44621458969471872E-7	6.87179856541103717E-2
1.44676486019465234E-7	6.86395390759890223E-2
1.44745383803436978E-7	6.85418617602883273E-2
1.44814901137683982E-7	6.84464602362518271E-2
1.44865292270064594E-7	6.83798349627976609E-2
1.44919294299949275E-7	6.83100997955732847E-2
1.44988503304212002E-7	6.82236176184473742E-2
1.45070127653720871E-7	6.81283976059909957E-2
1.45121458969526662E-7	6.80739046509206691E-2
1.45176486019527284E-7	6.80174980514179417E-2
1.45245383803521610E-7	6.79486292037545958E-2
1.45314901137696451E-7	6.78827946296258489E-2
1.45365292270076507E-7	6.78356576414678791E-2
1.45419294299959589E-7	6.77834456512747874E-2
1.45488503304252137E-7	6.77138942522002996E-2
1.45570127653761361E-7	6.76297932232522214E-2
1.45621458969569351E-7	6.75749992066667815E-2
1.45676486019575657E-7	6.75140571006691648E-2
1.45745383803587614E-7	6.74353404938577849E-2
1.45814901137706454E-7	6.73566217459987726E-2
1.45865292270086000E-7	6.73014330575271824E-2
1.45919294299967972E-7	6.72438353102444264E-2
1.45988503304283768E-7	6.71724790280042683E-2
1.46070127653792592E-7	6.70945945258226750E-2
1.46121458969602269E-7	6.70511448259365928E-2
1.46176486019612950E-7	6.70062426593837213E-2
1.46245383803638407E-7	6.69505323316826750E-2
1.46314901137713838E-7	6.68967028225129035E-2
1.46365292270093050E-7	6.68576855620880561E-2
1.46419294299974112E-7	6.68135700838875390E-2
1.46488503304307738E-7	6.67538957777093156E-2
1.46570127653816917E-7	6.66821897510271899E-2
1.46621458969627949E-7	6.66376598298905609E-2
1.46676486019641983E-7	6.65909945827059424E-2
1.46745383803678076E-7	6.65341879272012804E-2
1.46814901137719778E-7	6.64824528935323578E-2
1.46865292270098680E-7	6.64505996028386292E-2
1.46919294299979075E-7	6.64211821261729973E-2
1.46988503304326645E-7	6.63895316419434423E-2
1.47070127653835647E-7	6.63628429771406569E-2
1.47121458969647678E-7	6.63536975393344264E-2
1.47176486019664376E-7	6.63471613338484545E-2
1.47245383803708574E-7	6.63412476392696959E-2
1.47314901137724186E-7	6.63398222555981754E-2
1.47365292270102866E-7	6.63407517305668115E-2
1.47419294299982706E-7	6.63419748103718909E-2
1.47488503304341023E-7	6.63429366659782893E-2
1.47570127653850225E-7	6.63453360717899532E-2
1.47621458969663077E-7	6.63484052586160722E-2
1.47676486019681752E-7	6.63532396700312166E-2
1.47745383803732389E-7	6.63594407410083420E-2
1.47814901137727905E-7	6.63682522928686502E-2
1.47865292270106385E-7	6.63776666476399946E-2
1.47919294299985848E-7	6.63892221032948004E-2
1.47988503304352625E-7	6.64052971052708862E-2
1.48070127653861583E-7	6.64288445849882692E-2
1.48121458969675057E-7	6.64488471931640134E-2
1.48176486019695330E-7	6.64721741861122783E-2
1.48245383803750874E-7	6.65016273348713938E-2
1.48314901137730581E-7	6.65342063228997471E-2
1.48365292270108973E-7	6.65595898537188813E-2
1.48419294299988125E-7	6.65872031590345337E-2
1.48488503304361252E-7	6.66220404412220191E-2
1.48570127653870276E-7	6.66645827205728558E-2
1.48621458969684150E-7	6.66941715163585869E-2
1.48676486019705711E-7	6.67293990684015803E-2
1.48745383803764941E-7	6.67774097652903986E-2
1.48814901137732636E-7	6.68338499660058094E-2
1.48865292270110983E-7	6.68827912494794230E-2
1.48919294299989824E-7	6.69423080319123098E-2
1.48988503304367881E-7	6.70275008494487068E-2
1.49070127653876883E-7	6.71424331447981615E-2
1.49121458969691223E-7	6.72248718849160376E-2
1.49176486019713672E-7	6.73193283105780615E-2
1.49245383803775811E-7	6.74413684357446463E-2
1.49314901137734246E-7	6.75692277290939103E-2
1.49365292270112437E-7	6.76640082975909518E-2
1.49419294299991101E-7	6.77660035180641795E-2
1.49488503304373044E-7	6.78950025945053159E-2
1.49570127653882201E-7	6.80457851954709270E-2
1.49621458969696786E-7	6.81414745980330050E-2
1.49676486019719968E-7	6.82458048725454791E-2
1.49745383803784415E-7	6.83771220571483962E-2
1.49814901137735568E-7	6.85131191574496778E-2
1.49865292270113759E-7	6.86162890447285889E-2
1.49919294299992290E-7	6.87298551639057997E-2
1.49988503304377208E-7	6.88776719089557155E-2
1.50070127653886143E-7	6.90565850286072269E-2
1.50121458969700905E-7	6.91735789067660090E-2
1.50176486019724686E-7	6.93009818687852075E-2
1.50245383803790888E-7	6.94595966440790225E-2
1.50314901137736490E-7	6.96203233039987168E-2
1.50365292270114637E-7	6.97383545066421728E-2
1.50419294299993100E-7	6.98666929226574851E-2
1.50488503304380306E-7	7.00333755315998729E-2
1.50570127653889241E-7	7.02355262962133509E-2
1.50621458969704247E-7	7.03694135530083198E-2
1.50676486019728473E-7	7.05207344405498571E-2
1.50745383803795940E-7	7.07190878055611094E-2
1.50814901137737123E-7	7.09314699125810399E-2
1.50865292270115159E-7	7.10955055225922017E-2
1.50919294299993489E-7	7.12794548244257253E-2
1.50988503304382471E-7	7.15235367279652845E-2
1.51070127653891850E-7	7.18225354283623663E-2
1.51121458969707012E-7	7.20176106421626017E-2
1.51176486019731504E-7	7.22315854090732401E-2
1.51245383803800193E-7	7.25015648671995372E-2
1.51314901137737823E-7	7.27757513037896597E-2
1.51365292270115881E-7	7.29757655801384519E-2
1.51419294299994145E-7	7.31908248791586935E-2
1.51488503304384636E-7	7.34652940939558796E-2
1.51570127653893794E-7	7.37875646523574247E-2
1.51621458969709000E-7	7.39913392761226696E-2
1.51676486019733892E-7	7.42116350736352715E-2
1.51745383803803313E-7	7.44875892017164887E-2
1.51814901137738323E-7	7.47678809225721785E-2
1.51865292270116359E-7	7.49743979292900686E-2
1.51919294299994601E-7	7.51982775940060133E-2
1.51988503304386136E-7	7.54866253424747580E-2
1.52070127653895160E-7	7.58287721259855729E-2
1.52121458969710410E-7	7.60466753739621559E-2
1.52176486019735457E-7	7.62827752149550253E-2
1.52245383803805456E-7	7.65790438042414223E-2
1.52314901137738579E-7	7.68793360822522587E-2
1.52365292270116592E-7	7.70997236870799707E-2
1.52419294299994768E-7	7.73395289592143520E-2
1.52488503304387102E-7	7.76515373401629549E-2
1.52570127653896415E-7	7.80274370350133317E-2
1.52621458969711732E-7	7.82717398690942190E-2
1.52676486019736912E-7	7.85427279036698778E-2
1.52745383803807533E-7	7.88917549824658781E-2
1.52814901137738990E-7	7.92551006046571249E-2
1.52865292270117026E-7	7.95270883208725277E-2
1.52919294299995112E-7	7.98257919743397082E-2
1.52988503304388201E-7	8.02151069988403975E-2
1.53070127653897292E-7	8.06805228335710112E-2
1.53121458969712720E-7	8.09762655526672503E-2
1.53176486019737990E-7	8.12956832565464182E-2
1.53245383803809032E-7	8.16957063374061043E-2
1.53314901137739135E-7	8.20979618499822550E-2
1.53365292270117082E-7	8.23892850769586538E-2
1.53419294299995257E-7	8.27015706620494662E-2
1.53488503304388768E-7	8.31002284012368264E-2
1.53570127653897881E-7	8.35676208299770096E-2
1.53621458969713331E-7	8.38615447094118593E-2
1.53676486019738712E-7	8.41782853434252942E-2
1.53745383803809976E-7	8.45744012070957041E-2
1.53814901137739302E-7	8.49732337923095749E-2
1.53865292270117315E-7	8.52632588156093085E-2
1.53919294299995379E-7	8.55750361094039214E-2
1.53988503304389246E-7	8.59743898971036913E-2
1.54070127653898314E-7	8.64440222672699754E-2
1.54121458969713787E-7	8.67398004834685388E-2
1.54176486019739256E-7	8.70587511395433289E-2
1.54245383803810698E-7	8.74598485439257090E-2
1.54314901137739402E-7	8.78665760825653308E-2
1.54365292270117349E-7	8.81647337988605351E-2
1.54419294299995435E-7	8.84890330446515172E-2
1.54488503304389657E-7	8.89105852427351984E-2
1.54570127653898881E-7	8.94150439537184027E-2
1.54621458969714398E-7	8.97379774036424216E-2
1.54676486019739934E-7	9.00914377613035100E-2
1.54745383803811554E-7	9.05412973881086636E-2
1.54814901137739547E-7	9.10014396671263270E-2
1.54865292270117516E-7	9.13397409251754944E-2
1.54919294299995536E-7	9.17067053742891680E-2
1.54988503304390091E-7	9.21809743260190650E-2
1.55070127653899270E-7	9.27425777747886215E-2
1.55121458969714743E-7	9.30960479669254504E-2
1.55176486019740323E-7	9.34755854792924090E-2
1.55245383803812120E-7	9.39495267080809349E-2
1.55314901137739603E-7	9.44235616145677170E-2
1.55365292270117616E-7	9.47644837941808404E-2
1.55419294299995681E-7	9.51281803247892732E-2
1.55488503304390346E-7	9.55905808072245833E-2
1.55570127653899482E-7	9.61286385397020204E-2
1.55621458969714999E-7	9.64632319233831126E-2
1.55676486019740601E-7	9.68210554179597160E-2
1.55745383803812576E-7	9.72669377927807766E-2
1.55814901137739703E-7	9.77130521244879446E-2
1.55865292270117672E-7	9.80352178802422358E-2
1.55919294299995670E-7	9.83800431599607528E-2
1.55988503304390602E-7	9.88210139231596685E-2
1.56070127653899715E-7	9.93380237845764213E-2
1.56121458969715254E-7	9.96616470125396603E-2
1.56176486019740901E-7	1.00009209822559519E-1
1.56245383803812943E-7	1.00445222111861976E-1
1.56314901137739826E-7	1.00884659503287777E-1
1.56365292270117773E-7	1.01204110937397407E-1
1.56419294299995792E-7	1.01549626895745626E-1
1.56488503304390814E-7	1.01996829379315179E-1
1.56570127653899860E-7	1.02528032707567007E-1
1.56621458969715355E-7	1.02864463111847626E-1
1.56676486019741024E-7	1.03229456116444052E-1
1.56745383803813199E-7	1.03691588295850523E-1
1.56814901137739815E-7	1.04160679796044198E-1
1.56865292270117807E-7	1.04502513173758582E-1
1.56919294299995871E-7	1.04870657758093033E-1
1.56988503304390936E-7	1.05343658418051511E-1
1.57070127653899894E-7	1.05899059139020268E-1
1.57121458969715388E-7	1.06244502336824187E-1
1.57176486019741057E-7	1.06612451470803471E-1
1.57245383803813255E-7	1.07068903544779204E-1
1.57314901137739915E-7	1.07520838643425964E-1
1.57365292270117840E-7	1.07842310800546382E-1
1.57419294299995860E-7	1.08182559675159951E-1
1.57488503304391081E-7	1.08612603093470317E-1
1.57570127653900016E-7	1.09108931444029755E-1
1.57621458969715578E-7	1.09414539011108558E-1
1.57676486019741291E-7	1.09738577887003208E-1
1.57745383803813533E-7	1.10140478288005395E-1
1.57814901137739971E-7	1.10539832897659007E-1
1.57865292270117918E-7	1.10825775566569562E-1
1.57919294299995894E-7	1.11129891763050370E-1
1.57988503304391181E-7	1.11516959322009579E-1
1.58070127653900006E-7	1.11967213410507060E-1
1.58121458969715523E-7	1.12245425221403528E-1
1.58176486019741236E-7	1.12541790452147294E-1
1.58245383803813411E-7	1.12911430053641371E-1
1.58314901137739938E-7	1.13280308200630198E-1
1.58365292270117930E-7	1.13545694453185320E-1
1.58419294299995972E-7	1.13830730864212226E-1
1.58488503304391193E-7	1.14198309942324472E-1
1.58570127653900039E-7	1.14632913088169097E-1
1.58621458969715512E-7	1.14906554321048393E-1
1.58676486019741203E-7	1.15201886146034260E-1
1.58745383803813489E-7	1.15575063901615183E-1
1.58814901137739883E-7	1.15951809253994265E-1
1.58865292270117830E-7	1.16223636998919222E-1
1.58919294299995872E-7	1.16513798373071609E-1
1.58988503304390982E-7	1.16883175148442797E-1
1.59070127653899962E-7	1.17310284502644535E-1
1.59121458969715546E-7	1.17569925424694000E-1
1.59176486019741192E-7	1.17841756303031131E-1
1.59245383803813390E-7	1.18174276024036917E-1
1.59314901137739828E-7	1.18497321673708944E-1
1.59365292270117864E-7	1.18723033946636614E-1
1.59419294299995862E-7	1.18958723388953502E-1
1.59488503304391016E-7	1.19253587584992360E-1
1.59570127653899974E-7	1.19589468772255980E-1
1.59621458969715535E-7	1.19792932107410621E-1
1.59676486019741248E-7	1.20005323268404229E-1
1.59745383803813379E-7	1.20265166110617505E-1
1.59814901137739773E-7	1.20517855316495526E-1
1.59865292270117765E-7	1.20693894583001393E-1
1.59919294299995740E-7	1.20877032742708179E-1
1.59988503304390850E-7	1.21105701924964526E-1
1.60070127653900030E-7	1.21364711958270766E-1
1.60121458969715613E-7	1.21519582421782357E-1
1.60176486019741326E-7	1.21681385609323822E-1
1.60245383803813546E-7	1.21881511148532251E-1
1.60314901137739851E-7	1.22078788549520723E-1
1.60365292270117799E-7	1.22219304620450431E-1
1.60419294299995840E-7	1.22369575285052234E-1
1.60488503304391106E-7	1.22563651595237744E-1
1.60570127653900263E-7	1.22792532131241616E-1
1.60621458969715825E-7	1.22934780574053026E-1
1.60676486019741560E-7	1.23086420885352865E-1
1.60745383803813890E-7	1.23276263582466838E-1
1.60814901137739974E-7	1.23463587202263114E-1
1.60865292270117899E-7	1.23594182176325873E-1
1.60919294299995963E-7	1.23729493655013090E-1
1.60988503304391228E-7	1.23896743688430799E-1
1.61070127653900186E-7	1.24081278314147769E-1
1.61121458969715747E-7	1.24186063104271516E-1
1.61176486019741461E-7	1.24289557723843336E-1
1.61245383803813813E-7	1.24409843600921977E-1
1.61314901137739919E-7	1.24517991443993470E-1
1.61365292270117910E-7	1.24587046501428156E-1
1.61419294299995952E-7	1.24653359461197777E-1
1.61488503304391240E-7	1.24729503580009093E-1
1.61570127653900109E-7	1.24805407831971205E-1
1.61621458969715692E-7	1.24843137781909608E-1
1.61676486019741383E-7	1.24875333347290374E-1
1.61745383803813603E-7	1.24906837864429621E-1
1.61814901137739842E-7	1.24926292912625803E-1
1.61865292270117789E-7	1.24931130182102024E-1
1.61919294299995808E-7	1.24928897536180528E-1
1.61988503304390963E-7	1.24918499466808464E-1
1.62070127653900165E-7	1.24894893716284971E-1
1.62121458969715748E-7	1.24872155501863502E-1
1.62176486019741417E-7	1.24842983137100250E-1
1.62245383803813636E-7	1.24804146173334440E-1
1.62314901137739920E-7	1.24761258776014028E-1
1.62365292270117845E-7	1.24727628337904761E-1
1.62419294299995820E-7	1.24690512635494333E-1
1.62488503304391063E-7	1.24643346515685249E-1
1.62570127653900220E-7	1.24586187108907920E-1
1.62621458969715804E-7	1.24546489793937676E-1
1.62676486019741562E-7	1.24500421861493082E-1
1.62745383803813803E-7	1.24439554157455468E-1
1.62814901137739865E-7	1.24370814480622460E-1
1.62865292270117812E-7	1.24313728666152090E-1
1.62919294299995787E-7	1.24245814584449144E-1
1.62988503304391186E-7	1.24150692170755783E-1
1.63070127653900254E-7	1.24024997005143955E-1
1.63121458969715860E-7	1.23935043892050656E-1
1.63176486019741573E-7	1.23829385643991174E-1
1.63245383803813926E-7	1.23687447686121588E-1
1.63314901137740054E-7	1.23531345490321320E-1
1.63365292270118045E-7	1.23408338833328979E-1
1.63419294299996087E-7	1.23267568300625285E-1
1.63488503304391464E-7	1.23076477747627289E-1
1.63570127653900332E-7	1.22835199557099073E-1
1.63621458969715916E-7	1.22672075287607463E-1
1.63676486019741674E-7	1.22487251340520564E-1
1.63745383803814137E-7	1.22245757058479732E-1
1.63814901137740132E-7	1.21989876824416354E-1
1.63865292270118079E-7	1.21795864006998023E-1
1.63919294299996166E-7	1.21581118776122654E-1
1.63988503304391653E-7	1.21299655636634385E-1
1.64070127653900255E-7	1.20959506241995873E-1
1.64121458969715750E-7	1.20739778569428569E-1
1.64176486019741441E-7	1.20500206339213078E-1
1.64245383803813794E-7	1.20198203708468654E-1
1.64314901137739966E-7	1.19890387103424434E-1
1.64365292270117980E-7	1.19664420996723386E-1
1.64419294299995999E-7	1.19420184161652232E-1
1.64488503304391287E-7	1.19106091609179465E-1
1.64570127653900000E-7	1.18733109393594027E-1
1.64621458969715584E-7	1.18494735399349982E-1
1.64676486019741253E-7	1.18235061896674587E-1
1.64745383803813517E-7	1.17906323878873764E-1
1.64814901137739889E-7	1.17568219882197811E-1
1.64865292270117836E-7	1.17316660195126810E-1
1.64919294299995856E-7	1.17040403591604703E-1
1.64988503304391010E-7	1.16678052063515825E-1
1.65070127653900034E-7	1.16237818728328590E-1
1.65121458969715529E-7	1.15950538607607134E-1
1.65176486019741220E-7	1.15633080986867376E-1
1.65245383803813306E-7	1.15225067166601591E-1
1.65314901137739723E-7	1.14800532491236185E-1
1.65365292270117648E-7	1.14483291821304145E-1
1.65419294299995712E-7	1.14134372014345198E-1
1.65488503304390733E-7	1.13676678890432337E-1
1.65570127653900112E-7	1.13122796942362092E-1
1.65621458969715674E-7	1.12765339323568803E-1
1.65676486019741387E-7	1.12373490345262872E-1
1.65745383803813540E-7	1.11874431375602690E-1
1.65814901137739845E-7	1.11361809074820650E-1
1.65865292270117815E-7	1.10983738412851629E-1
1.65919294299995834E-7	1.10573112446919630E-1
1.65988503304391055E-7	1.10041999697934934E-1
1.66070127653900235E-7	1.09410124555919785E-1
1.66121458969715796E-7	1.09008869671167363E-1
1.66176486019741487E-7	1.08576000783929350E-1
1.66245383803813906E-7	1.08032936253912726E-1
1.66314901137740101E-7	1.07483923450056817E-1
1.66365292270118070E-7	1.07084880675956517E-1
1.66419294299996134E-7	1.06656145215854736E-1
1.66488503304391466E-7	1.06106463901623127E-1
1.66570127653900046E-7	1.05457922964438033E-1
1.66621458969715586E-7	1.05048356892019346E-1
1.66676486019741277E-7	1.04606122155565351E-1
1.66745383803813541E-7	1.04049299026858910E-1
1.66814901137739868E-7	1.03482615698869318E-1
1.66865292270117882E-7	1.03066397049933256E-1
1.66919294299995880E-7	1.02614291942974223E-1
1.66988503304391012E-7	1.02026825720992553E-1
1.67070127653899969E-7	1.01322358414627267E-1
1.67121458969715464E-7	1.00870584672205399E-1
1.67176486019741222E-7	1.00377959403114470E-1
1.67245383803813308E-7	9.97516690835824704E-2
1.67314901137739724E-7	9.91094761404097646E-2
1.67365292270117649E-7	9.86369691182778219E-2
1.67419294299995669E-7	9.81235515839572159E-2
1.67488503304390601E-7	9.74573381273558148E-2
1.67570127653900069E-7	9.66619621132348072E-2
1.67621458969715609E-7	9.61561292393545131E-2
1.67676486019741322E-7	9.56078660096757105E-2
1.67745383803813453E-7	9.49153098463252753E-2
1.67814901137739780E-7	9.42108340312713466E-2
1.67865292270117705E-7	9.36960770305153545E-2
1.67919294299995747E-7	9.31408973286997721E-2
1.67988503304390902E-7	9.24263622524249051E-2
1.68070127653900103E-7	9.15814679909067664E-2
1.68121458969715754E-7	9.10494283861905807E-2
1.68176486019741422E-7	9.04788763909743921E-2
1.68245383803813620E-7	8.97662104311457654E-2
1.68314901137739792E-7	8.90504352274872524E-2
1.68365292270117717E-7	8.85338748286372024E-2
1.68419294299995714E-7	8.79816668126248658E-2
1.68488503304390891E-7	8.72760818621935819E-2
1.68570127653900270E-7	8.64471000976226378E-2
1.68621458969715809E-7	8.59261374970006031E-2
1.68676486019741567E-7	8.53657832462630140E-2
1.68745383803813875E-7	8.46612967780238179E-2
1.68814901137739914E-7	8.39465000476904777E-2
1.68865292270117839E-7	8.34241563085518578E-2
1.68919294299995881E-7	8.28595771381156077E-2
1.68988503304391191E-7	8.21293910997271581E-2
1.69070127653900215E-7	8.12599164760826476E-2
1.69121458969715821E-7	8.07082331949368381E-2
1.69176486019741557E-7	8.01117029315461338E-2
1.69245383803813820E-7	7.93587938898300216E-2
1.69314901137739993E-7	7.85937620955174765E-2
1.69365292270117984E-7	7.80356016663218277E-2
1.69419294299996026E-7	7.74329006438755219E-2
1.69488503304391336E-7	7.66546651088592945E-2
1.69570127653900160E-7	7.57306775182391956E-2
1.69621458969715677E-7	7.51464191069637355E-2
1.69676486019741457E-7	7.45165346867000533E-2
1.69745383803813632E-7	7.37240809918976669E-2
1.69814901137739804E-7	7.29222519533897628E-2
1.69865292270117774E-7	7.23403382168067299E-2
1.69919294299995816E-7	7.17165559335335967E-2
1.69988503304390992E-7	7.09181599954948005E-2
1.70070127653900283E-7	6.99806351571308660E-2
1.70121458969715866E-7	6.93952004341438311E-2
1.70176486019741580E-7	6.87709621077188249E-2
1.70245383803813843E-7	6.79943607715128273E-2
1.70314901137739838E-7	6.72179879190959539E-2
1.70365292270117719E-7	6.66597962273835876E-2
1.70419294299995783E-7	6.60646350190235587E-2
1.70488503304391070E-7	6.53051843220630523E-2
1.70570127653900450E-7	6.44142173429666443E-2
1.70621458969716056E-7	6.38557731620324009E-2
1.70676486019741835E-7	6.32570459271800623E-2
1.70745383803814188E-7	6.25061405458216512E-2
1.70814901137739961E-7	6.17471741812118413E-2
1.70865292270117886E-7	6.11956628666503111E-2
1.70919294299995927E-7	6.06024630333457459E-2
1.70988503304391304E-7	5.98386763236260588E-2
1.71070127653900350E-7	5.89343560391430010E-2
1.71121458969715889E-7	5.83644869011943435E-2
1.71176486019741603E-7	5.77513627623553027E-2
1.71245383803814022E-7	5.69802723633285968E-2
1.71314901137739950E-7	5.62001393872670452E-2
1.71365292270117964E-7	5.56334117342799050E-2
1.71419294299995961E-7	5.50239034872581456E-2
1.71488503304391382E-7	5.42395149391335263E-2
1.71570127653900251E-7	5.33118670739290668E-2
1.71621458969715834E-7	5.27283311745013883E-2
1.71676486019741503E-7	5.21023323228360535E-2
1.71745383803813856E-7	5.13183070001038555E-2
1.71814901137739895E-7	5.05295750488210604E-2
1.71865292270117864E-7	4.99608938964018456E-2
1.71919294299995884E-7	4.93546826598291766E-2
1.71988503304391194E-7	4.85828359273546617E-2
1.72070127653900196E-7	4.76821925426650317E-2
1.72121458969715757E-7	4.71235363791971640E-2
1.72176486019741426E-7	4.65309610343823721E-2
1.72245383803813712E-7	4.57963228729712402E-2
1.72314901137739795E-7	4.50644695510243043E-2
1.72365292270117765E-7	4.45399748166396225E-2
1.72419294299995784E-7	4.39822210771129729E-2
1.72488503304391005E-7	4.32717126657450901E-2
1.72570127653900229E-7	4.24397464527195556E-2
1.72621458969715880E-7	4.19201116001119001E-2
1.72676486019741571E-7	4.13649736285217617E-2
1.72745383803813812E-7	4.06711074885597856E-2
1.72814901137739874E-7	3.99731543449323778E-2
1.72865292270117799E-7	3.94687141244353734E-2
1.72919294299995796E-7	3.89285473574705287E-2
1.72988503304391017E-7	3.82355597534383751E-2
1.73070127653900130E-7	3.74182117735082720E-2
1.73121458969715669E-7	3.69050961809760381E-2
1.73176486019741338E-7	3.63546441782194574E-2
1.73245383803813602E-7	3.56634237190064951E-2
1.73314901137739841E-7	3.49653484882557253E-2
1.73365292270117766E-7	3.44596786478156547E-2
1.73419294299995808E-7	3.39176477815974442E-2
1.73488503304390940E-7	3.32226221831105661E-2
1.73570127653900075E-7	3.24046631326576007E-2
1.73621458969715614E-7	3.18936293614975375E-2
1.73676486019741327E-7	3.13487866738826115E-2
1.73745383803813458E-7	3.06703502174235654E-2
1.73814901137739675E-7	2.99925615261363410E-2
1.73865292270117644E-7	2.95070641277626722E-2
1.73919294299995664E-7	2.89923243196268565E-2
1.73988503304390729E-7	2.83399733487847083E-2
1.74070127653900109E-7	2.75825458520233457E-2
1.74121458969715670E-7	2.71151120459273276E-2
1.74176486019741339E-7	2.66216691072916900E-2
1.74245383803813558E-7	2.60123633849958802E-2
1.74314901137739797E-7	2.54080717825206071E-2
1.74365292270117744E-7	2.49772435572833684E-2
1.74419294299995808E-7	2.45213086842621619E-2
1.74488503304390918E-7	2.39431273139677225E-2
1.74570127653900342E-7	2.32695836439636228E-2
1.74621458969715904E-7	2.28511948910023621E-2
1.74676486019741661E-7	2.24059774192863648E-2
1.74745383803813903E-7	2.18508954406646128E-2
1.74814901137739831E-7	2.12940169413239122E-2
1.74865292270117823E-7	2.08924860999446249E-2
1.74919294299995798E-7	2.04634259632836102E-2
1.74988503304391085E-7	1.99137225259067119E-2
1.75070127653900309E-7	1.92662681515287115E-2
1.75121458969715915E-7	1.88609775588873330E-2
1.75176486019741673E-7	1.84276321244482988E-2
1.75245383803813959E-7	1.78851819086281738E-2
1.75314901137739954E-7	1.73396251842430171E-2
1.75365292270117878E-7	1.69464041450290459E-2
1.75419294299995898E-7	1.65267729587934431E-2
1.75488503304391275E-7	1.59910853332008185E-2
1.75570127653900365E-7	1.53640484271021061E-2
1.75621458969715927E-7	1.49746252261911184E-2
1.75676486019741707E-7	1.45617523098551560E-2
1.75745383803814081E-7	1.40501637870100526E-2
1.75814901137740098E-7	1.35420965964477569E-2
1.75865292270118023E-7	1.31806429594554908E-2
1.75919294299996110E-7	1.28001874552897865E-2
1.75988503304391486E-7	1.23215552895497793E-2
1.76070127653900199E-7	1.17705073280198547E-2
1.76121458969715761E-7	1.14336288189658020E-2
1.76176486019741496E-7	1.10807518454686038E-2
1.76245383803813827E-7	1.06482101257994999E-2
1.76314901137739843E-7	1.02227027388229286E-2
1.76365292270117813E-7	9.92149905600733284E-3
1.76419294299995855E-7	9.60452320825421069E-3
1.76488503304391076E-7	9.20449647741988919E-3
1.76570127653900277E-7	8.74080954740556493E-3
1.76621458969715839E-7	8.45401418827037787E-3
1.76676486019741574E-7	8.15009038389462503E-3
1.76745383803813882E-7	7.77196112734003819E-3
1.76814901137739966E-7	7.39315511686952309E-3
1.76865292270117913E-7	7.12054985121104878E-3
1.76919294299995999E-7	6.82982025589609520E-3
1.76988503304391309E-7	6.45785601573602541E-3
1.77070127653900222E-7	6.02048056738813386E-3
1.77121458969715784E-7	5.74775306871218117E-3
1.77176486019741519E-7	5.45706600327716362E-3
1.77245383803813739E-7	5.09441680354501525E-3
1.77314901137739955E-7	4.73151092652812899E-3
1.77365292270117925E-7	4.47131691812480447E-3
1.77419294299995944E-7	4.19505211034426306E-3
1.77488503304391343E-7	3.84412309087561432E-3
1.77570127653900323E-7	3.43564000248737678E-3
1.77621458969715906E-7	3.18348633693811323E-3
1.77676486019741642E-7	2.91807363267452935E-3
1.77745383803814017E-7	2.59160568193482899E-3
1.77814901137740011E-7	2.27030671601194411E-3
1.77865292270117958E-7	2.04428465671279103E-3
1.77919294299996000E-7	1.80921365934843004E-3
1.77988503304391354E-7	1.51756710688318641E-3
1.78070127653900157E-7	1.18763013392357886E-3
1.78121458969715718E-7	9.89763650718350441E-4
1.78176486019741431E-7	7.85622795303654264E-4
1.78245383803813717E-7	5.38823468347377688E-4
1.78314901137739890E-7	2.99486662606838117E-4
1.78365292270117903E-7	1.31854629766948306E-4
1.78419294299995923E-7	-4.31240128186227967E-5
1.78488503304391144E-7	-2.62753598458634130E-4
1.78570127653900057E-7	-5.16454490512382680E-4
1.78621458969715619E-7	-6.73107594613013838E-4
1.78676486019741265E-7	-8.38630075085207416E-4
1.78745383803813462E-7	-1.04416658385046857E-3
1.78814901137739879E-7	-1.24962343400488751E-3
1.78865292270117893E-7	-1.39687663158638564E-3
1.78919294299995890E-7	-1.55339192417161209E-3
1.78988503304391022E-7	-1.75302717386033868E-3
1.79070127653900069E-7	-1.98685589722816802E-3
1.79121458969715608E-7	-2.13193407935538382E-3
1.79176486019741299E-7	-2.28620681220271393E-3
1.79245383803813518E-7	-2.47862905912280818E-3
1.79314901137739824E-7	-2.67111578604178579E-3
1.79365292270117838E-7	-2.80898357014114008E-3
1.79419294299995835E-7	-2.95479892038430014E-3
1.79488503304391123E-7	-3.13896917750558924E-3
1.79570127653900236E-7	-3.35156252138792743E-3
1.79621458969715819E-7	-3.48100388246027403E-3
1.79676486019741533E-7	-3.61492940388157935E-3
1.79745383803813885E-7	-3.77611163208399381E-3
1.79814901137740080E-7	-3.93018672531313884E-3
1.79865292270118027E-7	-4.03512196086295827E-3
1.79919294299996091E-7	-4.14094981161040110E-3
1.79988503304391445E-7	-4.26781626990201701E-3
1.80070127653900203E-7	-4.40535739117744463E-3
1.80121458969715742E-7	-4.48444759028078366E-3
1.80176486019741455E-7	-4.56319237045800552E-3
1.80245383803813741E-7	-4.65537004953889522E-3
1.80314901137739891E-7	-4.74195639858356621E-3
1.80365292270117883E-7	-4.80108625779030618E-3
1.80419294299995925E-7	-4.86136418690308592E-3
1.80488503304391212E-7	-4.93555150350196392E-3
1.80570127653900192E-7	-5.01986571667668446E-3
1.80621458969715754E-7	-5.07131000142876598E-3
1.80676486019741445E-7	-5.12532512176475219E-3
1.80745383803813731E-7	-5.19226324548838125E-3
1.80814901137739903E-7	-5.25907678657708111E-3
1.80865292270117850E-7	-5.30696311153770051E-3
1.80919294299995936E-7	-5.35810058060532235E-3
1.80988503304391180E-7	-5.42391342774878638E-3
1.81070127653900093E-7	-5.50188384629891036E-3
1.81121458969715654E-7	-5.55071684300611423E-3
1.81176486019741367E-7	-5.60297492024460375E-3
1.81245383803813587E-7	-5.66869796313697272E-3
1.81314901137739848E-7	-5.73495277752340193E-3
1.81365292270117773E-7	-5.78241706134521216E-3
1.81419294299995792E-7	-5.83210960869139505E-3
1.81488503304390925E-7	-5.89351265577962202E-3
1.81570127653900126E-7	-5.96174045005432518E-3
1.81621458969715643E-7	-6.00082650288348951E-3
1.81676486019741401E-7	-6.03850392250008472E-3
1.81745383803813576E-7	-6.07968316957088106E-3
1.81814901137739815E-7	-6.11366731936146479E-3
1.81865292270117784E-7	-6.13284027251466224E-3
1.81919294299995826E-7	-6.14812744697871061E-3
1.81988503304391047E-7	-6.16095867432739475E-3
1.82070127653900071E-7	-6.16748419086914446E-3
1.82121458969715655E-7	-6.16705914061621741E-3
1.82176486019741346E-7	-6.16294223372899985E-3
1.82245383803813521E-7	-6.15378639999563504E-3
1.82314901137739827E-7	-6.14098848585054746E-3
1.82365292270117774E-7	-6.12993478727081609E-3
1.82419294299995838E-7	-6.11662485239239651E-3
1.82488503304391014E-7	-6.09813170902337376E-3
1.82570127653900061E-7	-6.07507886723422530E-3
1.82621458969715578E-7	-6.06032921474937680E-3
1.82676486019741358E-7	-6.04475359684861147E-3
1.82745383803813510E-7	-6.02619194445940831E-3
1.82814901137739838E-7	-6.00891605230333958E-3
1.82865292270117807E-7	-5.99765969750807315E-3
1.82919294299995872E-7	-5.98697592407670243E-3
1.82988503304391004E-7	-5.97536333118197405E-3
1.83070127653900161E-7	-5.96463068633528071E-3
1.83121458969715700E-7	-5.95944771127010586E-3
1.83176486019741436E-7	-5.95509889297906625E-3
1.83245383803813677E-7	-5.95067746465724490E-3
1.83314901137739850E-7	-5.94673872495268707E-3
1.83365292270117841E-7	-5.94366001998935722E-3
1.83419294299995839E-7	-5.93953072052834941E-3
1.83488503304390971E-7	-5.93220663136962223E-3
1.83570127653900106E-7	-5.91983316231435630E-3
1.83621458969715645E-7	-5.90915416837652163E-3
1.83676486019741381E-7	-5.89455889462539684E-3
1.83745383803813556E-7	-5.87183098038299800E-3
1.83814901137739795E-7	-5.84377649974599755E-3
1.83865292270117786E-7	-5.82002967425130446E-3
1.83919294299995784E-7	-5.79116077581982758E-3
1.83988503304391005E-7	-5.74957337017564374E-3
1.84070127653900251E-7	-5.69484032472731272E-3
1.84121458969715768E-7	-5.65771301217810407E-3
1.84176486019741459E-7	-5.61593815874144831E-3
1.84245383803813811E-7	-5.56126356135396449E-3
1.84314901137739851E-7	-5.50428058933139397E-3
1.84365292270117820E-7	-5.46259103360331721E-3
1.84419294299995840E-7	-5.41798111861794141E-3
1.84488503304391060E-7	-5.36145830190665773E-3
1.84570127653900218E-7	-5.29653963165052755E-3
1.84621458969715757E-7	-5.25759963651313811E-3
1.84676486019741448E-7	-5.21779037861978789E-3
1.84745383803813756E-7	-5.17066831514292868E-3
1.84814901137739840E-7	-5.12660557504734804E-3
1.84865292270117831E-7	-5.09716887349505576E-3
1.84919294299995807E-7	-5.06796780460156526E-3
1.84988503304391072E-7	-5.03343481744206844E-3
1.85070127653900207E-7	-4.99644934678465980E-3
1.85121458969715746E-7	-4.97521596114896791E-3
1.85176486019741482E-7	-4.95426411837081115E-3
1.85245383803813679E-7	-4.92955292259771216E-3
1.85314901137739763E-7	-4.90567607277874185E-3
1.85365292270117776E-7	-4.88870358464595078E-3
1.85419294299995752E-7	-4.87018293717326856E-3
1.85488503304390928E-7	-4.84510408881284338E-3
1.85570127653900263E-7	-4.81301030466396718E-3
1.85621458969715869E-7	-4.79107579579335052E-3
1.85676486019741560E-7	-4.76543969156695191E-3
1.85745383803813935E-7	-4.72998221544682362E-3
1.85814901137740018E-7	-4.69052388606665893E-3
1.85865292270118010E-7	-4.65961141586845518E-3
1.85919294299996118E-7	-4.62429814739620770E-3
1.85988503304391450E-7	-4.57598034644026441E-3
1.86070127653900252E-7	-4.51521576375171119E-3
1.86121458969715792E-7	-4.47556745913557297E-3
1.86176486019741505E-7	-4.43236575820962919E-3
1.86245383803813858E-7	-4.37759509554145865E-3
1.86314901137739897E-7	-4.32255360673111344E-3
1.86365292270117822E-7	-4.28377548945993603E-3
1.86419294299995908E-7	-4.24360514639688979E-3
1.86488503304391173E-7	-4.19448542334758301E-3
1.86570127653900353E-7	-4.14062276056593248E-3
1.86621458969715959E-7	-4.10996133585828893E-3
1.86676486019741716E-7	-4.08014771689194689E-3
1.86745383803814091E-7	-4.04641692185617163E-3
1.86814901137740064E-7	-4.01645078886783669E-3
1.86865292270118077E-7	-3.99745081319125362E-3
1.86919294299996097E-7	-3.97969915557930198E-3
1.86988503304391629E-7	-3.96002635946737236E-3
1.87070127653900387E-7	-3.94062885657157524E-3
1.87121458969715926E-7	-3.93063747489058724E-3
1.87176486019741684E-7	-3.92183986210060942E-3
1.87245383803814169E-7	-3.91257415694717992E-3
1.87314901137740097E-7	-3.90480121972455141E-3
1.87365292270118133E-7	-3.89995630979623753E-3
1.87419294299996153E-7	-3.89477452965200932E-3
1.87488503304391596E-7	-3.88718521982397469E-3
1.87570127653900176E-7	-3.87621971050721426E-3
1.87621458969715649E-7	-3.86778422207967765E-3
1.87676486019741340E-7	-3.85700840176480231E-3
1.87745383803813715E-7	-3.84048179045902227E-3
1.87814901137740087E-7	-3.82034793876006606E-3
1.87865292270118056E-7	-3.80374084189355610E-3
1.87919294299996142E-7	-3.78431275264792166E-3
1.87988503304391430E-7	-3.75740735971026041E-3
1.88070127653899832E-7	-3.72365480007156346E-3
1.88121458969715327E-7	-3.70246499353400349E-3
1.88176486019741018E-7	-3.68029493617977455E-3
1.88245383803813171E-7	-3.65350245309106691E-3
1.88314901137739743E-7	-3.62857185397777782E-3
1.88365292270117757E-7	-3.61264044105005899E-3
1.88419294299995732E-7	-3.59771105472122832E-3
1.88488503304390931E-7	-3.58158861729269606E-3
1.88570127653900244E-7	-3.56694804800002307E-3
1.88621458969715827E-7	-3.56063837105732262E-3
1.88676486019741518E-7	-3.55682024186927137E-3
1.88745383803813782E-7	-3.55549114509076070E-3
1.88814901137739977E-7	-3.55795519302401253E-3
1.88865292270117902E-7	-3.56244883606827134E-3
1.88919294299995943E-7	-3.56994343309709139E-3
1.88988503304391187E-7	-3.58283753822507656E-3
1.89070127653900144E-7	-3.60225678915479808E-3
1.89121458969715706E-7	-3.61697651940395204E-3
1.89176486019741441E-7	-3.63455840452711110E-3
1.89245383803813616E-7	-3.65790520860151158E-3
1.89314901137739855E-7	-3.68236782768871951E-3
1.89365292270117780E-7	-3.70018714417023942E-3
1.89419294299995888E-7	-3.71871316506435123E-3
1.89488503304391043E-7	-3.74080891454140030E-3
1.89570127653900111E-7	-3.76386663619500750E-3
1.89621458969715695E-7	-3.77631987355428800E-3
1.89676486019741386E-7	-3.78789538016490734E-3
1.89745383803813628E-7	-3.79973628386088569E-3
1.89814901137739911E-7	-3.80894271518460403E-3
1.89865292270117858E-7	-3.81434014452615067E-3
1.89919294299995967E-7	-3.81915933792074647E-3
1.89988503304391099E-7	-3.82433864403559864E-3
1.90070127653899967E-7	-3.82990590481347493E-3
1.90121458969715551E-7	-3.83421618685671994E-3
1.90176486019741220E-7	-3.83989854269149733E-3
1.90245383803813417E-7	-3.84842923737857001E-3
1.90314901137739811E-7	-3.85925073969672949E-3
1.90365292270117781E-7	-3.86900160847921182E-3
1.90419294299995800E-7	-3.88149224780186408E-3
1.90488503304390955E-7	-3.90038001068583640E-3
1.90570127653900157E-7	-3.92665033768649296E-3
1.90621458969715718E-7	-3.94574311319722515E-3
1.90676486019741431E-7	-3.96888119608383683E-3
1.90745383803813606E-7	-4.00117218634699690E-3
1.90814901137739756E-7	-4.03752396921116308E-3
1.90865292270117748E-7	-4.06653643330953685E-3
1.90919294299995723E-7	-4.10005321265029199E-3
1.90988503304390900E-7	-4.14583236812456413E-3
1.91070127653900101E-7	-4.20320285892876822E-3
1.91121458969715663E-7	-4.24094990444468056E-3
1.91176486019741354E-7	-4.28238485297344695E-3
1.91245383803813551E-7	-4.33443609495137139E-3
1.91314901137739790E-7	-4.38629609806281540E-3
1.91365292270117715E-7	-4.42287427124810684E-3
1.91419294299995757E-7	-4.46069794238656314E-3
1.91488503304390978E-7	-4.50677904845585608E-3
1.91570127653900313E-7	-4.55743800108096497E-3
1.91621458969715874E-7	-4.58717532947246553E-3
1.91676486019741610E-7	-4.61728969475112017E-3
1.91745383803813896E-7	-4.65269554548288511E-3
1.91814901137739957E-7	-4.68634756047755285E-3
1.91865292270117926E-7	-4.70992236845426682E-3
1.91919294299995991E-7	-4.73460418450980747E-3
1.91988503304391323E-7	-4.76571277434700491E-3
1.92070127653900280E-7	-4.80223100058219021E-3
1.92121458969715886E-7	-4.82576927216002005E-3
1.92176486019741577E-7	-4.85185446424110634E-3
1.92245383803813930E-7	-4.88570749728597686E-3
1.92314901137739946E-7	-4.92156329104206947E-3
1.92365292270117894E-7	-4.94904790927492044E-3
1.92419294299995935E-7	-4.98023937935704009E-3
1.92488503304391223E-7	-5.02286423698675932E-3
1.92570127653900203E-7	-5.07701428729928761E-3
1.92621458969715742E-7	-5.11365787968997676E-3
1.92676486019741455E-7	-5.15546492811588131E-3
1.92745383803813763E-7	-5.21088845259322664E-3
1.92814901137739980E-7	-5.27008568155701163E-3
1.92865292270117950E-7	-5.31497870510810344E-3
1.92919294299995991E-7	-5.36469552322501730E-3
1.92988503304391235E-7	-5.42994938767436874E-3
1.93070127653900081E-7	-5.50817062150938508E-3
1.93121458969715620E-7	-5.55746731154675366E-3
1.93176486019741311E-7	-5.60999400151129990E-3
1.93245383803813531E-7	-5.67465644533382019E-3
1.93314901137739836E-7	-5.73807172214220884E-3
1.93365292270117872E-7	-5.78251371696254779E-3
1.93419294299995848E-7	-5.82843182199958143E-3
1.93488503304391068E-7	-5.88471865042205344E-3
1.93570127653900137E-7	-5.94748395038119781E-3
1.93621458969715721E-7	-5.98493778467930060E-3
1.93676486019741412E-7	-6.02333187757638555E-3
1.93745383803813587E-7	-6.06911606892638478E-3
1.93814901137739781E-7	-6.11305363880402020E-3
1.93865292270117795E-7	-6.14376754937127512E-3
1.93919294299995792E-7	-6.17590812417191604E-3
1.93988503304390925E-7	-6.21645881599772299E-3
1.94070127653899993E-7	-6.26392365853724709E-3
1.94121458969715555E-7	-6.29417742966452209E-3
1.94176486019741246E-7	-6.32735284049910174E-3
1.94245383803813421E-7	-6.37019225419767565E-3
1.94314901137739815E-7	-6.41528958396082594E-3
1.94365292270117762E-7	-6.44953387680572998E-3
1.94419294299995782E-7	-6.48788922715882865E-3
1.94488503304390847E-7	-6.53948272628731964E-3
1.94570127653900116E-7	-6.60374552050037877E-3
1.94621458969715699E-7	-6.64611980946778846E-3
1.94676486019741390E-7	-6.69339308118507059E-3
1.94745383803813565E-7	-6.75471658478597980E-3
1.94814901137739760E-7	-6.81849704841517212E-3
1.94865292270117729E-7	-6.86563111933940906E-3
1.94919294299995771E-7	-6.91678747185167531E-3
1.94988503304390881E-7	-6.98271104161596057E-3
1.95070127653900083E-7	-7.06022155149263497E-3
1.95121458969715622E-7	-7.10830296097735204E-3
1.95176486019741358E-7	-7.15881500860527265E-3
1.95245383803813510E-7	-7.22028410811716004E-3
1.95314901137739705E-7	-7.27992174568081207E-3
1.95365292270117652E-7	-7.32128195278436245E-3
1.95419294299995627E-7	-7.36359429858321768E-3
1.95488503304390759E-7	-7.41494146419625100E-3
1.95570127653900183E-7	-7.47143761937466167E-3
1.95621458969715722E-7	-7.50453804496340204E-3
1.95676486019741436E-7	-7.53802170446231568E-3
1.95745383803813655E-7	-7.57757617367588043E-3
1.95814901137739827E-7	-7.61512983357813233E-3
1.95865292270117664E-7	-7.64121482864639212E-3
1.95919294299995750E-7	-7.66849286506811900E-3
1.95988503304390971E-7	-7.70309621885530937E-3
1.96070127653900506E-7	-7.74404596409741508E-3
1.96121458969716045E-7	-7.77050404170644438E-3
1.96176486019741825E-7	-7.79973481408010549E-3
1.96245383803814177E-7	-7.83778007241634533E-3
1.96314901137739950E-7	-7.87802821001850617E-3
1.96365292270117964E-7	-7.90849676830917581E-3
1.96419294299995961E-7	-7.94250554259595454E-3
1.96488503304391382E-7	-7.98802819575568979E-3
1.96570127653900073E-7	-8.04418430865569078E-3
1.96621458969715612E-7	-8.08061658557846663E-3
1.96676486019741303E-7	-8.12076560729450669E-3
1.96745383803813589E-7	-8.17233323975790960E-3
1.96814901137739851E-7	-8.22534652952747969E-3
1.96865292270117842E-7	-8.26411545035251116E-3
1.96919294299995817E-7	-8.30574883015778376E-3
1.96988503304391083E-7	-8.35878854192638698E-3
1.97070127653900107E-7	-8.42030637251703595E-3
1.97121458969715646E-7	-8.45786472701151659E-3
1.97176486019741359E-7	-8.49661900446540841E-3
1.97245383803813557E-7	-8.54281146600783359E-3
1.97314901137739862E-7	-8.58632254773591619E-3
1.97365292270117876E-7	-8.61543730142819086E-3
1.97419294299995829E-7	-8.64424687679498405E-3
1.97488503304391050E-7	-8.67796539425724944E-3
1.97570127653900030E-7	-8.71334912610279666E-3
1.97621458969715613E-7	-8.73313519317304809E-3
1.97676486019741349E-7	-8.75245844151622521E-3
1.97745383803813501E-7	-8.77473809571805674E-3
1.97814901137739807E-7	-8.79559403913910032E-3
1.97865292270117732E-7	-8.81013121168642321E-3
1.97919294299995840E-7	-8.82548894761621661E-3
1.97988503304390928E-7	-8.84538050548664145E-3
1.98070127653900085E-7	-8.86957876123395295E-3
1.98121458969715691E-7	-8.88552311862072486E-3
1.98176486019741338E-7	-8.90340588063873106E-3
1.98245383803813535E-7	-8.92708427547193573E-3
1.98314901137739752E-7	-8.95238920131261118E-3
1.98365292270117655E-7	-8.97160279365821722E-3
1.98419294299995719E-7	-8.99323812693442726E-3
1.98488503304390829E-7	-9.02253346610832807E-3
1.98570127653900230E-7	-9.05907886260777673E-3
1.98621458969715770E-7	-9.08296313816145329E-3
1.98676486019741505E-7	-9.10934830974385257E-3
1.98745383803813747E-7	-9.14331210949396400E-3
1.98814901137739763E-7	-9.17816247657241036E-3
1.98865292270117711E-7	-9.20338996496477080E-3
1.98919294299995686E-7	-9.23004871619352585E-3
1.98988503304390951E-7	-9.26326339948840705E-3
1.99070127653900286E-7	-9.30044228151715124E-3
1.99121458969715937E-7	-9.32197775896850978E-3
1.99176486019741628E-7	-9.34304769653842371E-3
1.99245383803813980E-7	-9.36664123629128298E-3
1.99314901137739930E-7	-9.38692623451624364E-3
1.99365292270117855E-7	-9.39909662909845522E-3
1.99419294299995897E-7	-9.40981552947634547E-3
1.99488503304391274E-7	-9.42064814633915937E-3
1.99570127653900320E-7	-9.42972308214257104E-3
1.99621458969715881E-7	-9.43358270216790373E-3
1.99676486019741661E-7	-9.43633011802697119E-3
1.99745383803813925E-7	-9.43855396365040278E-3
1.99814901137739964E-7	-9.43991576580260983E-3
1.99865292270117956E-7	-9.44064514525072518E-3
1.99919294299995998E-7	-9.44146338555066400E-3
1.99988503304391374E-7	-9.44302582181647132E-3
2.00070127653900220E-7	-9.44580064586912016E-3
2.00121458969715871E-7	-9.44814615791941748E-3
2.00176486019741606E-7	-9.45139958670437785E-3
2.00245383803813803E-7	-9.45677718395010203E-3
2.00314901137739776E-7	-9.46363131463514051E-3
2.00365292270117701E-7	-9.46952868555128902E-3
2.00419294299995787E-7	-9.47691323798499852E-3
2.00488503304391097E-7	-9.48791904147454446E-3
2.00570127653900299E-7	-9.50285213462932532E-3
2.00621458969715905E-7	-9.51306433410606367E-3
2.00676486019741596E-7	-9.52452696242764674E-3
2.00745383803813970E-7	-9.53938252456533675E-3
2.00814901137739987E-7	-9.55433059204598045E-3
2.00865292270117912E-7	-9.56455975579753037E-3
2.00919294299995954E-7	-9.57462945760669015E-3
2.00988503304391397E-7	-9.58598053380863746E-3
2.01070127653900244E-7	-9.59658744978785094E-3
2.01121458969715805E-7	-9.60104284895120230E-3
2.01176486019741541E-7	-9.60364620787410850E-3
2.01245383803813827E-7	-9.60413974561494044E-3
2.01314901137740065E-7	-9.60142135440359112E-3
2.01365292270117990E-7	-9.59732973730177896E-3
2.01419294299996032E-7	-9.59105196917422731E-3
2.01488503304391298E-7	-9.58076527998099792E-3
2.01570127653900322E-7	-9.56593806397433433E-3
2.01621458969715883E-7	-9.55531202935397772E-3
2.01676486019741574E-7	-9.54293137694404336E-3
2.01745383803813993E-7	-9.52671307396880351E-3
2.01814901137740099E-7	-9.50986447814432623E-3
2.01865292270118069E-7	-9.49752993397141054E-3
2.01919294299996155E-7	-9.48452546508489824E-3
2.01988503304391420E-7	-9.46865693676000042E-3
2.02070127653899956E-7	-9.45126646734196285E-3
2.02121458969715473E-7	-9.44121330122347402E-3
2.02176486019741164E-7	-9.43145379001990491E-3
2.02245383803813272E-7	-9.42088673396040832E-3
2.02314901137739778E-7	-9.41205237218326651E-3
2.02365292270117703E-7	-9.40676469536942861E-3
2.02419294299995700E-7	-9.40216978476368226E-3
2.02488503304390788E-7	-9.39767115961639909E-3
2.02570127653899945E-7	-9.39392713661946743E-3
2.02621458969715462E-7	-9.39195026062198579E-3
2.02676486019741198E-7	-9.38986100928045531E-3
2.02745383803813350E-7	-9.38713448590728383E-3
2.02814901137739811E-7	-9.38367016564373913E-3
2.02865292270117781E-7	-9.38017945166490463E-3
2.02919294299995823E-7	-9.37530252055230662E-3
2.02988503304390955E-7	-9.36731004990302729E-3
2.03070127653900023E-7	-9.35506169887841743E-3
2.03121458969715540E-7	-9.34532678822160889E-3
2.03176486019741187E-7	-9.33291401658792452E-3
2.03245383803813384E-7	-9.31492084099636841E-3
2.03314901137739845E-7	-9.29401902985276251E-3
2.03365292270117859E-7	-9.27708458231415278E-3
2.03419294299995812E-7	-9.25736987347839246E-3
2.03488503304390989E-7	-9.23036543516551689E-3
2.03570127653900101E-7	-9.19653094407521010E-3
2.03621458969715663E-7	-9.17435593182634079E-3
2.03676486019741310E-7	-9.14999050234759359E-3
2.03745383803813507E-7	-9.11930126122260276E-3
2.03814901137739657E-7	-9.08847231081290019E-3
2.03865292270117582E-7	-9.06642807441243015E-3
2.03919294299995624E-7	-9.04338352751311447E-3
2.03988503304390756E-7	-9.01507954767509290E-3
2.04070127653900268E-7	-8.98360746995730253E-3
2.04121458969715830E-7	-8.96498717702023562E-3
2.04176486019741521E-7	-8.94620859640111199E-3
2.04245383803813851E-7	-8.92445616931494001E-3
2.04314901137740002E-7	-8.90434488104081545E-3
2.04365292270117971E-7	-8.89077591897132891E-3
2.04419294299995968E-7	-8.87713613151800196E-3
2.04488503304391411E-7	-8.86074197153499554E-3
2.04570127653900347E-7	-8.84248626707837282E-3
2.04621458969715952E-7	-8.83109758244320275E-3
2.04676486019741688E-7	-8.81864258492684883E-3
2.04745383803814063E-7	-8.80257003484020295E-3
2.04814901137740124E-7	-8.78536560239297515E-3
2.04865292270118049E-7	-8.77182327479184565E-3
2.04919294299996135E-7	-8.75607455555724101E-3
2.04988503304391578E-7	-8.73405749287760536E-3
2.05070127653900158E-7	-8.70529841939249849E-3
2.05121458969715631E-7	-8.68529626905041496E-3
2.05176486019741411E-7	-8.66203159056010819E-3
2.05245383803813697E-7	-8.63073154031228462E-3
2.05314901137739803E-7	-8.59680869755188048E-3
2.05365292270117816E-7	-8.57078394133339749E-3
2.05419294299995858E-7	-8.54171680460962790E-3
2.05488503304391035E-7	-8.50329604208613432E-3
2.05570127653900192E-7	-8.45683902096561368E-3
2.05621458969715798E-7	-8.42730836145431361E-3
2.05676486019741533E-7	-8.39555227464364329E-3
2.05745383803813819E-7	-8.35615804598097789E-3
2.05814901137739925E-7	-8.31719447698688796E-3
2.05865292270117894E-7	-8.28964714020310467E-3
2.05919294299995936E-7	-8.26099016780160689E-3
2.05988503304391202E-7	-8.22577738059879060E-3
2.06070127653900226E-7	-8.18647457196882655E-3
2.06121458969715832E-7	-8.16299586614179162E-3
2.06176486019741523E-7	-8.13901592721057021E-3
2.06245383803813898E-7	-8.11066729365776062E-3
2.06314901137739959E-7	-8.08374412598855052E-3
2.06365292270117884E-7	-8.06512677890168739E-3
2.06419294299996015E-7	-8.04592485433761340E-3
2.06488503304391324E-7	-8.02211642249565671E-3
2.06570127653900082E-7	-7.99476845184103446E-3
2.06621458969715688E-7	-7.97755372129128748E-3
2.06676486019741423E-7	-7.95869509012598453E-3
2.06745383803813576E-7	-7.93431892272934824E-3
2.06814901137739771E-7	-7.90850110432628028E-3
2.06865292270117695E-7	-7.88858778269631067E-3
2.06919294299995737E-7	-7.86588415437810529E-3
2.06988503304390870E-7	-7.83483499719860532E-3
2.07070127653900116E-7	-7.79538947358945578E-3
2.07121458969715810E-7	-7.76878210445345196E-3
2.07176486019741413E-7	-7.73866461354313362E-3
2.07245383803813654E-7	-7.69915532764353827E-3
2.07314901137739849E-7	-7.65754015967766755E-3
2.07365292270117774E-7	-7.62647899810654373E-3
2.07419294299995816E-7	-7.59253025853946539E-3
2.07488503304391081E-7	-7.54849691963086933E-3
2.07570127653900283E-7	-7.49633748989709670E-3
2.07621458969715889E-7	-7.46377457889996432E-3
2.07676486019741580E-7	-7.42917809151560338E-3
2.07745383803813866E-7	-7.38661882273650683E-3
2.07814901137739882E-7	-7.34483864291552457E-3
2.07865292270117807E-7	-7.31543683136134248E-3
2.07919294299995805E-7	-7.28493292708046525E-3
2.07988503304391159E-7	-7.24746248574493812E-3
2.08070127653900272E-7	-7.20560353437542567E-3
2.08121458969715833E-7	-7.18058118843345738E-3
2.08176486019741613E-7	-7.15498094039447174E-3
2.08245383803813855E-7	-7.12451135186635742E-3
2.08314901137740005E-7	-7.09535546106847548E-3
2.08365292270117930E-7	-7.07506965862708448E-3
2.08419294299995972E-7	-7.05392394045019611E-3
2.08488503304391326E-7	-7.02728689571764420E-3
2.08570127653900217E-7	-6.99615405386338463E-3
2.08621458969715778E-7	-6.97633248359483904E-3
2.08676486019741514E-7	-6.95446186702849900E-3
2.08745383803813800E-7	-6.92600382469792297E-3
2.08814901137739906E-7	-6.89580414119305818E-3
2.08865292270117830E-7	-6.87264068066140243E-3
2.08919294299995872E-7	-6.84645017123568778E-3
2.08988503304391138E-7	-6.81098448607287921E-3
2.09070127653900162E-7	-6.76656214944018330E-3
2.09121458969715768E-7	-6.73716592470007924E-3
2.09176486019741503E-7	-6.70443857007891353E-3
2.09245383803813700E-7	-6.66211996927691885E-3
2.09314901137739806E-7	-6.61830570301232601E-3
2.09365292270117775E-7	-6.58614739820424333E-3
2.09419294299995773E-7	-6.55145587739951374E-3
2.09488503304391038E-7	-6.50697994899565657E-3
2.09570127653900240E-7	-6.45497902360327380E-3
2.09621458969715846E-7	-6.42289473541571621E-3
2.09676486019741581E-7	-6.38913523612282486E-3
2.09745383803813823E-7	-6.34794430505796115E-3
2.09814901137739751E-7	-6.30785359850742289E-3
2.09865292270117720E-7	-6.27987376101575290E-3
2.09919294299995718E-7	-6.25104445508509077E-3
2.09988503304391028E-7	-6.21579090913388477E-3
2.10070127653900274E-7	-6.17659400493764199E-3
2.10121458969715924E-7	-6.15329575980570009E-3
2.10176486019741615E-7	-6.12952702627150181E-3
2.10245383803813901E-7	-6.10115881274892047E-3
2.10314901137739962E-7	-6.07389629940496967E-3
2.10365292270117887E-7	-6.05482629093847091E-3
2.10419294299996018E-7	-6.03476770739817425E-3
2.10488503304391239E-7	-6.00915743066267272E-3
2.10570127653900308E-7	-5.97873391807812027E-3
2.10621458969715825E-7	-5.95911881428363266E-3
2.10676486019741560E-7	-5.93730820151467675E-3
2.10745383803813802E-7	-5.90870461895575971E-3
2.10814901137739863E-7	-5.87823201507016257E-3
2.10865292270117877E-7	-5.85494115117137959E-3
2.10919294299995874E-7	-5.82874492600294758E-3
2.10988503304391095E-7	-5.79346938502700759E-3
2.11070127653900119E-7	-5.74968758469157759E-3
2.11121458969715725E-7	-5.72110385259786902E-3
2.11176486019741461E-7	-5.68964250997740884E-3
2.11245383803813747E-7	-5.64937144205763442E-3
2.11314901137739986E-7	-5.60816690269328344E-3
2.11365292270117999E-7	-5.57828118657504035E-3
2.11419294299995952E-7	-5.54637888494461784E-3
2.11488503304391218E-7	-5.50591134649186031E-3
2.11570127653900020E-7	-5.45918859247177668E-3
2.11621458969715581E-7	-5.43075911542084100E-3
2.11676486019741272E-7	-5.40125419064194734E-3
2.11745383803813425E-7	-5.36569702757869216E-3
2.11814901137739886E-7	-5.33159377001907764E-3
2.11865292270117811E-7	-5.30814986520738419E-3
2.11919294299995853E-7	-5.28428798172261960E-3
2.11988503304390985E-7	-5.25536744339397810E-3
2.12070127653900276E-7	-5.22350516147276167E-3
2.12121458969715881E-7	-5.20470437314800360E-3
2.12176486019741573E-7	-5.18559475832192884E-3
2.12245383803813814E-7	-5.16275594352400802E-3
2.12314901137739831E-7	-5.14070599374980830E-3
2.12365292270117756E-7	-5.12519128472329122E-3
2.12419294299995798E-7	-5.10873962004179560E-3
2.12488503304391063E-7	-5.08746117594431979E-3
2.12570127653900443E-7	-5.06177070291646380E-3
2.12621458969716004E-7	-5.04501364054294932E-3
2.12676486019741695E-7	-5.02622968396520431E-3
2.12745383803814070E-7	-5.00132560224500011E-3
2.12814901137740042E-7	-4.97457920408633392E-3
2.12865292270117967E-7	-4.95410261827239662E-3
2.12919294299996054E-7	-4.93107034277920331E-3
2.12988503304391452E-7	-4.90007379893903394E-3
2.13070127653900387E-7	-4.86173768689760344E-3
2.13121458969715860E-7	-4.83692890521353647E-3
2.13176486019741596E-7	-4.80988877602650078E-3
2.13245383803813970E-7	-4.77564761222151368E-3
2.13314901137739943E-7	-4.74108232166059551E-3
2.13365292270117868E-7	-4.71639391675999864E-3
2.13419294299995954E-7	-4.69042425557994225E-3
2.13488503304391219E-7	-4.65797287421670880E-3
2.13570127653900332E-7	-4.62117792134093275E-3
2.13621458969715805E-7	-4.59923249429006997E-3
2.13676486019741585E-7	-4.57689556728605140E-3
2.13745383803813782E-7	-4.55045393412916077E-3
2.13814901137739799E-7	-4.52563111801683426E-3
2.13865292270117724E-7	-4.50894886376216419E-3
2.13919294299995721E-7	-4.49232890657813488E-3
2.13988503304391076E-7	-4.47259091840691081E-3
2.14070127653900366E-7	-4.45134261247071628E-3
2.14121458969715972E-7	-4.43906146463743312E-3
2.14176486019741752E-7	-4.42677157124986476E-3
2.14245383803814127E-7	-4.41218996258470675E-3
2.14314901137739922E-7	-4.39811513186066616E-3
2.14365292270117935E-7	-4.38815161609386273E-3
2.14419294299995933E-7	-4.37743201138803961E-3
2.14488503304391376E-7	-4.36318518363212338E-3
2.14570127653900133E-7	-4.34537668759833728E-3
2.14621458969715695E-7	-4.33342732645598261E-3
2.14676486019741386E-7	-4.31975706240789759E-3
2.14745383803813761E-7	-4.30123827771876055E-3
2.14814901137739955E-7	-4.28099841457606445E-3
2.14865292270117969E-7	-4.26538375389073110E-3
2.14919294299995922E-7	-4.24776501993853106E-3
2.14988503304391232E-7	-4.22404744806478227E-3
2.15070127653900212E-7	-4.19480105601926301E-3
2.15121458969715817E-7	-4.17605647768445287E-3
2.15176486019741509E-7	-4.15586281234390764E-3
2.15245383803813795E-7	-4.13061695418189334E-3
2.15314901137739900E-7	-4.10556159678336119E-3
2.15365292270117870E-7	-4.08804270045057194E-3
2.15419294299995912E-7	-4.07002017849376330E-3
2.15488503304391177E-7	-4.04804325219182726E-3
2.15570127653900112E-7	-4.02390410618550654E-3
2.15621458969715629E-7	-4.01003308737322151E-3
2.15676486019741365E-7	-3.99646028838928924E-3
2.15745383803813695E-7	-3.98107181275095279E-3
2.15814901137739845E-7	-3.96738911682522133E-3
2.15865292270117770E-7	-3.95872023162410791E-3
2.15919294299995812E-7	-3.95059211575259805E-3
2.15988503304390989E-7	-3.94155185773605599E-3
2.16070127653900368E-7	-3.93257874125511897E-3
2.16121458969716018E-7	-3.92777750399545766E-3
2.16176486019741665E-7	-3.92327075719481932E-3
2.16245383803814084E-7	-3.91807376602570967E-3
2.16314901137739923E-7	-3.91302671937499813E-3
2.16365292270117937E-7	-3.90932134584844437E-3
2.16419294299995890E-7	-3.90506213059422880E-3
2.16488503304391289E-7	-3.89879681825668234E-3
2.16570127653900224E-7	-3.89002854680851273E-3
2.16621458969715741E-7	-3.88361747937264301E-3
2.16676486019741477E-7	-3.87585574481091921E-3
2.16745383803813851E-7	-3.86481572256052441E-3
2.16814901137740002E-7	-3.85228519980142092E-3
2.16865292270117971E-7	-3.84244032528229695E-3
2.16919294299996057E-7	-3.83123219325472109E-3
2.16988503304391411E-7	-3.81609156739375255E-3
2.17070127653900213E-7	-3.79745030771897696E-3
2.17121458969715686E-7	-3.78565526838709943E-3
2.17176486019741377E-7	-3.77317170728883555E-3
2.17245383803813663E-7	-3.75788572122107212E-3
2.17314901137739902E-7	-3.74314320790412669E-3
2.17365292270117827E-7	-3.73322908288130328E-3
2.17419294299995869E-7	-3.72349127331020613E-3
2.17488503304391223E-7	-3.71230547679474165E-3
2.17570127653900380E-7	-3.70104847721862384E-3
2.17621458969715897E-7	-3.69529361696883951E-3
2.17676486019741722E-7	-3.69042967661418686E-3
2.17745383803814008E-7	-3.68593764812983693E-3
2.17814901137740069E-7	-3.68314121820845175E-3
2.17865292270118038E-7	-3.68221819571675502E-3
2.17919294299996080E-7	-3.68220327947305082E-3
2.17988503304391523E-7	-3.68324606133284860E-3
2.18070127653900236E-7	-3.68563349552964992E-3
2.18121458969715709E-7	-3.68759911930572004E-3
2.18176486019741445E-7	-3.69000064751071122E-3
2.18245383803813819E-7	-3.69302329048645195E-3
2.18314901137740058E-7	-3.69577897114770515E-3
2.18365292270117983E-7	-3.69742256197584718E-3
2.18419294299996025E-7	-3.69866513927900087E-3
2.18488503304391291E-7	-3.69925255145856502E-3
2.18570127653900226E-7	-3.69836011156168043E-3
2.18621458969715787E-7	-3.69683334280092479E-3
2.18676486019741478E-7	-3.69431130360121385E-3
2.18745383803813809E-7	-3.68993226059414869E-3
2.18814901137739914E-7	-3.68426726232145674E-3
2.18865292270117884E-7	-3.67952513674169346E-3
2.18919294299995926E-7	-3.67394718919605179E-3
2.18988503304391191E-7	-3.66629093005210516E-3
2.19070127653900260E-7	-3.65683000157848603E-3
2.19121458969715777E-7	-3.65098301188582752E-3
2.19176486019741468E-7	-3.64504391738507039E-3
2.19245383803813754E-7	-3.63820609471508183E-3
2.19314901137739904E-7	-3.63219841873575167E-3
2.19365292270117829E-7	-3.62868020255199752E-3
2.19419294299995871E-7	-3.62584836130025723E-3
2.19488503304391136E-7	-3.62358736727611763E-3
2.19570127653900293E-7	-3.62287007610568201E-3
2.19621458969715810E-7	-3.62364634802334562E-3
2.19676486019741590E-7	-3.62566978424780961E-3
2.19745383803813921E-7	-3.62962050162578054E-3
2.19814901137739938E-7	-3.63504338895014190E-3
2.19865292270117862E-7	-3.63981184240430311E-3
2.19919294299995904E-7	-3.64561333885729066E-3
2.19988503304391170E-7	-3.65371006169490320E-3
2.20070127653900149E-7	-3.66380944639734807E-3
2.20121458969715711E-7	-3.67020720651489185E-3
2.20176486019741446E-7	-3.67697145086784305E-3
2.20245383803813599E-7	-3.68504029065005412E-3
2.20314901137739749E-7	-3.69243984732291342E-3
2.20365292270117763E-7	-3.69716018530722002E-3
2.20419294299995716E-7	-3.70147930740773345E-3
2.20488503304390981E-7	-3.70583528690957120E-3
2.20570127653900228E-7	-3.70922821532181990E-3
2.20621458969715745E-7	-3.71035272036716313E-3
2.20676486019741480E-7	-3.71069471949430607E-3
2.20745383803813677E-7	-3.71001648349612800E-3
2.20814901137739872E-7	-3.70823008832093581E-3
2.20865292270117797E-7	-3.70639963061224620E-3
2.20919294299995839E-7	-3.70406398249315405E-3
2.20988503304391104E-7	-3.70079235769244175E-3
2.21070127653900217E-7	-3.69680628428821745E-3
2.21121458969715778E-7	-3.69452181726686657E-3
2.21176486019741514E-7	-3.69249689128504066E-3
2.21245383803813800E-7	-3.69073504366896898E-3
2.21314901137740083E-7	-3.68998616166585780E-3
2.21365292270118008E-7	-3.69028995995961440E-3
2.21419294299996139E-7	-3.69154198385414034E-3
2.21488503304391449E-7	-3.69447224243385941E-3
2.21570127653899895E-7	-3.69972131978081276E-3
2.21621458969715412E-7	-3.70403962544063381E-3
2.21676486019741104E-7	-3.70962597735075583E-3
2.21745383803813301E-7	-3.71772274503119560E-3
2.21814901137739673E-7	-3.72690241524118981E-3
2.21865292270117687E-7	-3.73404717696686017E-3
2.21919294299995684E-7	-3.74204735098590113E-3
2.21988503304390727E-7	-3.75253378801909943E-3
2.22070127653899974E-7	-3.76487221823735219E-3
2.22121458969715535E-7	-3.77230800271795808E-3
2.22176486019741271E-7	-3.77983818690595941E-3
2.22245383803813379E-7	-3.78849793511570443E-3
2.22314901137739795E-7	-3.79611253728405895E-3
2.22365292270117720E-7	-3.80074744106782525E-3
2.22419294299995762E-7	-3.80479483120088169E-3
2.22488503304390850E-7	-3.80866001706127788E-3
2.22570127653900141E-7	-3.81134974285857409E-3
2.22621458969715702E-7	-3.81200219217146863E-3
2.22676486019741393E-7	-3.81186062315314622E-3
2.22745383803813590E-7	-3.81072355512586025E-3
2.22814901137739785E-7	-3.80867989477557467E-3
2.22865292270117710E-7	-3.80679341421893191E-3
2.22919294299995752E-7	-3.80452984147361128E-3
2.22988503304390928E-7	-3.80158565607338073E-3
2.23070127653900308E-7	-3.79829929220524320E-3
2.23121458969715958E-7	-3.79655739755447286E-3
2.23176486019741738E-7	-3.79516525045510011E-3
2.23245383803813979E-7	-3.79425677578717035E-3
2.23314901137739952E-7	-3.79436009757878701E-3
2.23365292270117877E-7	-3.79519769450025857E-3
2.23419294299995874E-7	-3.79692874816802206E-3
2.23488503304391362E-7	-3.80033297621764632E-3
2.23570127653900341E-7	-3.80589306999136445E-3
2.23621458969715947E-7	-3.81017977689072218E-3
2.23676486019741683E-7	-3.81547142639775938E-3
2.23745383803813969E-7	-3.82288144719877199E-3
2.23814901137740030E-7	-3.83097931913530809E-3
2.23865292270117999E-7	-3.83701758889864575E-3
2.23919294299995997E-7	-3.84348664153870700E-3
2.23988503304391484E-7	-3.85156981056072922E-3
2.24070127653900464E-7	-3.86048883277920529E-3
2.24121458969716070E-7	-3.86542106772163274E-3
2.24176486019741805E-7	-3.86996237566288315E-3
2.24245383803814269E-7	-3.87455684032147207E-3
2.24314901137740064E-7	-3.87776228916952803E-3
2.24365292270118033E-7	-3.87903602625004584E-3
2.24419294299996031E-7	-3.87938043940909072E-3
2.24488503304391429E-7	-3.87847465590310669E-3
2.24570127653900231E-7	-3.87560236404824110E-3
2.24621458969715704E-7	-3.87283948924929344E-3
2.24676486019741484E-7	-3.86911561043974350E-3
2.24745383803813681E-7	-3.86368661149449455E-3
2.24814901137739831E-7	-3.85756787149863634E-3
2.24865292270117800E-7	-3.85287783107956594E-3
2.24919294299995887E-7	-3.84774930737308374E-3
2.24988503304391152E-7	-3.84133495226758637E-3
2.25070127653900220E-7	-3.83420511273264619E-3
2.25121458969715782E-7	-3.83012081265285742E-3
2.25176486019741429E-7	-3.82625689397220281E-3
2.25245383803813715E-7	-3.82228941407428202E-3
2.25314901137739820E-7	-3.81928385262443282E-3
2.25365292270117745E-7	-3.81778210397635043E-3
2.25419294299995787E-7	-3.81688768037118864E-3
2.25488503304391008E-7	-3.81674899184116123E-3
2.25570127653900165E-7	-3.81786378461271880E-3
2.25621458969715682E-7	-3.81914207903493441E-3
2.25676486019741462E-7	-3.82094779821359820E-3
2.25745383803813660E-7	-3.82365222353236245E-3
2.25814901137739943E-7	-3.82661094587885486E-3
2.25865292270117912E-7	-3.82863085387897684E-3
2.25919294299995865E-7	-3.83050034349251245E-3
2.25988503304391175E-7	-3.83230783618227999E-3
2.26070127653900155E-7	-3.83332697652733190E-3
2.26121458969715761E-7	-3.83301289204752038E-3
2.26176486019741407E-7	-3.83170122596547591E-3
2.26245383803813693E-7	-3.82875668002596736E-3
2.26314901137739888E-7	-3.82421404528398634E-3
2.26365292270117813E-7	-3.81983450595696361E-3
2.26419294299995810E-7	-3.81412812674546942E-3
2.26488503304391209E-7	-3.80557383149877415E-3
2.26570127653900366E-7	-3.79393548148408843E-3
2.26621458969715972E-7	-3.78585932675483416E-3
2.26676486019741619E-7	-3.77660954062036769E-3
2.26745383803813993E-7	-3.76450599193034030E-3
2.26814901137739833E-7	-3.75192403835636590E-3
2.26865292270117802E-7	-3.74270102374215607E-3
2.26919294299995755E-7	-3.73285493069337537E-3
2.26988503304390976E-7	-3.72057461241846887E-3
2.27070127653900222E-7	-3.70674520021421205E-3
2.27121458969715739E-7	-3.69852542665838868E-3
2.27176486019741430E-7	-3.69026398206787398E-3
2.27245383803813672E-7	-3.68082210724386538E-3
2.27314901137739822E-7	-3.67230908449807947E-3
2.27365292270117791E-7	-3.66677352782036348E-3
2.27419294299995745E-7	-3.66146395374053180E-3
2.27488503304391054E-7	-3.65549415122846000E-3
2.27570127653900300E-7	-3.64946508979375484E-3
2.27621458969715817E-7	-3.64604845239543174E-3
2.27676486019741509E-7	-3.64258666789115626E-3
2.27745383803813795E-7	-3.63836441901886065E-3
2.27814901137739856E-7	-3.63395508493039898E-3
2.27865292270117825E-7	-3.63037846900831562E-3
2.27919294299995823E-7	-3.62601485569764215E-3
2.27988503304391088E-7	-3.61955106619970213E-3
2.28070127653900290E-7	-3.61050207636071940E-3
2.28121458969715851E-7	-3.60373663777916420E-3
2.28176486019741542E-7	-3.59541579197796590E-3
2.28245383803813828E-7	-3.58364026135299341E-3
2.28314901137739845E-7	-3.57023015484542761E-3
2.28365292270117770E-7	-3.55950804292852840E-3
2.28419294299995856E-7	-3.54711418638417708E-3
2.28488503304391033E-7	-3.53018766207108214E-3
2.28570127653900057E-7	-3.50901237138673716E-3
2.28621458969715574E-7	-3.49517681881365760E-3
2.28676486019741354E-7	-3.47997298696261392E-3
2.28745383803813418E-7	-3.46070497866256810E-3
2.28814901137739746E-7	-3.44121500339820807E-3
2.28865292270117759E-7	-3.42717795527292424E-3
2.28919294299995757E-7	-3.41233884741741544E-3
2.28988503304390800E-7	-3.39385397182541126E-3
2.29070127653900180E-7	-3.37295896999464073E-3
2.29121458969715741E-7	-3.36041110116828889E-3
2.29176486019741521E-7	-3.34756979265124555E-3
2.29245383803813718E-7	-3.33241760927391439E-3
2.29314901137739646E-7	-3.31814504096391882E-3
2.29365292270117660E-7	-3.30839782509376290E-3
2.29419294299995613E-7	-3.29849961891691557E-3
2.29488503304390878E-7	-3.28648309118379256E-3
2.29570127653900258E-7	-3.27305141137477573E-3
2.29621458969715864E-7	-3.26479090157184260E-3
2.29676486019741599E-7	-3.25592568666919702E-3
2.29745383803813752E-7	-3.24464792183577933E-3
2.29814901137739769E-7	-3.23282254841661754E-3
2.29865292270117694E-7	-3.22369798012858411E-3
2.29919294299995736E-7	-3.21323516498812589E-3
2.29988503304390912E-7	-3.19878113070671821E-3
2.30070127653900247E-7	-3.18016711706259070E-3
2.30121458969715809E-7	-3.16739825978402179E-3
2.30176486019741589E-7	-3.15268591411125731E-3
2.30245383803813874E-7	-3.13299954077310172E-3
2.30314901137739936E-7	-3.11178707902913665E-3
2.30365292270117905E-7	-3.09558287757226669E-3
2.30419294299995947E-7	-3.07750662359068361E-3
2.30488503304391257E-7	-3.05358168195901625E-3
2.30570127653900192E-7	-3.02457348405673621E-3
2.30621458969715798E-7	-3.00608712387439025E-3
2.30676486019741578E-7	-2.98613851552004217E-3
2.30745383803813819E-7	-2.96123190131344582E-3
2.30814901137740058E-7	-2.93640373294387125E-3
2.30865292270117983E-7	-2.91872544664097466E-3
2.30919294299996070E-7	-2.90018375733174638E-3
2.30988503304391291E-7	-2.87716770000106870E-3
2.31070127653900270E-7	-2.85118711899262145E-3
2.31121458969715832E-7	-2.83555577890678689E-3
2.31176486019741478E-7	-2.81947207426881707E-3
2.31245383803813809E-7	-2.80025933524860715E-3
2.31314901137739870E-7	-2.78183496771161121E-3
2.31365292270117839E-7	-2.76900624770458403E-3
2.31419294299995837E-7	-2.75570236669498314E-3
2.31488503304391191E-7	-2.73913351023814222E-3
2.31570127653900304E-7	-2.72006689292613801E-3
2.31621458969715821E-7	-2.70812306695258531E-3
2.31676486019741557E-7	-2.69516114468634171E-3
2.31745383803813887E-7	-2.67854758649929980E-3
2.31814901137739859E-7	-2.66115877549474478E-3
2.31865292270117784E-7	-2.64792447261013919E-3
2.31919294299995871E-7	-2.63300131270637294E-3
2.31988503304391092E-7	-2.61277207422884938E-3
2.32070127653900293E-7	-2.58732945953182369E-3
2.32121458969715855E-7	-2.57033779609251134E-3
2.32176486019741546E-7	-2.55120947723457014E-3
2.32245383803813965E-7	-2.52616879057641297E-3
2.32314901137739938E-7	-2.49981593741160779E-3
2.32365292270117907E-7	-2.48011918023604894E-3
2.32419294299995904E-7	-2.45854370362007524E-3
2.32488503304391347E-7	-2.43047550822161096E-3
2.32570127653900194E-7	-2.39708203978051859E-3
2.32621458969715755E-7	-2.37615995310725925E-3
2.32676486019741446E-7	-2.35387585060386639E-3
2.32745383803813732E-7	-2.32635590088632593E-3
2.32814901137739882E-7	-2.29921882084114593E-3
2.32865292270117852E-7	-2.28006454258540980E-3
2.32919294299995849E-7	-2.26011340115370762E-3
2.32988503304391159E-7	-2.23545646402714082E-3
2.33070127653900183E-7	-2.20770787321387951E-3
2.33121458969715745E-7	-2.19102868787556959E-3
2.33176486019741480E-7	-2.17385062926725769E-3
2.33245383803813722E-7	-2.15323855339940540E-3
2.33314901137739872E-7	-2.13333989969664861E-3
2.33365292270117797E-7	-2.11938644875789350E-3
2.33419294299995794E-7	-2.10478433121702757E-3
2.33488503304391015E-7	-2.08637104803026396E-3
2.33570127653900084E-7	-2.06487542338649455E-3
2.33621458969715690E-7	-2.05127742927789658E-3
2.33676486019741336E-7	-2.03642645338232064E-3
2.33745383803813578E-7	-2.01728140580406956E-3
2.33814901137739817E-7	-1.99719109094683578E-3
2.33865292270117875E-7	-1.98195274108374364E-3
2.33919294299995828E-7	-1.96487718412615031E-3
2.33988503304391138E-7	-1.94191568309645435E-3
2.34070127653900251E-7	-1.91334940118845798E-3
2.34121458969715768E-7	-1.89453735350801278E-3
2.34176486019741459E-7	-1.87362487609413653E-3
2.34245383803813745E-7	-1.84659242380482835E-3
2.34314901137739851E-7	-1.81856644975935744E-3
2.34365292270117820E-7	-1.79793331331438688E-3
2.34419294299995906E-7	-1.77562985533147533E-3
2.34488503304391127E-7	-1.74698830264223259E-3
2.34570127653900284E-7	-1.71340789586408482E-3
2.34621458969715846E-7	-1.69265518973570450E-3
2.34676486019741626E-7	-1.67080808899754896E-3
2.34745383803813867E-7	-1.64411324344053944E-3
2.34814901137739795E-7	-1.61806837449683893E-3
2.34865292270117720E-7	-1.59985121315700152E-3
2.34919294299995718E-7	-1.58102387990407545E-3
2.34988503304390850E-7	-1.55790510662544257E-3
2.35070127653899963E-7	-1.53205112223597673E-3
2.35121458969715569E-7	-1.51658928544296145E-3
2.35176486019741260E-7	-1.50070669147979974E-3
2.35245383803813324E-7	-1.48163600592079225E-3
2.35314901137739740E-7	-1.46318492248639886E-3
2.35365292270117665E-7	-1.45020144482127433E-3
2.35419294299995663E-7	-1.43653796953922264E-3
2.35488503304390706E-7	-1.41914694004706132E-3
2.35570127653900130E-7	-1.39859124327416118E-3
2.35621458969715647E-7	-1.38543909567852785E-3
2.35676486019741382E-7	-1.37095247807262588E-3
2.35745383803813624E-7	-1.35212520976183370E-3
2.35814901137739774E-7	-1.33224195800478951E-3
2.35865292270117699E-7	-1.31714389121436959E-3
2.35919294299995741E-7	-1.30025372937310024E-3
2.35988503304390873E-7	-1.27762178067624554E-3
2.36070127653900119E-7	-1.24964833216798321E-3
2.36121458969715681E-7	-1.23142217795315312E-3
2.36176486019741416E-7	-1.21136254127015031E-3
2.36245383803813613E-7	-1.18569250763090261E-3
2.36314901137739763E-7	-1.15939649359759001E-3
2.36365292270117733E-7	-1.14027033068701233E-3
2.36419294299995819E-7	-1.11982521955136560E-3
2.36488503304390907E-7	-1.09387317353918179E-3
2.36570127653900197E-7	-1.06385169159943005E-3
2.36621458969715803E-7	-1.04554064548440295E-3
2.36676486019741539E-7	-1.02649795434489333E-3
2.36745383803813647E-7	-1.00352191898118304E-3
2.36814901137739664E-7	-9.81424928824714016E-4
2.36865292270117678E-7	-9.66184565910999282E-4
2.36919294299995675E-7	-9.50631453700224149E-4
2.36988503304390807E-7	-9.31750988433098293E-4
2.37070127653900276E-7	-9.10895484176443659E-4
2.37121458969715881E-7	-8.98543691057442295E-4
2.37176486019741573E-7	-8.85932816942562695E-4
2.37245383803813858E-7	-8.70814638951956432E-4
2.37314901137739920E-7	-8.56155296324841686E-4
2.37365292270117845E-7	-8.45776908595845534E-4
2.37419294299995887E-7	-8.34760367742549469E-4
2.37488503304391241E-7	-8.20553272651959631E-4
2.37570127653900220E-7	-8.03469987872118629E-4
2.37621458969715782E-7	-7.92368418794806395E-4
2.37676486019741517E-7	-7.79988244485631377E-4
2.37745383803813759E-7	-7.63707069256900439E-4
2.37814901137739687E-7	-7.46350336407465065E-4
2.37865292270117701E-7	-7.33123822917649548E-4
2.37919294299995654E-7	-7.18314780921926754E-4
2.37988503304390875E-7	-6.98485700832174139E-4
2.38070127653900432E-7	-6.74052650496666050E-4
2.38121458969716038E-7	-6.58245734218620449E-4
2.38176486019741862E-7	-6.40985323631224091E-4
2.38245383803814148E-7	-6.19097875020693422E-4
2.38314901137739854E-7	-5.96930916526879507E-4
2.38365292270117779E-7	-5.81011532627637095E-4
2.38419294299995910E-7	-5.64210006907103345E-4
2.38488503304391264E-7	-5.43190713903371858E-4
2.38570127653900466E-7	-5.19312221129824536E-4
2.38621458969716116E-7	-5.05028268809045500E-4
2.38676486019741896E-7	-4.90442428211275239E-4
2.38745383803814315E-7	-4.73181318494094860E-4
2.38814901137739977E-7	-4.56956932732349586E-4
2.38865292270118035E-7	-4.46016178483959980E-4
2.38919294299995988E-7	-4.35085648824097238E-4
2.38988503304391342E-7	-4.22085815370594108E-4
2.39070127653900322E-7	-4.08040212761570764E-4
2.39121458969715883E-7	-3.99849393229503303E-4
2.39176486019741663E-7	-3.91562820189306748E-4
2.39245383803814082E-7	-3.81649110226958799E-4
2.39314901137739877E-7	-3.71980981444681680E-4
2.39365292270117802E-7	-3.65047278795573593E-4
2.39419294299995888E-7	-3.57556367481077775E-4
2.39488503304391198E-7	-3.47652304083549124E-4
2.39570127653900311E-7	-3.35376103390823577E-4
2.39621458969715917E-7	-3.27189176747684130E-4
2.39676486019741608E-7	-3.17874628967244544E-4
2.39745383803813983E-7	-3.05388551689043997E-4
2.39814901137740000E-7	-2.91863887799398913E-4
2.39865292270117925E-7	-2.81467480361173594E-4
2.39919294299996100E-7	-2.69776042747388800E-4
2.39988503304391410E-7	-2.54097012302237424E-4
2.40070127653900167E-7	-2.34801944799458084E-4
2.40121458969715729E-7	-2.22397299458374098E-4
2.40176486019741375E-7	-2.08960038367405110E-4
2.40245383803813750E-7	-1.92105417448395044E-4
2.40314901137739856E-7	-1.75290086609905238E-4
2.40365292270117781E-7	-1.63434923571774959E-4
2.40419294299995823E-7	-1.51163274358568156E-4
2.40488503304391044E-7	-1.36162062073159373E-4
2.40570127653900379E-7	-1.19631670806555435E-4
2.40621458969715940E-7	-1.10070972961831193E-4
2.40676486019741720E-7	-1.00625641739840588E-4
2.40745383803814095E-7	-8.98518650198029434E-5
2.40814901137740112E-7	-8.01658806176852323E-5
2.40865292270118037E-7	-7.39122729224744734E-5
2.40919294299996078E-7	-6.79245773451554680E-5
2.40988503304391566E-7	-6.11080354827745964E-5
2.41070127653900368E-7	-5.41027717868645830E-5
2.41121458969715885E-7	-5.01640945813874950E-5
2.41176486019741665E-7	-4.62634355133139863E-5
2.41245383803814040E-7	-4.16092313908117717E-5
2.41314901137740057E-7	-3.69885558421375382E-5
2.41365292270117981E-7	-3.35518249349646336E-5
2.41419294299996023E-7	-2.96563137845887415E-5
2.41488503304391511E-7	-2.41666317969474731E-5
2.41570127653900579E-7	-1.68534031925596395E-5
2.41621458969716185E-7	-1.16734897312573493E-5
2.41676486019741921E-7	-5.51923819250544145E-6
2.41745383803814295E-7	3.04085638093141508E-6
2.41814901137739957E-7	1.25898832175947195E-5
2.41865292270117882E-7	2.00460862260174721E-5
2.41919294299996057E-7	2.84947201519198057E-5
2.41988503304391323E-7	3.98456589920290538E-5
2.42070127653900435E-7	5.37647421650761004E-5
2.42121458969715997E-7	6.26037057985156231E-5
2.42176486019741732E-7	7.20432110038369977E-5
2.42245383803814063E-7	8.36614746408395682E-5
2.42314901137739902E-7	9.49540369974400633E-5
2.42365292270117916E-7	1.02669184108139255E-4
2.42419294299995869E-7	1.10385978661289141E-4
2.42488503304391223E-7	1.19419138375924749E-4
2.42570127653900292E-7	1.28787124673162090E-4
2.42621458969715897E-7	1.33833520586184584E-4
2.42676486019741677E-7	1.38445564140782951E-4
2.42745383803813919E-7	1.43204388011479966E-4
2.42814901137739936E-7	1.46912238988341715E-4
2.42865292270117727E-7	1.48926295635427985E-4
2.42919294299995858E-7	1.50488189681447215E-4
2.42988503304391124E-7	1.51824923647279686E-4
2.43070127653900592E-7	1.52664375770341310E-4
2.43121458969716109E-7	1.52923571495657429E-4
2.43176486019741889E-7	1.53075011483362111E-4
2.43245383803814352E-7	1.53294941458320566E-4
2.43314901137740058E-7	1.53731254470372791E-4
2.43365292270118072E-7	1.54322079666793899E-4
2.43419294299996114E-7	1.55331967748012989E-4
2.43488503304391557E-7	1.57306378967474414E-4
2.43570127653900270E-7	1.60680266449310882E-4
2.43621458969715832E-7	1.63464117327204472E-4
2.43676486019741567E-7	1.67080798759440841E-4
2.43745383803813809E-7	1.72440216288160686E-4
2.43814901137739737E-7	1.78682143561974116E-4
2.43865292270117662E-7	1.83645419612549254E-4
2.43919294299995748E-7	1.89306556989838115E-4
2.43988503304390880E-7	1.96892378934720513E-4
2.44070127653900304E-7	2.06088716346681089E-4
2.44121458969715777E-7	2.11791669591215692E-4
2.44176486019741557E-7	2.17718780264185341E-4
2.44245383803813754E-7	2.24748909018839660E-4
2.44314901137739726E-7	2.31234762669382654E-4
2.44365292270117651E-7	2.35387016028515461E-4
2.44419294299995782E-7	2.39228293363334998E-4
2.44488503304390825E-7	2.43242076828118226E-4
2.44570127653900027E-7	2.46664135785046801E-4
2.44621458969715588E-7	2.48008245450194043E-4
2.44676486019741324E-7	2.48703572964985309E-4
2.44745383803813521E-7	2.48649979271169297E-4
2.44814901137739804E-7	2.47642589998349871E-4
2.44865292270117774E-7	2.46363306475058508E-4
2.44919294299995860E-7	2.44544671257523571E-4
2.44988503304390992E-7	2.41778766417452040E-4
2.45070127653900283E-7	2.38123236613682643E-4
2.45121458969715977E-7	2.35787501320371184E-4
2.45176486019741580E-7	2.33376687392233695E-4
2.45245383803813910E-7	2.30660549386599145E-4
2.45314901137739794E-7	2.28423633804042447E-4
2.45365292270117719E-7	2.27250017193223330E-4
2.45419294299995672E-7	2.26509076632279971E-4
2.45488503304391159E-7	2.26372780953546382E-4
2.45570127653900583E-7	2.27374636149368436E-4
2.45621458969716278E-7	2.28676332905638624E-4
2.45676486019742057E-7	2.30673873982000632E-4
2.45745383803814388E-7	2.33913180304694812E-4
2.45814901137739872E-7	2.37873841368980310E-4
2.45865292270117841E-7	2.41068882149687980E-4
2.45919294299995750E-7	2.44717732052241521E-4
2.45988503304391237E-7	2.49546361549064866E-4
2.46070127653900528E-7	2.55249230653867798E-4
2.46121458969716089E-7	2.58636767509649523E-4
2.46176486019741869E-7	2.61975582989243527E-4
2.46245383803814244E-7	2.65625230702920501E-4
2.46314901137740083E-7	2.68570176217311873E-4
2.46365292270118008E-7	2.70096848434090919E-4
2.46419294299995961E-7	2.71083892083865186E-4
2.46488503304391671E-7	2.71413526311909514E-4
2.46570127653900606E-7	2.70500630386175933E-4
2.46621458969716167E-7	2.69177232249860010E-4
2.46676486019741947E-7	2.67098026580943149E-4
2.46745383803814322E-7	2.63715053045366066E-4
2.46814901137739895E-7	2.59553037685496024E-4
2.46865292270117953E-7	2.56161636936736858E-4
2.46919294299995862E-7	2.52270017533300583E-4
2.46988503304391305E-7	2.47116251228968009E-4
2.47070127653900240E-7	2.41020605276511812E-4
2.47121458969715757E-7	2.37378298193445314E-4
2.47176486019741448E-7	2.33767728853989532E-4
2.47245383803813867E-7	2.29780198406544489E-4
2.47314901137740062E-7	2.26483477058143245E-4
2.47365292270118076E-7	2.24657022811996754E-4
2.47419294299996118E-7	2.23300474384518655E-4
2.47488503304391516E-7	2.22434035746198733E-4
2.47570127653900229E-7	2.22597231639978421E-4
2.47621458969715702E-7	2.23339384954999964E-4
2.47676486019741393E-7	2.24679130368979196E-4
2.47745383803813768E-7	2.26976712692515292E-4
2.47814901137740140E-7	2.29828886624739415E-4
2.47865292270118154E-7	2.32105420386084660E-4
2.47919294299996151E-7	2.34651334421239977E-4
2.47988503304391639E-7	2.37886931748044361E-4
2.48070127653900219E-7	2.41465491536735932E-4
2.48121458969715780E-7	2.43392323451823733E-4
2.48176486019741471E-7	2.45057900124156802E-4
2.48245383803813846E-7	2.46483918109333366E-4
2.48314901137740041E-7	2.47077829592487763E-4
2.48365292270117966E-7	2.46867031048568197E-4
2.48419294299996052E-7	2.45986193007119125E-4
2.48488503304391406E-7	2.43949553934928298E-4
2.48570127653900119E-7	2.40331798036151056E-4
2.48621458969715636E-7	2.37412831279032144E-4
2.48676486019741372E-7	2.33748986454744045E-4
2.48745383803813613E-7	2.28571937863331698E-4
2.48814901137739586E-7	2.22842290633344398E-4
2.48865292270117644E-7	2.18502276419313812E-4
2.48919294299995641E-7	2.13790232722005946E-4
2.48988503304390640E-7	2.07850573694109553E-4
2.49070127653899931E-7	2.01181163325482437E-4
2.49121458969715448E-7	1.97369505553475988E-4
2.49176486019741183E-7	1.93734920012693412E-4
2.49245383803813292E-7	1.89885408736585282E-4
2.49314901137739620E-7	1.86873409888351216E-4
2.49365292270117545E-7	1.85316861966905844E-4
2.49419294299995586E-7	1.84284741679857511E-4
2.49488503304390807E-7	1.83830659836043386E-4
2.49570127653900276E-7	1.84424263698254176E-4
2.49621458969715970E-7	1.85368342305233380E-4
2.49676486019741706E-7	1.86839102156987780E-4
2.49745383803814036E-7	1.89153548752872269E-4
2.49814901137739875E-7	1.91836348381537181E-4
2.49865292270117800E-7	1.93856400887488745E-4
2.49919294299995975E-7	1.95993072501893284E-4
2.49988503304391196E-7	1.98514591161312537E-4
2.50070127653900176E-7	2.01002006389966237E-4
2.50121458969715649E-7	2.02122096574677013E-4
2.50176486019741340E-7	2.02827958402027031E-4
2.50245383803813670E-7	2.02953849848131895E-4
2.50314901137739909E-7	2.02171306078129076E-4
2.50365292270117923E-7	2.00966694547371727E-4
2.50419294299995876E-7	1.99054631096008450E-4
2.50488503304391319E-7	1.95780706750335654E-4
2.50570127653900299E-7	1.90862760003341925E-4
2.50621458969715949E-7	1.87260795983056472E-4
2.50676486019741684E-7	1.83008300847444350E-4
2.50745383803813926E-7	1.77298065516540815E-4
2.50814901137739987E-7	1.71271949719840677E-4
2.50865292270117912E-7	1.66886978144255993E-4
2.50919294299995954E-7	1.62296332415744726E-4
2.50988503304391308E-7	1.56735022097119070E-4
2.51070127653900421E-7	1.50802901815817370E-4
2.51121458969716027E-7	1.47607937102954700E-4
2.51176486019741763E-7	1.44757373995382865E-4
2.51245383803814093E-7	1.42014818784107577E-4
2.51314901137740021E-7	1.40214783257164921E-4
2.51365292270117946E-7	1.39562737244224211E-4
2.51419294299995943E-7	1.39492570786126446E-4
2.51488503304391253E-7	1.40208832322322463E-4
2.51570127653900055E-7	1.42044175259251038E-4
2.51621458969715661E-7	1.43645870375824103E-4
2.51676486019741308E-7	1.45690032819547444E-4
2.51745383803813549E-7	1.48526986197059818E-4
2.51814901137739877E-7	1.51512570997035745E-4
2.51865292270117846E-7	1.53607726596975969E-4
2.51919294299995888E-7	1.55689923777913442E-4
2.51988503304391021E-7	1.57964019253542975E-4
2.52070127653900089E-7	1.59942224644040998E-4
2.52121458969715651E-7	1.60651632241347264E-4
2.52176486019741297E-7	1.60851393591465053E-4
2.52245383803813628E-7	1.60290836725596586E-4
2.52314901137739955E-7	1.58799906579948136E-4
2.52365292270117880E-7	1.57110355799489931E-4
2.52419294299996011E-7	1.54731898663987621E-4
2.52488503304391187E-7	1.50969013304845090E-4
2.52570127653900345E-7	1.45659777961608317E-4
2.52621458969715951E-7	1.41950140931207702E-4
2.52676486019741553E-7	1.37728716812873619E-4
2.52745383803814061E-7	1.32263019375503466E-4
2.52814901137740122E-7	1.26724183586221861E-4
2.52865292270118047E-7	1.22859512080428823E-4
2.52919294299996178E-7	1.18987763276767211E-4
2.52988503304391532E-7	1.14549829039915863E-4
2.53070127653900467E-7	1.10190485111326608E-4
2.53121458969715984E-7	1.08096855807500303E-4
2.53176486019741720E-7	1.06500215705058743E-4
2.53245383803814228E-7	1.05383484559638685E-4
2.53314901137740067E-7	1.05236205549090611E-4
2.53365292270117992E-7	1.05748524584046333E-4
2.53419294299996034E-7	1.06864152377879584E-4
2.53488503304391477E-7	1.08972477771007714E-4
2.53570127653900279E-7	1.12235452364060118E-4
2.53621458969715841E-7	1.14577922179371416E-4
2.53676486019741532E-7	1.17262586492684684E-4
2.53745383803813906E-7	1.20689074416170494E-4
2.53814901137739968E-7	1.24038186912428583E-4
2.53865292270118026E-7	1.26257422845978429E-4
2.53919294299995935E-7	1.28347649183194723E-4
2.53988503304391333E-7	1.30483161600099451E-4
2.54070127653900002E-7	1.32130732064674761E-4
2.54121458969715563E-7	1.32573119307944043E-4
2.54176486019741255E-7	1.32449079443969042E-4
2.54245383803813496E-7	1.31469704753839101E-4
2.54314901137739868E-7	1.29580106127929828E-4
2.54365292270117793E-7	1.27649412136787799E-4
2.54419294299995924E-7	1.25081541405879793E-4
2.54488503304391145E-7	1.21202584770529542E-4
2.54570127653900258E-7	1.15962993182749075E-4
2.54621458969715864E-7	1.12444144626392184E-4
2.54676486019741510E-7	1.08581412146433220E-4
2.54745383803813841E-7	1.03778057109956667E-4
2.54814901137739858E-7	9.91482240064630105E-5
2.54865292270117783E-7	9.60973365542372271E-5
2.54919294299995824E-7	9.32336824375739326E-5
2.54988503304391045E-7	9.02466201466121021E-5
2.55070127653900203E-7	8.77772805366621256E-5
2.55121458969715853E-7	8.69280138961539173E-5
2.55176486019741500E-7	8.66808089861617326E-5
2.55245383803813786E-7	8.72336711697029266E-5
2.55314901137739891E-7	8.87022969811704520E-5
2.55365292270117950E-7	9.03041638594082663E-5
2.55419294299995991E-7	9.24867253539632372E-5
2.55488503304391257E-7	9.57926735148855002E-5
2.55570127653900236E-7	1.00212581450367155E-4
2.55621458969715754E-7	1.03118479462967749E-4
2.55676486019741489E-7	1.06253731057298895E-4
2.55745383803813731E-7	1.10045621995713749E-4
2.55814901137739970E-7	1.13556388867482916E-4
2.55865292270117894E-7	1.15770120239588459E-4
2.55919294299995936E-7	1.17741601459464351E-4
2.55988503304391202E-7	1.19596824793056444E-4
2.56070127653900226E-7	1.20778196009533323E-4
2.56121458969715876E-7	1.20885327533892939E-4
2.56176486019741656E-7	1.20385454906619227E-4
2.56245383803814120E-7	1.18953065237201461E-4
2.56314901137740048E-7	1.16668923489026377E-4
2.56365292270118061E-7	1.14529159557910742E-4
2.56419294299996103E-7	1.11835883059206731E-4
2.56488503304391591E-7	1.07958678966624966E-4
2.56570127653900215E-7	1.02968616794335865E-4
2.56621458969715777E-7	9.97657118422196199E-5
2.56676486019741423E-7	9.63933846560697383E-5
2.56745383803813665E-7	9.24058431202623431E-5
2.56814901137739904E-7	8.88149091177561978E-5
2.56865292270117873E-7	8.66429118403991971E-5
2.56919294299995871E-7	8.48223612563808871E-5
2.56988503304391225E-7	8.32771932375207591E-5
2.57070127653900382E-7	8.26078075175081139E-5
2.57121458969715944E-7	8.28975759532769096E-5
2.57176486019741724E-7	8.38463524508736135E-5
2.57245383803814143E-7	8.58243353407073251E-5
2.57314901137740026E-7	8.86086550874706269E-5
2.57365292270117996E-7	9.10523198204449180E-5
2.57419294299995949E-7	9.40106613260284263E-5
2.57488503304391436E-7	9.81166461620063757E-5
2.57570127653900371E-7	1.03202565087820974E-4
2.57621458969715889E-7	1.06359014470008817E-4
2.57676486019741535E-7	1.09607318108124119E-4
2.57745383803813954E-7	1.13348909185604696E-4
2.57814901137740016E-7	1.16620215108421110E-4
2.57865292270118029E-7	1.18556866152481399E-4
2.57919294299995983E-7	1.20143924498024335E-4
2.57988503304391514E-7	1.21420112443671391E-4
2.58070127653900316E-7	1.21843648064906440E-4
2.58121458969715833E-7	1.21468620094119117E-4
2.58176486019741525E-7	1.20472060183060914E-4
2.58245383803813899E-7	1.18481294182093233E-4
2.58314901137740094E-7	1.15740269473441604E-4
2.58365292270118196E-7	1.13367873969444011E-4
2.58419294299996105E-7	1.10539836419696069E-4
2.58488503304391504E-7	1.06672036053642882E-4
2.58570127653900084E-7	1.01963779731881221E-4
2.58621458969715601E-7	9.91026387852814850E-5
2.58676486019741336E-7	9.62449410459207577E-5
2.58745383803813489E-7	9.30869566620294719E-5
2.58814901137739994E-7	9.05174046097631368E-5
2.58865292270117964E-7	8.91792383011818934E-5
2.58919294299996050E-7	8.83147563437863603E-5
2.58988503304391138E-7	8.80398928994469010E-5
2.59070127653900029E-7	8.88821248825647814E-5
2.59121458969715501E-7	9.00798201854880887E-5
2.59176486019741237E-7	9.19376090050901240E-5
2.59245383803813390E-7	9.49410959576585434E-5
2.59314901137740028E-7	9.86039318994134284E-5
2.59365292270117953E-7	1.01556819451549707E-4
2.59419294299996128E-7	1.04921643597416536E-4
2.59488503304391305E-7	1.09345800819131855E-4
2.59570127653900329E-7	1.14529286657487495E-4
2.59621458969715890E-7	1.17588578999285565E-4
2.59676486019741670E-7	1.20591479130432089E-4
2.59745383803814089E-7	1.23857383520262188E-4
2.59814901137740017E-7	1.26492389863186872E-4
2.59865292270117987E-7	1.27891116288801365E-4
2.59919294299995984E-7	1.28844723453016785E-4
2.59988503304391427E-7	1.29267521060155377E-4
2.60070127653900185E-7	1.28671845392668516E-4
2.60121458969715746E-7	1.27685993554273014E-4
2.60176486019741482E-7	1.26086074138625825E-4
2.60245383803813857E-7	1.23445040311358234E-4
2.60314901137740184E-7	1.20198001717506076E-4
2.60365292270118109E-7	1.17580425504555408E-4
2.60419294299996151E-7	1.14619861888108843E-4
2.60488503304391639E-7	1.10774560358282437E-4
2.60570127653900263E-7	1.06364076302354493E-4
2.60621458969715825E-7	1.03844560176993483E-4
2.60676486019741471E-7	1.01487320767825917E-4
2.60745383803813979E-7	9.91124535163174514E-5
2.60814901137740129E-7	9.74765021720313918E-5
2.60865292270118143E-7	9.68763141430704167E-5
2.60919294299996096E-7	9.68328272812295232E-5
2.60988503304391450E-7	9.76103183610427472E-5
2.61070127653900030E-7	9.96453770817520379E-5
2.61121458969715503E-7	1.01515981275162814E-4
2.61176486019741194E-7	1.03999940610160269E-4
2.61245383803813569E-7	1.07638431926232259E-4
2.61314901137739941E-7	1.11754594386024175E-4
2.61365292270117999E-7	1.14897552764531996E-4
2.61419294299996041E-7	1.18324474053580642E-4
2.61488503304391262E-7	1.22630602422255075E-4
2.61570127653899842E-7	1.27412202648843387E-4
2.61621458969715404E-7	1.30078543098259303E-4
2.61676486019741095E-7	1.32540780133483871E-4
2.61745383803813247E-7	1.34995094178093322E-4
2.61814901137739708E-7	1.36694681302207055E-4
2.61865292270117633E-7	1.37365892251127120E-4
2.61919294299995720E-7	1.37511947208435092E-4
2.61988503304390719E-7	1.36904391919683333E-4
2.62070127653900098E-7	1.35147037168739503E-4
2.62121458969715615E-7	1.33500702929414938E-4
2.62176486019741262E-7	1.31281708807965680E-4
2.62245383803813503E-7	1.28012332656538996E-4
2.62314901137739831E-7	1.24318263463329726E-4
2.62365292270117756E-7	1.21514916164522568E-4
2.62419294299995842E-7	1.18496242779893479E-4
2.62488503304390886E-7	1.14772244106292343E-4
2.62570127653900176E-7	1.10765102389377024E-4
2.62621458969715782E-7	1.08634301200520089E-4
2.62676486019741473E-7	1.06803118983356238E-4
2.62745383803813803E-7	1.05205375922899513E-4
2.62814901137739998E-7	1.04448613021977588E-4
2.62865292270117923E-7	1.04510514614731376E-4
2.62919294299995965E-7	1.05169999900740252E-4
2.62988503304391275E-7	1.06801068346936456E-4
2.63070127653900254E-7	1.09736406734552361E-4
2.63121458969715727E-7	1.12069694982360279E-4
2.63176486019741418E-7	1.14937256007141908E-4
2.63245383803813793E-7	1.18887687853349133E-4
2.63314901137739854E-7	1.23114156146707687E-4
2.63365292270117912E-7	1.26192493430708508E-4
2.63419294299995821E-7	1.29407613219910789E-4
2.63488503304391219E-7	1.33253195300387972E-4
2.63570127653900244E-7	1.37251548343053553E-4
2.63621458969715761E-7	1.39309875306844200E-4
2.63676486019741496E-7	1.41029428118832656E-4
2.63745383803813827E-7	1.42466270084572688E-4
2.63814901137739977E-7	1.43081965962319457E-4
2.63865292270117946E-7	1.42959850125929955E-4
2.63919294299995943E-7	1.42267263990745518E-4
2.63988503304391298E-7	1.40637677887768797E-4
2.64070127653900055E-7	1.37785000247369283E-4
2.64121458969715750E-7	1.35545427185357314E-4
2.64176486019741397E-7	1.32802146487049599E-4
2.64245383803813638E-7	1.29045631466494237E-4
2.64314901137739788E-7	1.25063420290614347E-4
2.64365292270117713E-7	1.22193987660672310E-4
2.64419294299995755E-7	1.19244862636176885E-4
2.64488503304390843E-7	1.15796180526993320E-4
2.64570127653899956E-7	1.12351562893453560E-4
2.64621458969715562E-7	1.10688426104712345E-4
2.64676486019741253E-7	1.09439969211437194E-4
2.64745383803813406E-7	1.08647768617283957E-4
2.64814901137739822E-7	1.08748015168859413E-4
2.64865292270117791E-7	1.09421864079014974E-4
2.64919294299995833E-7	1.10701326646096820E-4
2.64988503304390921E-7	1.13040894452678153E-4
2.65070127653900034E-7	1.16652721059792941E-4
2.65121458969715507E-7	1.19283579388633787E-4
2.65176486019741198E-7	1.22342559435811227E-4
2.65245383803813306E-7	1.26351158587205381E-4
2.65314901137739767E-7	1.30427141888694376E-4
2.65365292270117692E-7	1.33258339481755161E-4
2.65419294299995601E-7	1.36077775860817840E-4
2.65488503304390910E-7	1.39252243419270361E-4
2.65570127653900645E-7	1.42262186290518033E-4
2.65621458969716162E-7	1.43616353687666987E-4
2.65676486019741898E-7	1.44522067354732453E-4
2.65745383803814317E-7	1.44894003145452333E-4
2.65814901137740023E-7	1.44422004695130535E-4
2.65865292270117948E-7	1.43532550400878378E-4
2.65919294299996078E-7	1.42061434535828690E-4
2.65988503304391388E-7	1.39530432010180050E-4
2.66070127653900190E-7	1.35777666618307702E-4
2.66121458969715796E-7	1.33092370851159680E-4
2.66176486019741532E-7	1.30001673764459813E-4
2.66245383803813906E-7	1.25996379575061335E-4
2.66314901137740012E-7	1.21975565081593951E-4
2.66365292270118026E-7	1.19218530689412994E-4
2.66419294299995979E-7	1.16521040786958485E-4
2.66488503304391511E-7	1.13560751446190400E-4
2.66570127653900535E-7	1.10893874120205238E-4
2.66621458969716141E-7	1.09806882954843776E-4
2.66676486019741787E-7	1.09230655433449941E-4
2.66745383803814295E-7	1.09315002358073077E-4
2.66814901137740090E-7	1.10291272552216069E-4
2.66865292270118060E-7	1.11553239323186082E-4
2.66919294299996057E-7	1.13392439977116588E-4
2.66988503304391545E-7	1.16320743197172893E-4
2.67070127653900258E-7	1.20417339744225393E-4
2.67121458969715864E-7	1.23206287566938943E-4
2.67176486019741510E-7	1.26296369261582186E-4
2.67245383803813930E-7	1.30159442593295260E-4
2.67314901137739902E-7	1.33889950444716677E-4
2.67365292270117960E-7	1.36349442253775632E-4
2.67419294299996002E-7	1.38660523133375335E-4
2.67488503304391312E-7	1.41054567404094122E-4
2.67570127653899759E-7	1.42999620938408367E-4
2.67621458969715320E-7	1.43634227129522674E-4
2.67676486019741056E-7	1.43742351584535566E-4
2.67745383803813075E-7	1.43112921597636000E-4
2.67814901137739581E-7	1.41660756480470851E-4
2.67865292270117550E-7	1.40108072551195662E-4
2.67919294299995547E-7	1.37994702006203562E-4
2.67988503304390502E-7	1.34766859692109198E-4
2.68070127653900059E-7	1.30392696790889850E-4
2.68121458969715665E-7	1.27456530534208246E-4
2.68176486019741311E-7	1.24240113224706317E-4
2.68245383803813509E-7	1.20273106799325569E-4
2.68314901137739792E-7	1.16505969494628747E-4
2.68365292270117717E-7	1.14066165105585116E-4
2.68419294299995759E-7	1.11824575312087515E-4
2.68488503304390891E-7	1.09581239086129045E-4
2.68570127653899915E-7	1.07901638923645748E-4
2.68621458969715521E-7	1.07477116923917482E-4
2.68676486019741256E-7	1.07622722963428763E-4
2.68745383803813365E-7	1.08590584494409637E-4
2.68814901137739692E-7	1.10393402725490253E-4
2.68865292270117706E-7	1.12178347369280873E-4
2.68919294299995659E-7	1.14486370201090337E-4
2.68988503304390836E-7	1.17865375126222505E-4
2.69070127653900393E-7	1.22265165868449266E-4
2.69121458969715954E-7	1.25099133575212962E-4
2.69176486019741645E-7	1.28102574770907141E-4
2.69245383803813976E-7	1.31681245046940343E-4
2.69314901137739993E-7	1.34941334929000400E-4
2.69365292270117918E-7	1.36954078927680212E-4
2.69419294299995915E-7	1.38697135662357152E-4
2.69488503304391180E-7	1.40268263838284812E-4
2.69570127653900204E-7	1.41145916958912476E-4
2.69621458969715810E-7	1.41088651419884137E-4
2.69676486019741546E-7	1.40456930257694834E-4
2.69745383803813743E-7	1.38935087642624344E-4
2.69814901137739671E-7	1.36652618155065264E-4
2.69865292270117596E-7	1.34571586670418131E-4
2.69919294299995638E-7	1.31985345605834059E-4
2.69988503304390726E-7	1.28307382441790629E-4
2.70070127653900149E-7	1.23636704396278385E-4
2.70121458969715800E-7	1.20666435656457027E-4
2.70176486019741446E-7	1.17561147028837221E-4
2.70245383803813599E-7	1.13923133486694561E-4
2.70314901137739749E-7	1.10681993071988760E-4
2.70365292270117674E-7	1.08732776810946552E-4
2.70419294299995672E-7	1.07105494987665839E-4
2.70488503304390893E-7	1.05740308008574169E-4
2.70570127653900494E-7	1.05176409815449401E-4
2.70621458969716144E-7	1.05457541044137892E-4
2.70676486019741880E-7	1.06337375593385874E-4
2.70745383803814388E-7	1.08161160889993702E-4
2.70814901137740049E-7	1.10719606211132815E-4
2.70865292270118108E-7	1.12953033158451421E-4
2.70919294299996016E-7	1.15631365588517299E-4
2.70988503304391504E-7	1.19316481023428245E-4
2.71070127653900350E-7	1.23834116672041428E-4
2.71121458969715912E-7	1.26597413910794931E-4
2.71176486019741692E-7	1.29395659320031142E-4
2.71245383803813978E-7	1.32556053591115042E-4
2.71314901137739817E-7	1.35231625866942995E-4
2.71365292270117786E-7	1.36732365692413960E-4
2.71419294299995784E-7	1.37856837871287774E-4
2.71488503304391005E-7	1.38572070105583389E-4
2.71570127653900251E-7	1.38392391573826079E-4
2.71621458969715768E-7	1.37682676327949305E-4
2.71676486019741548E-7	1.36386477147670493E-4
2.71745383803813834E-7	1.34110280808662075E-4
2.71814901137739895E-7	1.31183793192982034E-4
2.71865292270117864E-7	1.28737022190515082E-4
2.71919294299995995E-7	1.25873656091675601E-4
2.71988503304391172E-7	1.22015314114636397E-4
2.72070127653900240E-7	1.17378939708524399E-4
2.72121458969715846E-7	1.14577109700178692E-4
2.72176486019741670E-7	1.11786507465447271E-4
2.72245383803813823E-7	1.08707286566050154E-4
2.72314901137739662E-7	1.06189351741276639E-4
2.72365292270117587E-7	1.04846698847343056E-4
2.72419294299995629E-7	1.03928613932515912E-4
2.72488503304390939E-7	1.03518240890692770E-4
2.72570127653900496E-7	1.04098540973840437E-4
2.72621458969716191E-7	1.05068529005860500E-4
2.72676486019741926E-7	1.06633108103578511E-4
2.72745383803814301E-7	1.09212041250416547E-4
2.72814901137739962E-7	1.12386825642651900E-4
2.72865292270117799E-7	1.14948776587868995E-4
2.72919294299995840E-7	1.17855688341189624E-4
2.72988503304391328E-7	1.21654804111170800E-4
2.73070127653900752E-7	1.26057792968380822E-4
2.73121458969716358E-7	1.28610898893377934E-4
2.73176486019742182E-7	1.31065001000392978E-4
2.73245383803814779E-7	1.33654318500318392E-4
2.73314901137740129E-7	1.35624554966385369E-4
2.73365292270118054E-7	1.36555837567013927E-4
2.73419294299996229E-7	1.37032848588552780E-4
2.73488503304391850E-7	1.36900519019030220E-4
2.73570127653900697E-7	1.35733548481947297E-4
2.73621458969716258E-7	1.34447004506385581E-4
2.73676486019742038E-7	1.32593238210286390E-4
2.73745383803814457E-7	1.29724932321629449E-4
2.73814901137740163E-7	1.26341908111982804E-4
2.73865292270118088E-7	1.23676026168487008E-4
2.73919294299996130E-7	1.20701326233380568E-4
2.73988503304391617E-7	1.16881578178403789E-4
2.74070127653900331E-7	1.12539324875814484E-4
2.74121458969715848E-7	1.10063590780040776E-4
2.74176486019741628E-7	1.07743531298091333E-4
2.74245383803814047E-7	1.05391226424317219E-4
2.74314901137740019E-7	1.03728247977328025E-4
2.74365292270117944E-7	1.03056859712308824E-4
2.74419294299995986E-7	1.02884828017067553E-4
2.74488503304391385E-7	1.03430933133080805E-4
2.74570127653900098E-7	1.05095414162961309E-4
2.74621458969715571E-7	1.06682060071158791E-4
2.74676486019741350E-7	1.08826562836925489E-4
2.74745383803813592E-7	1.11998730891281917E-4
2.74814901137739831E-7	1.15598620570896982E-4
2.74865292270117756E-7	1.18339393905512735E-4
2.74919294299995709E-7	1.21308289811928716E-4
2.74988503304391019E-7	1.25008189328521491E-4
2.75070127653900487E-7	1.29057380518617948E-4
2.75121458969716004E-7	1.31267756957460624E-4
2.75176486019741695E-7	1.33255185854136671E-4
2.75245383803814114E-7	1.35150308294098243E-4
2.75314901137740176E-7	1.36328467096502726E-4
2.75365292270118189E-7	1.36652986128779430E-4
2.75419294299996142E-7	1.36467974295690597E-4
2.75488503304391674E-7	1.35505875633309514E-4
2.75570127653900254E-7	1.33422616952670481E-4
2.75621458969715860E-7	1.31630221497783784E-4
2.75676486019741507E-7	1.29318926902058573E-4
2.75745383803813837E-7	1.26013057893824643E-4
2.75814901137739987E-7	1.22356698816391818E-4
2.75865292270118001E-7	1.19617430284492410E-4
2.75919294299996043E-7	1.16692812285236469E-4
2.75988503304391397E-7	1.13114591196783643E-4
2.76070127653900110E-7	1.09290686676591009E-4
2.76121458969715627E-7	1.07264843925580622E-4
2.76176486019741319E-7	1.05525594912189979E-4
2.76245383803813649E-7	1.04003575650184121E-4
2.76314901137739932E-7	1.03256995364057880E-4
2.76365292270117990E-7	1.03269322535012797E-4
2.76419294299996032E-7	1.03823457177067069E-4
2.76488503304391298E-7	1.05254003529324303E-4
2.76570127653900100E-7	1.07855998214531978E-4
2.76621458969715661E-7	1.09934797677981244E-4
2.76676486019741441E-7	1.12500034557032524E-4
2.76745383803813683E-7	1.16039884694257189E-4
2.76814901137739788E-7	1.19820962384890239E-4
2.76865292270117624E-7	1.22564495631086867E-4
2.76919294299995800E-7	1.25413284030688321E-4
2.76988503304390932E-7	1.28796340210404070E-4
2.77070127653900311E-7	1.32264788190982174E-4
2.77121458969715828E-7	1.34013035241951628E-4
2.77176486019741564E-7	1.35427903640998015E-4
2.77245383803813983E-7	1.36528548879640077E-4
2.77314901137740000E-7	1.36851226476936039E-4
2.77365292270117969E-7	1.36549761788380142E-4
2.77419294299995967E-7	1.35710345459155057E-4
2.77488503304391454E-7	1.33966414012134161E-4
2.77570127653900434E-7	1.31072989952525809E-4
2.77621458969715995E-7	1.28868088376114831E-4
2.77676486019741775E-7	1.26220723091064158E-4
2.77745383803814150E-7	1.22649772273566837E-4
2.77814901137739945E-7	1.18909778688530077E-4
2.77865292270117958E-7	1.16238487712634186E-4
2.77919294299995956E-7	1.13512794949525597E-4
2.77988503304391354E-7	1.10354017258229375E-4
2.78070127653900157E-7	1.07230457764409981E-4
2.78121458969715629E-7	1.05742442587472829E-4
2.78176486019741320E-7	1.04648314897936889E-4
2.78245383803813695E-7	1.03993653928510166E-4
2.78314901137740156E-7	1.04149428871043037E-4
2.78365292270118081E-7	1.04801604341046928E-4
2.78419294299996123E-7	1.06005396207497204E-4
2.78488503304391521E-7	1.08186445105227436E-4
2.78570127653900101E-7	1.11526149792574891E-4
2.78621458969715619E-7	1.13955350753541462E-4
2.78676486019741310E-7	1.16778903047105564E-4
2.78745383803813684E-7	1.20474073266685622E-4
2.78814901137740101E-7	1.24218807648723417E-4
2.78865292270118026E-7	1.26810394932114545E-4
2.78919294299996157E-7	1.29379424561434053E-4
2.78988503304391555E-7	1.32257784018033187E-4
2.79070127653900180E-7	1.34955691026616442E-4
2.79121458969715741E-7	1.36146986283033034E-4
2.79176486019741388E-7	1.36913882041763291E-4
2.79245383803813807E-7	1.37164333301722197E-4
2.79314901137740002E-7	1.36619301372735658E-4
2.79365292270117926E-7	1.35711554130353318E-4
2.79419294299996013E-7	1.34264869726286928E-4
2.79488503304391323E-7	1.31832097184944375E-4
2.79570127653900347E-7	1.28279326492855361E-4
2.79621458969715908E-7	1.25775358119080471E-4
2.79676486019741599E-7	1.22927584176520099E-4
2.79745383803814107E-7	1.19274807500591140E-4
2.79814901137740080E-7	1.15643449732276071E-4
2.79865292270118093E-7	1.13176186681601321E-4
2.79919294299996135E-7	1.10784621356982393E-4
2.79988503304391489E-7	1.08195468055673882E-4
2.80070127653900247E-7	1.05910013903898759E-4
2.80121458969715853E-7	1.05016316468513060E-4
2.80176486019741500E-7	1.04597185669533776E-4
2.80245383803813874E-7	1.04806086902012607E-4
2.80314901137740113E-7	1.05815785742976454E-4
2.80365292270118083E-7	1.07044980760588437E-4
2.80419294299996125E-7	1.08805087201196193E-4
2.80488503304391479E-7	1.11583583718854484E-4
2.80570127653900236E-7	1.15441427077571634E-4
2.80621458969715754E-7	1.18067199329918138E-4
2.80676486019741489E-7	1.20974000503440737E-4
2.80745383803813819E-7	1.24601035548265537E-4
2.80814901137739881E-7	1.28090159362544731E-4
2.80865292270117894E-7	1.30382743122674838E-4
2.80919294299995936E-7	1.32529854491810317E-4
2.80988503304391246E-7	1.34748092693313160E-4
2.81070127653900226E-7	1.36533779168137404E-4
2.81121458969715787E-7	1.37106978656822442E-4
2.81176486019741567E-7	1.37187932290459025E-4
2.81245383803813764E-7	1.36578240709121124E-4
2.81314901137739826E-7	1.35198707230493897E-4
2.81365292270117751E-7	1.33738033984885729E-4
2.81419294299995792E-7	1.31769543795648936E-4
2.81488503304390925E-7	1.28791033752175865E-4
2.81570127653900038E-7	1.24785985974242442E-4
2.81621458969715555E-7	1.22126576107463225E-4
2.81676486019741201E-7	1.19237573056014545E-4
2.81745383803813354E-7	1.15700732440811471E-4
2.81814901137739771E-7	1.12367072488719577E-4
2.81865292270117695E-7	1.10227365121259924E-4
2.81919294299995737E-7	1.08285231793655168E-4
2.81988503304390914E-7	1.06384549293464947E-4
2.82070127653900204E-7	1.05032545205315819E-4
2.82121458969715810E-7	1.04762942431508055E-4
2.82176486019741457E-7	1.05021412522112190E-4
2.82245383803813787E-7	1.06056452049535088E-4
2.82314901137739893E-7	1.07837462985378685E-4
2.82365292270117862E-7	1.09555802597056862E-4
2.82419294299995949E-7	1.11754330267795110E-4
2.82488503304391259E-7	1.14953738235342939E-4
2.82570127653900149E-7	1.19096036084785828E-4
2.82621458969715755E-7	1.21765794821609141E-4
2.82676486019741358E-7	1.24593322765555903E-4
2.82745383803813777E-7	1.27958008724718564E-4
2.82814901137739882E-7	1.31013652099102718E-4
2.82865292270117985E-7	1.32896230631890555E-4
2.82919294299995894E-7	1.34523209730950133E-4
2.82988503304391070E-7	1.35989063896873219E-4
2.83070127653900228E-7	1.36803594113727756E-4
2.83121458969715745E-7	1.36751666385156989E-4
2.83176486019741436E-7	1.36167785157864962E-4
2.83245383803813766E-7	1.34761507975170147E-4
2.83314901137739783E-7	1.32649250338845692E-4
2.83365292270117708E-7	1.30729672742221337E-4
2.83419294299995839E-7	1.28356840880345446E-4
2.83488503304390882E-7	1.25002222632969473E-4
2.83570127653899995E-7	1.20766611535363566E-4
2.83621458969715512E-7	1.18097550490224656E-4
2.83676486019741203E-7	1.15325608182210715E-4
2.83745383803813356E-7	1.12099935718204557E-4
2.83814901137739772E-7	1.09249594679424122E-4
2.83865292270117830E-7	1.07556304099087208E-4
2.83919294299995739E-7	1.06168656527644112E-4
2.83988503304391005E-7	1.05053349391368434E-4
2.84070127653900428E-7	1.04692291292205053E-4
2.84121458969716034E-7	1.05045720103085838E-4
2.84176486019741725E-7	1.05947756674932503E-4
2.84245383803814011E-7	1.07727397638355549E-4
2.84314901137739895E-7	1.10160551220443237E-4
2.84365292270117820E-7	1.12262581774024506E-4
2.84419294299995773E-7	1.14771382524691745E-4
2.84488503304391349E-7	1.18212504827206955E-4
2.84570127653900418E-7	1.22416262979256629E-4
2.84621458969716068E-7	1.24991029745096482E-4
2.84676486019741759E-7	1.27595229381200514E-4
2.84745383803814178E-7	1.30530860778219227E-4
2.84814901137740240E-7	1.33008191000329479E-4
2.84865292270118253E-7	1.34396320112603074E-4
2.84919294299996118E-7	1.35435270226895810E-4
2.84988503304391827E-7	1.36095472782850413E-4
2.85070127653900718E-7	1.35924104733907880E-4
2.85121458969716102E-7	1.35265554008929634E-4
2.85176486019741926E-7	1.34062890027546411E-4
2.85245383803814523E-7	1.31952030819566080E-4
2.85314901137740273E-7	1.29236533851905833E-4
2.85365292270118198E-7	1.26973912837004232E-4
2.85419294299996285E-7	1.24339624797882564E-4
2.85488503304391905E-7	1.20809913312223105E-4
2.85570127653900485E-7	1.16595130118697643E-4
2.85621458969716135E-7	1.14073321042242748E-4
2.85676486019741827E-7	1.11578303541429147E-4
2.85745383803814379E-7	1.08844286373002364E-4
2.85814901137740263E-7	1.06630159959536508E-4
2.85865292270118232E-7	1.05469450787789265E-4
2.85919294299996363E-7	1.04702526330568579E-4
2.85988503304391894E-7	1.04418914095410709E-4
2.86070127653900030E-7	1.05048842973670786E-4
2.86121458969715592E-7	1.05992698791708984E-4
2.86176486019741283E-7	1.07474914918536979E-4
2.86245383803813613E-7	1.09884776831121500E-4
2.86314901137739941E-7	1.12821082228628278E-4
2.86365292270117866E-7	1.15182558540556723E-4
2.86419294299996086E-7	1.17858614559327912E-4
2.86488503304391173E-7	1.21353566800914869E-4
2.86570127653900020E-7	1.25400903520801710E-4
2.86621458969715448E-7	1.27754601990881178E-4
2.86676486019741228E-7	1.30014711160667518E-4
2.86745383803813336E-7	1.32393650375234295E-4
2.86814901137739708E-7	1.34193576430674977E-4
2.86865292270117633E-7	1.35037150338809253E-4
2.86919294299995631E-7	1.35457740357543344E-4
2.86988503304390719E-7	1.35308789118192219E-4
2.87070127653900276E-7	1.34197295537441974E-4
2.87121458969715881E-7	1.32989673575729750E-4
2.87176486019741528E-7	1.31257401800095796E-4
2.87245383803813814E-7	1.28586945326143942E-4
2.87314901137739831E-7	1.25445417135487247E-4
2.87365292270117800E-7	1.22981857619261858E-4
2.87419294299995753E-7	1.20245843411665376E-4
2.87488503304391063E-7	1.16748547676322278E-4
2.87570127653900354E-7	1.12794738792354488E-4
2.87621458969715960E-7	1.10559324403745696E-4
2.87676486019741695E-7	1.08474917647177893E-4
2.87745383803814114E-7	1.06374985176616987E-4
2.87814901137739998E-7	1.04907612179219845E-4
2.87865292270117923E-7	1.04332782773883781E-4
2.87919294299996009E-7	1.04215158366880090E-4
2.87988503304391363E-7	1.04759493860614183E-4
2.88070127653900387E-7	1.06322107354939632E-4
2.88121458969715905E-7	1.07790428585207909E-4
2.88176486019741684E-7	1.09759025269236865E-4
2.88245383803813970E-7	1.12657159318595856E-4
2.88314901137739943E-7	1.15933539893268822E-4
2.88365292270117912E-7	1.18428764883916360E-4
2.88419294299995910E-7	1.21133113321304808E-4
2.88488503304391219E-7	1.24504114959604339E-4
2.88570127653900110E-7	1.28193944252829350E-4
2.88621458969715672E-7	1.30212226485185822E-4
2.88676486019741319E-7	1.32020692591768274E-4
2.88745383803813649E-7	1.33734489792508171E-4
2.88814901137739888E-7	1.34782970171465366E-4
2.88865292270117857E-7	1.35054849504884045E-4
2.88919294299995810E-7	1.34854962464329264E-4
2.88988503304391253E-7	1.33930617640719207E-4
2.89070127653900499E-7	1.31966399633855813E-4
2.89121458969716150E-7	1.30288664212362715E-4
2.89176486019741841E-7	1.28131603224846979E-4
2.89245383803814260E-7	1.25055272018325137E-4
2.89314901137740055E-7	1.21663136710724018E-4
2.89365292270117980E-7	1.19134794178781478E-4
2.89419294299996199E-7	1.16447775932788922E-4
2.89488503304391642E-7	1.13174336799014719E-4
2.89570127653900267E-7	1.09695396625299768E-4
2.89621458969715828E-7	1.07865369068926609E-4
2.89676486019741564E-7	1.06298910520251666E-4
2.89745383803813938E-7	1.04934413673822546E-4
2.89814901137740177E-7	1.04274922979781137E-4
2.89865292270118102E-7	1.04300923456434536E-4
2.89919294299996144E-7	1.04820805097540837E-4
2.89988503304391543E-7	1.06140713011567200E-4
2.90070127653900167E-7	1.08525619782124783E-4
2.90121458969715551E-7	1.10424835496764007E-4
2.90176486019741287E-7	1.12760849198499669E-4
2.90245383803813661E-7	1.15977891511957365E-4
2.90314901137740033E-7	1.19408084799664782E-4
2.90365292270118092E-7	1.21898772700759350E-4
2.90419294299996134E-7	1.24485578764821780E-4
2.90488503304391399E-7	1.27557259415039792E-4
2.90570127653900023E-7	1.30706640649119477E-4
2.90621458969715452E-7	1.32295248008917055E-4
2.90676486019741276E-7	1.33573759894791388E-4
2.90745383803813340E-7	1.34556606880641727E-4
2.90814901137739756E-7	1.34823738363414347E-4
2.90865292270117681E-7	1.34526806311143532E-4
2.90919294299995634E-7	1.33734881898140356E-4
2.90988503304390678E-7	1.32106741716687281E-4
2.91070127653900101E-7	1.29420182109929027E-4
2.91121458969715619E-7	1.27377655035604254E-4
2.91176486019741398E-7	1.24928082053235268E-4
2.91245383803813596E-7	1.21630554273472757E-4
2.91314901137739923E-7	1.18186412845331135E-4
2.91365292270117848E-7	1.15737026835191137E-4
2.91419294299995979E-7	1.13246630458850239E-4
2.91488503304391289E-7	1.10370487264556871E-4
2.91570127653900224E-7	1.07542428110814559E-4
2.91621458969715874E-7	1.06205417039465644E-4
2.91676486019741565E-7	1.05227495465393228E-4
2.91745383803813985E-7	1.04653678636183156E-4
2.91814901137740090E-7	1.04818087683922023E-4
2.91865292270118015E-7	1.05428237570949346E-4
2.91919294299996057E-7	1.06539919521158111E-4
2.91988503304391500E-7	1.08540860649846027E-4
2.92070127653900169E-7	1.11592302185714143E-4
2.92121458969715686E-7	1.13804702854628226E-4
2.92176486019741422E-7	1.16369279256619196E-4
2.92245383803813574E-7	1.19722352082424188E-4
2.92314901137739724E-7	1.23120862759329563E-4
2.92365292270117738E-7	1.25478367767396093E-4
2.92419294299995691E-7	1.27818546275748379E-4
2.92488503304390779E-7	1.30442968676045434E-4
2.92570127653900069E-7	1.32907214566759135E-4
2.92621458969715587E-7	1.33996822638799129E-4
2.92676486019741322E-7	1.34693346537884207E-4
2.92745383803813475E-7	1.34912641699248059E-4
2.92814901137739714E-7	1.34403630187579259E-4
2.92865292270117639E-7	1.33567204378232796E-4
2.92919294299995769E-7	1.32239001998235906E-4
2.92988503304390946E-7	1.30008684188952617E-4
2.93070127653900503E-7	1.26756228833868856E-4
2.93121458969716153E-7	1.24463498077060652E-4
2.93176486019741889E-7	1.21855218113677699E-4
2.93245383803814352E-7	1.18512548320295052E-4
2.93314901137740147E-7	1.15197339622155859E-4
2.93365292270118072E-7	1.12954506891326956E-4
2.93419294299996114E-7	1.10789254292754258E-4
2.93488503304391646E-7	1.08456062461645719E-4
2.93570127653900403E-7	1.06416064627496709E-4
2.93621458969715921E-7	1.05631765506515052E-4
2.93676486019741656E-7	1.05278780010908646E-4
2.93745383803814031E-7	1.05501714859226436E-4
2.93814901137740048E-7	1.06452348920842765E-4
2.93865292270117973E-7	1.07592738649518527E-4
2.93919294299995970E-7	1.09215965028723194E-4
2.93988503304391458E-7	1.11768343852334651E-4
2.94070127653900348E-7	1.15302943592738671E-4
2.94121458969715865E-7	1.17702667272463413E-4
2.94176486019741557E-7	1.20354691466129027E-4
2.94245383803814065E-7	1.23663425705788366E-4
2.94314901137740126E-7	1.26850891334291838E-4
2.94365292270118140E-7	1.28953085447122584E-4
2.94419294299996182E-7	1.30928606032182415E-4
2.94488503304391580E-7	1.32979137813468196E-4
2.94570127653900338E-7	1.34648165589747149E-4
2.94621458969715855E-7	1.35197051301429894E-4
2.94676486019741635E-7	1.35294558461998982E-4
2.94745383803813965E-7	1.34764845781761533E-4
2.94814901137740026E-7	1.33531818983856265E-4
2.94865292270117951E-7	1.32216585095707018E-4
2.94919294299996082E-7	1.30438637233418264E-4
2.94988503304391347E-7	1.27743692810156761E-4
2.95070127653900283E-7	1.24118760716862764E-4
2.95121458969715755E-7	1.21710228507394747E-4
2.95176486019741535E-7	1.19095173254353459E-4
2.95245383803813866E-7	1.15900181341195641E-4
2.95314901137739927E-7	1.12901562510932507E-4
2.95365292270117985E-7	1.10988691343933943E-4
2.95419294299996027E-7	1.09263252338594019E-4
2.95488503304391248E-7	1.07590630004238497E-4
2.95570127653900094E-7	1.06432471120369709E-4
2.95621458969715700E-7	1.06230123536587628E-4
2.95676486019741347E-7	1.06506282354413417E-4
2.95745383803813588E-7	1.07495843668306623E-4
2.95814901137739739E-7	1.09163984496273114E-4
2.95865292270117752E-7	1.10761173217534892E-4
2.95919294299995750E-7	1.12796431171000577E-4
2.95988503304390882E-7	1.15749811478826481E-4
2.96070127653900128E-7	1.19567264072935009E-4
2.96121458969715645E-7	1.22023572110629641E-4
2.96176486019741381E-7	1.24623815532342297E-4
2.96245383803813667E-7	1.27722649623234785E-4
2.96314901137739728E-7	1.30548702271581463E-4
2.96365292270117697E-7	1.32302171903855315E-4
2.96419294299995739E-7	1.33829996972445908E-4
2.96488503304390916E-7	1.35227314364883533E-4
2.96570127653900162E-7	1.36047641735172609E-4
2.96621458969715812E-7	1.36047544205798876E-4
2.96676486019741503E-7	1.35562274763147528E-4
2.96745383803813745E-7	1.34337837288739426E-4
2.96814901137739806E-7	1.32472599529595447E-4
2.96865292270117775E-7	1.30767524428597470E-4
2.96919294299995773E-7	1.28653769112366789E-4
2.96988503304390949E-7	1.25659306383654656E-4
2.97070127653900240E-7	1.21875101850462442E-4
2.97121458969715757E-7	1.19487887944582472E-4
2.97176486019741448E-7	1.17010021589834801E-4
2.97245383803813734E-7	1.14132925634748217E-4
2.97314901137740062E-7	1.11605541313651879E-4
2.97365292270117987E-7	1.10118851042825505E-4
2.97419294299996029E-7	1.08917867554825243E-4
2.97488503304391427E-7	1.07984027870355725E-4
2.97570127653900229E-7	1.07754174758930832E-4
2.97621458969715702E-7	1.08134123764465739E-4
2.97676486019741482E-7	1.09012642724268516E-4
2.97745383803813901E-7	1.10699873594956455E-4
2.97814901137740140E-7	1.12980442687526916E-4
2.97865292270118109E-7	1.14939812134619834E-4
2.97919294299996196E-7	1.17272201876019588E-4
2.97988503304391461E-7	1.20466928294354747E-4
2.98070127653899952E-7	1.24369645061426293E-4
2.98121458969715469E-7	1.26761287574639958E-4
2.98176486019741160E-7	1.29185866674884942E-4
2.98245383803813446E-7	1.31932006380544831E-4
2.98314901137739952E-7	1.34271764414833950E-4
2.98365292270117877E-7	1.35603522568555457E-4
2.98419294299995919E-7	1.36626222299743305E-4
2.98488503304391140E-7	1.37329179300227056E-4
2.98570127653900208E-7	1.37298619094095886E-4
2.98621458969715725E-7	1.36776094125444825E-4
2.98676486019741461E-7	1.35762541452567209E-4
2.98745383803813702E-7	1.33942821591479833E-4
2.98814901137739852E-7	1.31575524171491898E-4
2.98865292270117822E-7	1.29591061522453455E-4
2.98919294299995819E-7	1.27273330700837084E-4
2.98988503304391040E-7	1.24161955069069530E-4
2.99070127653900286E-7	1.20445638728562487E-4
2.99121458969715803E-7	1.18222955283668418E-4
2.99176486019741539E-7	1.16030942715663032E-4
2.99245383803813869E-7	1.13643827644516171E-4
2.99314901137739886E-7	1.11736800982524387E-4
2.99365292270117855E-7	1.10761567047560461E-4
2.99419294299995897E-7	1.10150883281094791E-4
2.99488503304391340E-7	1.10003099612010602E-4
2.99570127653900409E-7	1.10705948318976999E-4
2.99621458969715970E-7	1.11642014888150731E-4
2.99676486019741706E-7	1.13071286930959469E-4
2.99745383803813992E-7	1.15364410447494214E-4
2.99814901137739964E-7	1.18139143576524086E-4
2.99865292270117889E-7	1.20362224720578515E-4
2.99919294299995931E-7	1.22876649449543285E-4
2.99988503304391330E-7	1.26158713503014397E-4
3.00070127653900398E-7	1.29964586831967677E-4
3.00121458969715915E-7	1.32184432603788315E-4
3.00176486019741739E-7	1.34329565532612238E-4
3.00245383803814025E-7	1.36614107090191261E-4
3.00314901137739954E-7	1.38386012272736392E-4
3.00365292270117878E-7	1.39258481221088437E-4
3.00419294299995920E-7	1.39757959464678949E-4
3.00488503304391363E-7	1.39775341090636473E-4
3.00570127653900432E-7	1.38948505943576839E-4
3.00621458969715993E-7	1.37962783204449702E-4
3.00676486019741729E-7	1.36506847116320773E-4
3.00745383803814192E-7	1.34227391883434066E-4
3.00814901137740076E-7	1.31522225666521653E-4
3.00865292270118001E-7	1.29390982518846065E-4
3.00919294299996043E-7	1.27019399916328157E-4
3.00988503304391486E-7	1.23986603193246481E-4
3.01070127653900288E-7	1.20564485423612711E-4
3.01121458969715938E-7	1.18638162892756838E-4
3.01176486019741674E-7	1.16858191477440498E-4
3.01245383803814049E-7	1.15094777309192953E-4
3.01314901137740021E-7	1.13912505462660452E-4
3.01365292270117946E-7	1.13501696540303487E-4
3.01419294299996077E-7	1.13514676915321755E-4
3.01488503304391386E-7	1.14161755747345905E-4
3.01570127653900322E-7	1.15761043450198575E-4
3.01621458969715883E-7	1.17204827214395779E-4
3.01676486019741619E-7	1.19110932121325042E-4
3.01745383803813949E-7	1.21892174009288334E-4
3.01814901137740010E-7	1.25021546389711968E-4
3.01865292270117935E-7	1.27400709572277915E-4
3.01919294299995933E-7	1.29980481649749868E-4
3.01988503304391420E-7	1.33204857208763539E-4
3.02070127653900355E-7	1.36756122313133366E-4
3.02121458969715873E-7	1.38719262125947917E-4
3.02176486019741652E-7	1.40508779165531950E-4
3.02245383803813938E-7	1.42258721426738588E-4
3.02314901137740000E-7	1.43417191399983945E-4
3.02365292270117969E-7	1.43818684447064116E-4
3.02419294299995967E-7	1.43805816446655887E-4
3.02488503304391365E-7	1.43185135815511178E-4
3.02570127653900345E-7	1.41663474405497469E-4
3.02621458969715906E-7	1.40303441698535236E-4
3.02676486019741642E-7	1.38521636083309341E-4
3.02745383803813972E-7	1.35950896268547816E-4
3.02814901137739900E-7	1.33096124340982414E-4
3.02865292270117870E-7	1.30961149067030203E-4
3.02919294299995867E-7	1.28691373013072718E-4
3.02988503304391132E-7	1.25933612360576008E-4
3.03070127653900201E-7	1.23025701025515466E-4
3.03121458969715807E-7	1.21520524518345763E-4
3.03176486019741454E-7	1.20269699717036294E-4
3.03245383803813828E-7	1.19249489643891859E-4
3.03314901137739934E-7	1.18877151298833916E-4
3.03365292270117992E-7	1.19066189133792610E-4
3.03419294299996034E-7	1.19714876559128580E-4
3.03488503304391299E-7	1.21138072910721561E-4
3.03570127653900235E-7	1.23568442432209191E-4
3.03621458969715752E-7	1.25458041842189916E-4
3.03676486019741576E-7	1.27759143711895562E-4
3.03745383803813818E-7	1.30910941929338276E-4
3.03814901137739923E-7	1.34265537470500984E-4
3.03865292270117893E-7	1.36704574068821749E-4
3.03919294299995890E-7	1.39247362631238936E-4
3.03988503304391244E-7	1.42290856745426963E-4
3.04070127653900402E-7	1.45461003010348877E-4
3.04121458969716052E-7	1.47105153930888033E-4
3.04176486019741787E-7	1.48491919422687269E-4
3.04245383803814162E-7	1.49679045636295616E-4
3.04314901137739957E-7	1.50232181457390679E-4
3.04365292270117926E-7	1.50193164193450746E-4
3.04419294299995968E-7	1.49723770199138051E-4
3.04488503304391500E-7	1.48566741261129387E-4
3.04570127653900391E-7	1.46508698101607493E-4
3.04621458969716041E-7	1.44892468751486003E-4
3.04676486019741688E-7	1.42925802473350183E-4
3.04745383803814107E-7	1.40256059630883723E-4
3.04814901137739991E-7	1.37458311882725770E-4
3.04865292270118093E-7	1.35472126243736213E-4
3.04919294299996091E-7	1.33464568840895481E-4
3.04988503304391667E-7	1.31175330754236397E-4
3.05070127653900558E-7	1.28985532421295290E-4
3.05121458969716119E-7	1.28008221220211293E-4
3.05176486019741766E-7	1.27376795899351958E-4
3.05245383803814319E-7	1.27179191204116160E-4
3.05314901137740291E-7	1.27659307601687089E-4
3.05365292270118349E-7	1.28454646760473379E-4
3.05419294299996391E-7	1.29723359104705294E-4
3.05488503304391879E-7	1.31873319035512471E-4
3.05570127653899881E-7	1.35040789641407533E-4
3.05621458969715398E-7	1.37301474961719605E-4
3.05676486019741134E-7	1.39905652609448072E-4
3.05745383803813464E-7	1.43302822444341826E-4
3.05814901137740147E-7	1.46753643918394494E-4
3.05865292270118116E-7	1.49164179653522022E-4
3.05919294299996158E-7	1.51584404722856547E-4
3.05988503304391379E-7	1.54355042068285497E-4
3.06070127653899737E-7	1.57064941012435888E-4
3.06121458969715210E-7	1.58361538392507306E-4
3.06176486019740857E-7	1.59335390579782188E-4
3.06245383803813054E-7	1.59975267806392774E-4
3.06314901137739737E-7	1.59971668036869819E-4
3.06365292270117795E-7	1.59550312296432706E-4
3.06419294299995837E-7	1.58710046098666746E-4
3.06488503304390836E-7	1.57156495519116279E-4
3.06570127653900038E-7	1.54764223348276930E-4
3.06621458969715466E-7	1.53035991017223205E-4
3.06676486019741246E-7	1.51049945277272557E-4
3.06745383803813354E-7	1.48495421733116117E-4
3.06814901137739726E-7	1.45970995587579622E-4
3.06865292270117695E-7	1.44284450125077734E-4
3.06919294299995737E-7	1.42691424686863133E-4
3.06988503304390914E-7	1.41048094354368803E-4
3.07070127653900204E-7	1.39755991893652354E-4
3.07121458969715810E-7	1.39397972508562740E-4
3.07176486019741457E-7	1.39462099442273746E-4
3.07245383803813699E-7	1.40151032131845965E-4
3.07314901137739849E-7	1.41511605549638708E-4
3.07365292270117818E-7	1.42909615137507662E-4
3.07419294299995860E-7	1.44772826203124927E-4
3.07488503304391037E-7	1.47591138145457856E-4
3.07570127653900061E-7	1.51398118987027441E-4
3.07621458969715666E-7	1.53958704423766912E-4
3.07676486019741224E-7	1.56784954774548702E-4
3.07745383803813510E-7	1.60325990427844189E-4
3.07814901137739927E-7	1.63776939412962275E-4
3.07865292270117852E-7	1.66098043680448559E-4
3.07919294299995894E-7	1.68341731219128166E-4
3.07988503304391026E-7	1.70791352206665126E-4
3.08070127653900094E-7	1.73018248819665077E-4
3.08121458969715611E-7	1.73976070779194969E-4
3.08176486019741347E-7	1.74569784565523456E-4
3.08245383803813544E-7	1.74736246279269780E-4
3.08314901137739827E-7	1.74286251742535558E-4
3.08365292270117886E-7	1.73584356647775850E-4
3.08419294299995883E-7	1.72501405783083039E-4
3.08488503304391104E-7	1.70738024309257241E-4
3.08570127653900306E-7	1.68257677297964925E-4
3.08621458969715823E-7	1.66581805780635461E-4
3.08676486019741514E-7	1.64757270337711770E-4
3.08745383803813933E-7	1.62546238562591361E-4
3.08814901137740128E-7	1.60521710203174073E-4
3.08865292270118053E-7	1.59290427809336554E-4
3.08919294299996228E-7	1.58264850959267456E-4
3.08988503304391537E-7	1.57437931964307420E-4
3.09070127653900295E-7	1.57204406363450566E-4
3.09121458969715768E-7	1.57538946910655508E-4
3.09176486019741503E-7	1.58350104629409327E-4
3.09245383803813878E-7	1.59955882706292463E-4
3.09314901137739895E-7	1.62193513478287277E-4
3.09365292270117820E-7	1.64172999473027081E-4
3.09419294299995817E-7	1.66592614797362026E-4
3.09488503304391127E-7	1.70013375786687337E-4
3.09570127653900284E-7	1.74365146827136730E-4
3.09621458969715935E-7	1.77162495528614672E-4
3.09676486019741626E-7	1.80142066993478478E-4
3.09745383803814045E-7	1.83744893866613124E-4
3.09814901137740017E-7	1.87125300249842796E-4
3.09865292270118076E-7	1.89319558725752968E-4
3.09919294299996118E-7	1.91363652845012333E-4
3.09988503304391427E-7	1.93489807629909016E-4
3.10070127653900363E-7	1.95270855487920514E-4
3.10121458969715880E-7	1.95938323506841683E-4
3.10176486019741571E-7	1.96226700933089471E-4
3.10245383803813990E-7	1.96042221411101969E-4
3.10314901137739918E-7	1.95300170292877051E-4
3.10365292270117843E-7	1.94448642606552324E-4
3.10419294299995929E-7	1.93280538403381597E-4
3.10488503304391150E-7	1.91528248800034762E-4
3.10570127653900130E-7	1.89240362977130472E-4
3.10621458969715736E-7	1.87798804261866925E-4
3.10676486019741471E-7	1.86330261513780115E-4
3.10745383803813668E-7	1.84698059964996530E-4
3.10814901137739863E-7	1.83394974695190727E-4
3.10865292270117788E-7	1.82764133385327798E-4
3.10919294299995874E-7	1.82444375371255285E-4
3.10988503304391051E-7	1.82584471121069836E-4
3.11070127653899897E-7	1.83547900772459305E-4
3.11121458969715459E-7	1.84637836244810649E-4
3.11176486019741105E-7	1.86241292044349360E-4
3.11245383803813258E-7	1.88791296203538250E-4
3.11314901137739763E-7	1.91903006191964520E-4
3.11365292270117733E-7	1.94444720081767497E-4
3.11419294299995775E-7	1.97386943595693642E-4
3.11488503304390774E-7	2.01354992374748054E-4
3.11570127653900109E-7	2.06178528612848844E-4
3.11621458969715670E-7	2.09170039794831908E-4
3.11676486019741272E-7	2.12264324771916879E-4
3.11745383803813425E-7	2.15894744922365112E-4
3.11814901137739664E-7	2.19190068650263425E-4
3.11865292270117722E-7	2.21262794513297312E-4
3.11919294299995897E-7	2.23130216890748789E-4
3.11988503304390896E-7	2.24989187248581812E-4
3.12070127653899965E-7	2.26430054946198478E-4
3.12121458969715437E-7	2.26897452870800054E-4
3.12176486019741128E-7	2.27000511758700529E-4
3.12245383803813326E-7	2.26645567494082911E-4
3.12314901137739742E-7	2.25824100223749635E-4
3.12365292270117845E-7	2.24993434650797619E-4
3.12419294299995798E-7	2.23934955184202034E-4
3.12488503304390930E-7	2.22454196810416605E-4
3.12570127653900087E-7	2.20674079492209296E-4
3.12621458969715782E-7	2.19662966889036015E-4
3.12676486019741429E-7	2.18754126272350735E-4
3.12745383803813670E-7	2.17942776144929917E-4
3.12814901137739687E-7	2.17585751725695298E-4
3.12865292270117745E-7	2.17700396723634970E-4
3.12919294299995832E-7	2.18221154105112403E-4
3.12988503304390964E-7	2.19469086777105638E-4
3.13070127653900165E-7	2.21750603609177332E-4
3.13121458969715727E-7	2.23645521907789835E-4
3.13176486019741462E-7	2.26071268976816109E-4
3.13245383803813615E-7	2.29576519136137680E-4
3.13314901137739810E-7	2.33550291366927532E-4
3.13365292270117735E-7	2.36635459463306264E-4
3.13419294299995776E-7	2.40073538726246927E-4
3.13488503304390953E-7	2.44550504765201104E-4
3.13570127653900155E-7	2.49801693089234522E-4
3.13621458969715849E-7	2.52966563606053718E-4
3.13676486019741407E-7	2.56161955236570904E-4
3.13745383803813649E-7	2.59819198376492988E-4
3.13814901137739710E-7	2.63052719908743171E-4
3.13865292270117635E-7	2.65040794431884619E-4
3.13919294299995544E-7	2.66793007753620248E-4
3.13988503304390720E-7	2.68494950230834828E-4
3.14070127653900144E-7	2.69768321692254842E-4
3.14121458969715661E-7	2.70168103593349773E-4
3.14176486019741530E-7	2.70248109654394542E-4
3.14245383803813727E-7	2.69948836193912811E-4
3.14314901137739744E-7	2.69298081190867311E-4
3.14365292270117669E-7	2.68680975010086787E-4
3.14419294299995711E-7	2.67946928903022386E-4
3.14488503304390932E-7	2.67018420447230787E-4
3.14570127653900400E-7	2.66077516024941030E-4
3.14621458969716006E-7	2.65699023753009111E-4
3.14676486019741741E-7	2.65555567604841558E-4
3.14745383803814116E-7	2.65801465658496472E-4
3.14814901137739911E-7	2.66600260171868886E-4
3.14865292270117969E-7	2.67590399656145195E-4
3.14919294299995922E-7	2.69069229033051993E-4
3.14988503304391187E-7	2.71545532946027990E-4
3.15070127653900300E-7	2.75247064583694234E-4
3.15121458969715906E-7	2.77990310807577679E-4
3.15176486019741553E-7	2.81268180136277968E-4
3.15245383803813839E-7	2.85746271739857560E-4
3.15314901137739856E-7	2.90582268809875899E-4
3.15365292270117781E-7	2.94204093514110898E-4
3.15419294299995734E-7	2.98127913453954907E-4
3.15488503304391044E-7	3.03103496501663372E-4
3.15570127653900245E-7	3.08781151095541784E-4
3.15621458969715896E-7	3.12131850780671138E-4
3.15676486019741631E-7	3.15457429997898053E-4
3.15745383803813828E-7	3.19201744984710079E-4
3.15814901137739801E-7	3.22462567677137901E-4
3.15865292270117726E-7	3.24450196691634574E-4
3.15919294299995812E-7	3.26197388007034661E-4
3.15988503304390989E-7	3.27911938926277946E-4
3.16070127653900146E-7	3.29256459529971002E-4
3.16121458969715663E-7	3.29759835169421311E-4
3.16176486019741398E-7	3.30019506004862162E-4
3.16245383803813596E-7	3.30051969909957998E-4
3.16314901137739835E-7	3.29869491637691237E-4
3.16365292270117937E-7	3.29688425933427620E-4
3.16419294299995935E-7	3.29518749049906212E-4
3.16488503304391244E-7	3.29445602637893131E-4
3.16570127653900268E-7	3.29688380534974579E-4
3.16621458969715786E-7	3.30145176300801779E-4
3.16676486019741521E-7	3.30968440293933064E-4
3.16745383803813763E-7	3.32500166093111549E-4
3.16814901137739913E-7	3.34656421371412893E-4
3.16865292270117882E-7	3.36646633313184340E-4
3.16919294299995968E-7	3.39194712141736687E-4
3.16988503304391234E-7	3.43011137875502126E-4
3.17070127653900125E-7	3.48224363741723675E-4
3.17121458969715730E-7	3.51853276491217404E-4
3.17176486019741466E-7	3.56007787878535265E-4
3.17245383803813619E-7	3.61474713008123327E-4
3.17314901137739680E-7	3.67180294991662048E-4
3.17365292270117605E-7	3.71343981505070531E-4
3.17419294299995647E-7	3.75761994652740139E-4
3.17488503304390868E-7	3.81255937815631007E-4
3.17570127653900336E-7	3.87401141378238290E-4
3.17621458969715986E-7	3.90978571044402123E-4
3.17676486019741766E-7	3.94494058447742146E-4
3.17745383803814008E-7	3.98424612316248350E-4
3.17814901137739803E-7	4.01843256816153716E-4
3.17865292270117727E-7	4.03947104448253480E-4
3.17919294299995769E-7	4.05836578358432298E-4
3.17988503304391124E-7	4.07781742313784079E-4
3.18070127653900414E-7	4.09491283358710856E-4
3.18121458969716020E-7	4.10300995993457285E-4
3.18176486019741755E-7	4.10970934895541706E-4
3.18245383803814130E-7	4.11636019864396552E-4
3.18314901137739881E-7	4.12233858924693131E-4
3.18365292270117806E-7	4.12716237842075806E-4
3.18419294299995848E-7	4.13352227403659622E-4
3.18488503304391157E-7	4.14434379279922371E-4
3.18570127653900181E-7	4.16195116137866528E-4
3.18621458969715743E-7	4.17680613382904298E-4
3.18676486019741390E-7	4.19658969971924733E-4
3.18745383803813542E-7	4.22683252134982457E-4
3.18814901137739737E-7	4.26371009915393362E-4
3.18865292270117662E-7	4.29464538184056899E-4
3.18919294299995748E-7	4.33171916259687251E-4
3.18988503304390880E-7	4.38418226671607947E-4
3.19070127653900304E-7	4.45217930612898449E-4
3.19121458969715777E-7	4.49766860400309554E-4
3.19176486019741468E-7	4.54826691529709848E-4
3.19245383803813709E-7	4.61310968181539671E-4
3.19314901137739771E-7	4.67911815971586087E-4
3.19365292270117784E-7	4.72638812206971259E-4
3.19419294299995782E-7	4.77580475050743392E-4
3.19488503304391003E-7	4.83645278072112372E-4
3.19570127653900382E-7	4.90345582624059695E-4
3.19621458969716077E-7	4.94224570671789731E-4
3.19676486019741724E-7	4.98031134444034240E-4
3.19745383803814187E-7	5.02303330812227955E-4
3.19814901137740204E-7	5.06067633322043875E-4
3.19865292270118129E-7	5.08443225947730060E-4
3.19919294299996171E-7	5.10659810438778816E-4
3.19988503304391525E-7	5.13095923406515109E-4
3.20070127653900238E-7	5.15506395513685067E-4
3.20121458969715800E-7	5.16847009010565372E-4
3.20176486019741446E-7	5.18178535310084154E-4
3.20245383803813732E-7	5.19800363040751723E-4
3.20314901137739927E-7	5.21509259312501339E-4
3.20365292270117852E-7	5.22890910035207046E-4
3.20419294299996071E-7	5.24576359551723215E-4
3.20488503304391159E-7	5.27108426818942100E-4
3.20570127653900183E-7	5.30704459664813122E-4
3.20621458969715700E-7	5.33396000570580497E-4
3.20676486019741480E-7	5.36698231613830856E-4
3.20745383803813677E-7	5.41398316012214131E-4
3.20814901137739561E-7	5.46771308158407887E-4
3.20865292270117619E-7	5.51059388549600815E-4
3.20919294299995617E-7	5.56004831879227890E-4
3.20988503304390704E-7	5.62758562872804013E-4
3.21070127653900306E-7	5.71208683831075792E-4
3.21121458969716000E-7	5.76707047830628028E-4
3.21176486019741647E-7	5.82697628287645664E-4
3.21245383803814022E-7	5.90229493783552162E-4
3.21314901137740039E-7	5.97761604399405932E-4
3.21365292270118008E-7	6.03086499813947086E-4
3.21419294299996094E-7	6.08599385631365042E-4
3.21488503304391537E-7	6.15314362912044910E-4
3.21570127653900251E-7	6.22691771124875615E-4
3.21621458969715857E-7	6.26967941883107294E-4
3.21676486019741592E-7	6.31186908612743025E-4
3.21745383803813967E-7	6.35979171381499775E-4
3.21814901137739984E-7	6.40299542891067652E-4
3.21865292270118086E-7	6.43119344458546038E-4
3.21919294299995951E-7	6.45866186277239862E-4
3.21988503304391305E-7	6.49074935259090324E-4
3.22070127653900373E-7	6.52542049779656885E-4
3.22121458969715846E-7	6.54645316924264797E-4
3.22176486019741670E-7	6.56889772848035047E-4
3.22245383803813956E-7	6.59781128643286152E-4
3.22314901137739973E-7	6.62909382793869373E-4
3.22365292270117898E-7	6.65404795352528300E-4
3.22419294299995940E-7	6.68357789248689116E-4
3.22488503304391294E-7	6.72598512160106310E-4
3.22570127653900318E-7	6.78301736547965994E-4
3.22621458969715835E-7	6.82347596027446279E-4
3.22676486019741482E-7	6.87110281596611916E-4
3.22745383803813901E-7	6.93626233300458139E-4
3.22814901137740051E-7	7.00792535246841286E-4
3.22865292270117976E-7	7.06334220735176910E-4
3.22919294299996018E-7	7.12565407799483630E-4
3.22988503304391461E-7	7.20871000608138957E-4
3.23070127653900396E-7	7.31007087023308522E-4
3.23121458969715958E-7	7.37474200840114502E-4
3.23176486019741560E-7	7.44417070365253686E-4
3.23245383803814068E-7	7.53028095612630466E-4
3.23314901137740218E-7	7.61533048053255524E-4
3.23365292270118143E-7	7.67496565052157642E-4
3.23419294299996185E-7	7.73637624552710790E-4
3.23488503304391539E-7	7.81098232482536048E-4
3.23570127653899986E-7	7.89298833292914992E-4
3.23621458969715370E-7	7.94085632698060628E-4
3.23676486019741105E-7	7.98860066295503124E-4
3.23745383803813347E-7	8.04378602599293657E-4
3.23814901137739941E-7	8.09490035688645371E-4
3.23865292270117866E-7	8.12939533814887305E-4
3.23919294299995819E-7	8.16428148403248244E-4
3.23988503304391084E-7	8.20694646315887155E-4
3.24070127653900197E-7	8.25568690016583773E-4
3.24121458969715848E-7	8.28658000255191496E-4
3.24176486019741583E-7	8.32054872520976119E-4
3.24245383803813736E-7	8.36510531032015692E-4
3.24314901137739842E-7	8.41343044643303983E-4
3.24365292270117855E-7	8.45144735654752388E-4
3.24419294299995808E-7	8.49554002619115067E-4
3.24488503304391074E-7	8.55717661937437946E-4
3.24570127653900098E-7	8.63739954985201486E-4
3.24621458969715615E-7	8.69247837645046317E-4
3.24676486019741306E-7	8.75564510030498688E-4
3.24745383803813592E-7	8.83987009114811606E-4
3.24814901137739920E-7	8.93011625431573819E-4
3.24865292270117845E-7	8.99839369992492344E-4
3.24919294299995931E-7	9.07378605301838270E-4
3.24988503304391152E-7	9.17251849259738172E-4
3.25000000000000000E-7	9.18911749766657948E-4


